ticket_id,created_at,first_response_at,resolved_at,status,channel,customer_id,order_id,product_sku,category,priority,assigned_team,agent_id,transfers,csat_score,refund_amount_inr,refund_reason_code,replacement_issued,customer_message,agent_notes,source_system,_src_priority,refund_inr_normalized,name,team,tier,sku,unit_cost_inr,refund_flag,dual_fulfilment_flag,replacement_cost_inr,dual_fulfilment_exposure_inr,text_audit_reason,reason_mismatch_flag,month
TK-240003,2025-01-01 19:04:00,2025-01-01 21:26,2025-01-04 02:53,resolved,email,C102158,VR886967,VA-HP-ST2,Warranty & Repair,High,Escalations & Warranty,A3040,0,4.0,900.0,GW-OTHER,N,"Dear Sir/Madam,

I am writing with reference to my order of Strata 2 (VR886967) placed on October 21. What is the status of my warranty claim. I HAVE CALLED SERVICE CENTRE. I request you to look into this matter at the earliest.

Regards,
Aishwarya Bhatia
Bengaluru",cx ok,helpdesk,0,900.0,Thomas Jadhav,Escalations & Warranty,2,VA-HP-ST2,2100,True,False,0,0.0,WTY-BUYBACK,True,2025-01
TK-240015,2025-01-02 12:35:00,2025-01-02 13:33,2025-01-04 13:49,resolved,email,C104773,VR895522,VA-EB-AIR,Returns & Refunds,Low,Returns Desk,A3037,0,3.0,170900.0,GW-OTHER,N,"dear sir/madam,
bought airlite around 20 dec from vireo.in.  where is the money for the return.
please resolve asap",issue: rfnd not credited | chk reverse pkp qc status -> full rfnd processed (1709) ~Manish,legacy_fd,1,1709.0,Manish Iyer,Returns Desk,1,VA-EB-AIR,760,True,False,0,0.0,RETURN-QC-OK,True,2025-01
TK-240023,2025-01-02 21:37:00,2025-01-02 23:39,2025-01-04 02:47,resolved,voice,C106269,VR892299,VA-EB-AIR,Warranty & Repair,Low,Escalations & Warranty,A3039,0,,28800.0,GW-OTHER,N,[IVR transcript] I am losing patience. Bought airlite earbuds around 29 Nov from vireo.in. what is the status of my warranty claim. I already emailed twice. This is the last time I buy from you.,re: warranty claim status | checked rma status -> refunded rs 288 ~Reyansh,legacy_fd,1,288.0,Reyansh Mishra,Escalations & Warranty,2,VA-EB-AIR,760,True,False,0,0.0,WTY-BUYBACK,True,2025-01
TK-240026,2025-01-03 10:39:00,2025-01-03 10:47,2025-01-03 10:58,closed,chat,C103080,VR904622,VA-SW-NX1,Billing & Payments,High,Billing,A3032,0,,399900.0,GW-OTHER,N,"i bought the nexa smartwatch on december 21. ordered the wrong colour, don't ship it.
i tried cancel button, greyed out.
waiting for your reply.","1. cancellation request
2. cancelled before dispatch
3. rfnd of rs 3999 initiated to source ~Sneha",legacy_fd,1,3999.0,Sneha Bansal,Billing,1,VA-SW-NX1,1900,True,False,0,0.0,CANCEL,True,2025-01
TK-240046,2025-01-04 12:58:00,2025-01-04 21:27,2025-01-04 21:48,resolved,email,C106933,,VA-EB-PL1,Charging & Battery,Low,Email Frontline,A3018,0,3.0,20000.0,GW-OTHER,N,"I am losing patience.  Got the Pulse buds from Amazon last month. the charging case is not charging. I already charged for 6 hours nothing. I want a replacement or refund, nothing else.",re: case no led / no charge | checked for lint in port -> full refund processed (200) ~Krishna,legacy_fd,1,200.0,Krishna Bhatt,Email Frontline,1,VA-EB-PL1,1120,True,False,0,0.0,DOA-REPL,True,2025-01
TK-240050,2025-01-04 23:36:00,2025-01-04 23:59,2025-01-06 00:23,resolved,chat,C102579,VR890106,VA-EB-AIR,Returns & Refunds,Normal,Returns Desk,A3031,1,3.0,179900.0,DOA-REPL,Y,"product: airlite earbuds
order: vr890106
purchased: december 27
issue: still waiting for my refund
tried: checked bank
expected: callback",issue: refund pending | checked reverse pickup qc status -> arn shared with cx | xfer logistics. | Full refund issued and replacement dispatched as goodwill.,legacy_fd,1,1799.0,Zaid Desai,Logistics,1,VA-EB-AIR,760,True,True,1100,2899.0,RETURN-QC-OK,True,2025-01
TK-240089,2025-01-08 00:44:00,2025-01-08 00:47,2025-01-08 01:04,resolved,chat,C103912,VR881495,VA-EB-PL1,Delivery & Shipping,Normal,Logistics,A3029,0,5.0,249900.0,GW-OTHER,N,"This is very disappointing. I bought my Pulse on 30 Dec. my son ordered this without asking, please reverse. I already tried cancel button, greyed out. Refund. Now.","cancelled, refund initiated. issue: cancellation request. checked shipment status. -RM",legacy_fd,1,2499.0,Rajat Mukherjee,Logistics,1,VA-EB-PL1,1120,True,False,0,0.0,CANCEL,True,2025-01
TK-240117,2025-01-09 17:53:00,2025-01-09 20:41,2025-01-12 20:55,resolved,voice,C108964,,VA-HP-ST3,Returns & Refunds,Normal,Returns Desk,A3036,0,3.0,140000.0,GW-OTHER,N,I have been a loyal customer and this is how you treat me.  Bought my Strata 3 headphones around 31-12-2024 from vireo.in. still waiting for my refund. I already emailed twice. Fix this or I am posting on twitter.,Ticet raised for rfnd delay. Checked reverse pkp QC status. Full rfnd processed (1400). Case closed with cx consent.,legacy_fd,1,1400.0,Ritika D'Souza,Returns Desk,1,VA-HP-ST3,2650,True,False,0,0.0,RETURN-QC-OK,True,2025-01
TK-240120,2025-01-09 18:33:00,2025-01-09 19:06,2025-01-10 19:21,resolved,social,C101770,,VA-HP-ST3,Returns & Refunds,Normal,Returns Desk,A3036,0,,1329800.0,GW-OTHER,N,"Hi team, Ordered the strata 3 10 days ago. Refund not received yet. I checked bank. Please advise. Regards,",Customer sattes rfnd delay. chk reverse pkp QC status. rfnd of Rs 13298 initiated to source. Closing. (SOP 3.1),legacy_fd,1,13298.0,Ritika D'Souza,Returns Desk,1,VA-HP-ST3,2650,True,False,0,0.0,RETURN-QC-OK,True,2025-01
TK-240138,2025-01-11 01:01:00,2025-01-11 01:01,2025-01-11 01:17,closed,chat,C102761,,VA-EB-PL1,Delivery & Shipping,Normal,Logistics,A3031,0,4.0,199900.0,GW-OTHER,N,"change of mind, please stop the shipment",Refunded Rs 1999. Issue: cancel order. Cancelled before dispatch.,legacy_fd,1,1999.0,Zaid Desai,Logistics,1,VA-EB-PL1,1120,True,False,0,0.0,CANCEL,True,2025-01
TK-240146,2025-01-11 21:18:00,2025-01-11 23:44,2025-01-14 00:09,resolved,email,C107653,VR880913,VA-HP-ST3,Returns & Refunds,Normal,Returns Desk,A3037,0,4.0,699900.0,GW-OTHER,N,"hi there, i bought strata 3 on 04/01.  still waiting for my refund. i checked bank. kindly look into it.",rfnd of rs 6999 initiated to source. issue: rfnd delay. checked rfnd status on pg.,legacy_fd,1,6999.0,Manish Iyer,Returns Desk,1,VA-HP-ST3,2650,True,False,0,0.0,RETURN-QC-OK,True,2025-01
TK-240258,2025-01-20 07:22:00,2025-01-20 07:38,2025-01-20 08:12,resolved,chat,C101969,,VA-HP-ST2,Audio Quality,Normal,Chat Frontline,A3006,0,,424900.0,DOA-REPL,Y,"Got my Strata 2 headphones from Amazon 10 days ago. Right earbud completely silent. I tried different phone. Nothing changed. Kindly look into it. Awaiting response,",replacement raised. issue: right side silent. walked through reset. -- both refund and replacement given as cx threatened social media. -VB,legacy_fd,1,4249.0,Varun Bhatt,Chat Frontline,1,VA-HP-ST2,2100,True,True,2440,6689.0,REVIEW,False,2025-01
TK-240263,2025-01-21 04:06:00,2025-01-21 04:15,2025-01-22 04:32,resolved,chat,C105736,,VA-AC-CBL,Delivery & Shipping,Normal,Logistics,A3029,0,,71800.0,GW-OTHER,N,"Very poor quality.  BOUGHT THE CABLE AROUND 02/08 FROM AMAZON. package not delivered even after 16 days. I already called the courier. I want a replacement or refund, nothing else.",refund initiated as lost in transit. issue: order not delivered. confirmed address with cx. -- full refund issued and replacement dispatched as goodwill. -RM,legacy_fd,1,718.0,Rajat Mukherjee,Logistics,1,VA-AC-CBL,90,True,False,0,0.0,LOST-TRANSIT,True,2025-01
TK-240272,2025-01-21 21:44:00,2025-01-22 03:02,2025-01-24 03:22,resolved,email,C100543,VR907895,VA-SW-FIT,Returns & Refunds,Normal,Returns Desk,A3037,0,5.0,20000.0,RETURN-QC-OK,N,"I am losing patience. Bought Nexa Fit around 27-12-2024 from vireo.in. refund not received yet. I already checked bank. I want a replacement or refund, nothing else.",refund of rs 200 initiated to source. issue: refund pending. chk refund status on pg.,legacy_fd,1,200.0,Manish Iyer,Returns Desk,1,VA-SW-FIT,850,True,False,0,0.0,LOST-TRANSIT,True,2025-01
TK-240307,2025-01-25 11:19:00,2025-01-25 12:05,2025-01-25 12:13,resolved,voice,C104340,,VA-HP-ST2,Other,Normal,Voice Frontline,A3023,0,,899800.0,GW-OTHER,N,"[IVR transcript] I bought Strata 2 on 12 Jan. Want to cancel my order. I tried caancel button, greyed out. Neeed this sored tihs week. Regards, Payal Pereira",rfnd approved -RG,legacy_fd,1,8998.0,Ritika Gaikwad,Voice Frontline,1,VA-HP-ST2,2100,True,False,0,0.0,CANCEL,True,2025-01
TK-240320,2025-01-26 18:44:00,2025-01-26 22:37,2025-01-26 23:16,resolved,email,C103944,VR881385,VA-EB-AIR,Audio Quality,Normal,Email Frontline,A3002,0,3.0,179900.0,GW-OTHER,N,"hey
there is a frying sound in the background of every song
the airlite buds
help","issue: crackling/distortion | checked fw -> advised eq reset, resolved. -- refund + rplc, cx escalation avoided. [closed]",legacy_fd,1,1799.0,Steven Ansari,Chat Frontline,1,VA-EB-AIR,760,True,False,0,0.0,DOA-REPL,True,2025-01
TK-240328,2025-01-27 15:54:00,2025-01-27 16:34,2025-01-28 16:55,resolved,email,C104018,VR904257,VA-SW-FIT,Returns & Refunds,Normal,Returns Desk,A3022,2,,1599.0,GW-OTHER,N,"Hi Vireo support, Got the fit band frmo Amazon 3 weeks back. Where is the money for the return. Please resolve asap.","1. rfnd delay
2. Checked reverse pickup QC status
3. xfer to Email Frontline
4. rfnd approved, Rs 1599, 5-7 working days. Replacement was offered earlier by chat team, cx opted for rfnd.",helpdesk,0,1599.0,Daniel Arora,Email Frontline,1,VA-SW-FIT,850,True,False,0,0.0,RETURN-QC-OK,True,2025-01
TK-240338,2025-01-28 14:50:00,2025-01-28 23:51,2025-01-29 00:06,closed,email,C105498,VR897379,VA-AC-CBL,Returns & Refunds,Normal,Returns Desk,A3037,0,,17000.0,GW-OTHER,N,YOU PICKED UP THE ITEM 14 DAYS AGO AND MY MONEY HASN'T COME BACK. VR897379,refunded rs 170. issue: refund not credited. checked refund status on pg. ~Manish,legacy_fd,1,170.0,Manish Iyer,Returns Desk,1,VA-AC-CBL,90,True,False,0,0.0,RETURN-QC-OK,True,2025-01
TK-240354,2025-01-29 12:31:00,2025-01-29 12:49,2025-01-29 13:03,resolved,email,C103656,VR896770,VA-EB-PL1,Other,Normal,Email Frontline,A3019,0,4.0,4248.0,GW-OTHER,N,bought the pulse buds around 22-01-2025 from amazon. want to cancel my order. please help. regards aarav khanna,cx: cancel ord | chk shipment satus -> refunded rs 4248,helpdesk,0,4248.0,Kavya Agarwal,Email Frontline,1,VA-EB-PL1,1120,True,False,0,0.0,CANCEL,True,2025-01
TK-240381,2025-01-31 18:10:00,2025-01-31 18:17,2025-01-31 18:26,resolved,chat,C106563,VR906319,VA-EB-PL1,Billing & Payments,High,Billing,A3035,0,5.0,237400.0,GW-OTHER,N,"team,
pls cancel, ordered by mistake
urgent","cx reached out - cancellation request. Cancelled before dispatch. Already shipped, advised RTO/return. Cx satisfied on chat.",legacy_fd,1,2374.0,Dev Kulkarni,Billing,1,VA-EB-PL1,1120,True,False,0,0.0,CANCEL,True,2025-01
TK-240416,2025-02-03 10:40:00,2025-02-03 11:13,2025-02-03 11:27,resolved,voice,C102107,VR894073,VA-HP-ST3,Billing & Payments,High,Billing,A3034,0,,266000.0,GW-OTHER,N,[IVR transcript] very poor quality. bought strata 3 around 26/01 from vireo.in. refund not received yet. i already cheecked bank. escalate thsi to someone senior.,see prev (sop 3.1),legacy_fd,1,2660.0,Tanvi Rathore,Billing,1,VA-HP-ST3,2650,True,False,0,0.0,LOST-TRANSIT,True,2025-02
TK-240429,2025-02-04 12:28:00,2025-02-04 12:28,2025-02-04 12:44,resolved,chat,C102027,VR884192,VA-EB-PL1,Delivery & Shipping,Normal,Logistics,A3029,0,,2124.0,GW-OTHER,Y,"Product: pulse 1
Order: VR884192
Purchased: January 21
Issue: there's a dent on the case straight out of the box
Tried: refused nothing as I didn't notice till later
Expected: refund","refund initiated. issue: damaged in transit. photos received, damage confirmed. | full refund issued and replacement dispatched as goodwill. -RM",helpdesk,0,2124.0,Rajat Mukherjee,Logistics,1,VA-EB-PL1,1120,True,True,1460,3584.0,DOA-REPL,True,2025-02
TK-240444,2025-02-05 09:15:00,2025-02-05 15:52,2025-02-05 16:25,resolved,email,C108886,,VA-SP-ORB,Connectivity,Normal,Email Frontline,A3018,0,,599900.0,WTY-BUYBACK,Y,it goes silent for a second every few minutes and comes back. please advise,issue: intermittent disconnects | checked interference sources -> replacement raised. -- Reversed the payment and dispatched a new one under RMA. ~Krishna,legacy_fd,1,5999.0,Krishna Bhatt,Email Frontline,1,VA-SP-ORB,2300,True,True,2640,8639.0,WTY-BUYBACK,False,2025-02
TK-240479,2025-02-07 21:12:00,2025-02-07 21:14,2025-02-08 21:28,resolved,chat,C103873,,VA-EB-PL2,Delivery & Shipping,High,Logistics,A3030,0,,33200.0,GW-OTHER,N,"hello ji
the parcel looked like it was kiccked here from the warehouse, and the unit has a crack
itna paisa diya hai",Reported: transit damage. chk with crr for damage claim. Replacement dispatched.,legacy_fd,1,332.0,Aishwarya Trivedi,Logistics,1,VA-EB-PL2,1480,True,False,0,0.0,DOA-REPL,True,2025-02
TK-240483,2025-02-08 09:19:00,2025-02-08 11:01,2025-02-08 11:22,resolved,voice,C105878,VR906638,VA-HP-ST3,Charging & Battery,Normal,Voice Frontline,A3025,0,,559900.0,GW-OTHER,Y,"team,
the promised 45 hours is nowhere close, i get maybe 2
please help karo
strata 3 VR906638
urgent",esc to wty. issue: rapid battery drain. adv disabling anc/aod to test. | both refund & replacement given as cx threatened social media. //KOM,legacy_fd,1,5599.0,Komal Malhotra,Voice Frontline,1,VA-HP-ST3,2650,True,True,2990,8589.0,WTY-BUYBACK,True,2025-02
TK-240492,2025-02-08 22:49:00,2025-02-08 22:58,2025-02-08 23:11,resolved,chat,C104760,,VA-SW-NX1,Other,High,Chat Frontline,A3017,0,,4749.0,GW-OTHER,N,"hello,
i bought my nexa on 25 jan. ordered the wrong colour, don't ship it.
please help",cx says cancel ord. cancelled before dispatch. full rfnd processed (4749). -KS,helpdesk,0,4749.0,Kabir Singh,Email Frontline,1,VA-SW-NX1,1900,True,False,0,0.0,CANCEL,True,2025-02
TK-240496,2025-02-09 11:36:00,2025-02-09 13:46,2025-02-09 14:23,resolved,email,C105932,VR881631,VA-EB-AIR,Billing & Payments,Normal,Billing,A3032,0,2.0,36000.0,GW-OTHER,N,"sir ji
two entries of rs 2499 on my sttatement for one pair of earbuds
pls help karo
anyone there","1. duplicate payment
2. checked pg for duplicate txn
3. duplicate refunded to source ~Sneha",legacy_fd,1,360.0,Sneha Bansal,Billing,1,VA-EB-AIR,760,True,False,0,0.0,DUP-PAYMENT,True,2025-02
TK-240505,2025-02-09 19:22:00,2025-02-09 23:05,2025-02-09 23:17,resolved,email,C100787,,VA-EB-PL1,Delivery & Shipping,Low,Logistics,A3029,0,3.0,224900.0,GW-OTHER,N,"Hi there, Got the Pulse buds form vireo.in 2 weeks ago. Package not delivered even after 15 days. I checked with neighbours. Nothing changed. Need this sorted this week. Rgds",refund of rs 2249 initiated to source. issue: shipment not received. checked awb with courier. -RM,legacy_fd,1,2249.0,Rajat Mukherjee,Logistics,1,VA-EB-PL1,1120,True,False,0,0.0,LOST-TRANSIT,True,2025-02
TK-240530,2025-02-11 09:30:00,2025-02-11 09:32,2025-02-12 09:48,resolved,chat,C106848,,VA-EB-AIR,Returns & Refunds,Normal,Returns Desk,A3038,0,,36000.0,GW-OTHER,N,"Hey, Bought teh AirLite buds around 25-01-2025 from vireo.in. The app said pickup today, that was on 25-01-2025. I rescheduled pickup twice. Nothing changed. How do I get this fixed?",cx: reverse pickup pending | checked pickup awb -> refunded rs 360,legacy_fd,1,360.0,Ankit Dhillon,Returns Desk,1,VA-EB-AIR,760,True,False,0,0.0,RETURN-QC-OK,True,2025-02
TK-240545,2025-02-12 20:04:00,2025-02-12 21:29,2025-02-12 21:58,resolved,voice,C106854,VR881791,VA-HP-ST3,Delivery & Shipping,Normal,Logistics,A3030,0,,629900.0,GW-OTHER,Y,[IVR transcript] i ordered strata 3 and got something else. i want my money back,"Cust contacted re wrong variant received. Raised with warehouse. rplc dispatched. Credited full amount, new unit also going out tomorrow. //AIS",legacy_fd,1,6299.0,Aishwarya Trivedi,Logistics,1,VA-HP-ST3,2650,True,True,2990,9289.0,REVIEW,False,2025-02
TK-240564,2025-02-14 11:17:00,2025-02-14 12:09,2025-02-14 12:29,resolved,email,C108796,VR894083,VA-NB-ARC,Audio Quality,Normal,Email Frontline,A3022,0,4.0,129900.0,GW-OTHER,N,mic not working on calls.  VR894083. can someone fix this?,Ticket raised for mic issue. Tested on call w/ cx. Refund of Rs 1299 initiated to source.,legacy_fd,1,1299.0,Daniel Arora,Email Frontline,1,VA-NB-ARC,540,True,False,0,0.0,DOA-REPL,True,2025-02
TK-240568,2025-02-14 14:49:00,2025-02-14 15:17,2025-03-02 16:40,resolved,chat,C103627,VR897241,VA-EB-AIR,Charging & Battery,Normal,Chat Frontline,A3042,1,,161900.0,GW-OTHER,N,left side not charging in the case,issue: left earbud not taking charge | checked case led behaviour with cx -> refund of rs 1619 initiated to source | xfer escalations & wty,legacy_fd,1,1619.0,Swati Bhatia,Escalations & Warranty,2,VA-EB-AIR,760,True,False,0,0.0,DOA-REPL,True,2025-02
TK-240588,2025-02-16 12:47:00,2025-02-16 12:50,2025-02-18 13:04,resolved,chat,C107527,VR908181,VA-EB-PL1,Delivery & Shipping,Normal,Logistics,A3027,0,3.0,249900.0,GW-OTHER,Y,Pathetic experience honestly. Got my Pulse from Flipkart around Diwali. package not delivered even after 12 days. I already checked with neighbours. Escalate this to someone senior.,"1. Shipment not rcvd
2. Raised ticket with courier partner
3. RTO conf, reshipped. -- Full rfnd issued & rplc dispatched as goodwill.",legacy_fd,1,2499.0,Priya Agarwal,Logistics,1,VA-EB-PL1,1120,True,True,1460,3959.0,LOST-TRANSIT,True,2025-02
TK-240618,2025-02-18 17:44:00,2025-02-18 17:48,2025-02-18 18:03,resolved,chat,C108620,VR887410,VA-SW-FIT,Returns & Refunds,Normal,Returns Desk,A3036,0,2.0,179900.0,GW-OTHER,N,"hi
refund not received yet
??",Customer reached out - reufnd not credited. Checked refund status on PG. ARN shared w/ cx. Closing.,legacy_fd,1,1799.0,Ritika D'Souza,Returns Desk,1,VA-SW-FIT,850,True,False,0,0.0,LOST-TRANSIT,True,2025-02
TK-240641,2025-02-20 08:11:00,2025-02-20 09:43,2025-02-20 10:05,resolved,email,C108764,VR905415,VA-SW-FIT,Billing & Payments,High,Billing,A3034,0,4.0,38000.0,GW-OTHER,N,"promo code shows invalid
VR905415
please advise",as discussed (sop 3.1),legacy_fd,1,380.0,Tanvi Rathore,Billing,1,VA-SW-FIT,850,True,False,0,0.0,PRICE-ADJ,True,2025-02
TK-240649,2025-02-20 13:32:00,2025-02-21 01:06,2025-02-22 01:17,resolved,email,C100132,,VA-HP-ST2,Returns & Refunds,Normal,Returns Desk,A3038,0,5.0,475.0,GW-OTHER,N,"hi team, i bought strta 2 on 28 jan. i have beeen sitting at hoem for 3 days waiting for ur courier. i caleld courier. nothing changed. i want my money back. rgds, zoya chopra","1. Reverse pickup pending
2. Checked pickup AWB
3. Refund of Rs 475 initiated to source",helpdesk,0,475.0,Ankit Dhillon,Returns Desk,1,VA-HP-ST2,2100,True,False,0,0.0,RETURN-QC-OK,True,2025-02
TK-240650,2025-02-20 13:35:00,2025-02-20 13:40,2025-02-20 14:12,resolved,chat,C104927,VR889833,VA-HP-ST3,Billing & Payments,High,Billing,A3033,0,4.0,629900.0,GW-OTHER,N,"Hi team, Got my Strata 3 headphones from vireo.in 3 weeks back.  I was charged twice for one order. I waited a week. How do I get this fixed?","1. charged twice
2. chk pg for duplicate txn
3. refund processed",legacy_fd,1,6299.0,Vikram Banerjee,Billing,1,VA-HP-ST3,2650,True,False,0,0.0,DUP-PAYMENT,True,2025-02
TK-240682,2025-02-22 14:37:00,2025-02-22 15:30,2025-02-22 15:49,resolved,social,C100148,VR883621,VA-HP-ST3,Other,Normal,Chat Frontline,A3012,0,5.0,699900.0,GW-OTHER,N,"sir ji
ordered the wrong colour, don't ship it",customer states cancel order. cancelled before dispatch. full refund processed (6999).,legacy_fd,1,6999.0,Lakshmi Srivastava,Chat Frontline,1,VA-HP-ST3,2650,True,False,0,0.0,CANCEL,True,2025-02
TK-240691,2025-02-23 11:15:00,2025-02-23 18:57,2025-02-24 19:11,resolved,email,C101447,VR881383,VA-AC-CH65,Returns & Refunds,Normal,Returns Desk,A3036,0,,142400.0,GW-OTHER,N,"hello
where is the money for the return
your charger VR881383",Customer reached out - rfnd delay. Checked reverse pickup QC status. Refunded Rs 1424. Closing. (SOP 2.7),legacy_fd,1,1424.0,Ritika D'Souza,Returns Desk,1,VA-AC-CH65,610,True,False,0,0.0,RETURN-QC-OK,True,2025-02
TK-240699,2025-02-23 18:19:00,2025-02-23 18:56,2025-02-23 19:12,resolved,voice,C101797,VR895200,VA-HP-ST3,Delivery & Shipping,Normal,Logistics,A3030,0,3.0,664900.0,GW-OTHER,N,[IVR transcript] hey tracking has said out for delivery for a week now strata 3 VR895200,"Customer reached out - delivery delayed. Confirmed address with cx. RTO confirmed, reshipped. //AIS",legacy_fd,1,6649.0,Aishwarya Trivedi,Logistics,1,VA-HP-ST3,2650,True,False,0,0.0,LOST-TRANSIT,True,2025-02
TK-240702,2025-02-23 18:31:00,2025-02-23 19:10,2025-02-23 19:23,resolved,voice,C102416,VR902313,VA-SW-FIT,Other,Normal,Voice Frontline,A3026,0,4.0,169900.0,GW-OTHER,N,"[IVR transcript] sir ji please cancel, ordered by mistake bahut pareshan hu","cx: cancellation request | cancelled before dispatch -> already shipped, adv rto/return //AAD",legacy_fd,1,1699.0,Aadhya Deshpande,Voice Frontline,1,VA-SW-FIT,850,True,False,0,0.0,CANCEL,True,2025-02
TK-240737,2025-02-25 18:31:00,2025-02-25 20:51,2025-02-25 21:02,resolved,email,C108932,VR898774,VA-EB-AIR,Billing & Payments,Normal,Billing,A3035,0,4.0,1619.0,GW-OTHER,N,"change of mind, pls stop the shipment - vr898774 - i want my money back","cx states cancellation request. chk shipment status. rfnd approved, Rs 1619, 5-7 working days. Will monitor.",helpdesk,0,1619.0,Dev Kulkarni,Billing,1,VA-EB-AIR,760,True,False,0,0.0,CANCEL,True,2025-02
TK-240753,2025-02-26 13:40:00,2025-02-26 13:53,2025-02-26 14:02,resolved,chat,C105385,VR900513,VA-EB-PL1,Billing & Payments,High,Billing,A3034,0,5.0,40000.0,GW-OTHER,N,"Dera Sir/Madam,

I am writing with reference to my orer of Pluse earbuds (VR900513) placed on 26 Feb. The festive offer vanished when I clicked pay. I have tried in caps. I request you to kinndly arrange a replacement.

Regards,
Harsh Ansari",cx ok (sop 4.2),legacy_fd,1,400.0,Tanvi Rathore,Billing,1,VA-EB-PL1,1120,True,False,0,0.0,PRICE-ADJ,True,2025-02
TK-240759,2025-02-26 19:35:00,2025-02-26 20:03,2025-02-27 20:19,resolved,voice,C105412,VR893379,VA-NB-ARC,Delivery & Shipping,Normal,Logistics,A3030,0,3.0,110400.0,DOA-REPL,Y,"Hi there, Got the neckband from vireo.in last month. Opened the parcel and it is a completely different thing. I want my monney back. Thanks Thomas","Cust contacted re incorrect product shipped. Raised w/ warehouse. Replacement raised, RMA shared w/ cx. Credited full amount, new unit also going out tomorrow. //AIS",legacy_fd,1,1104.0,Aishwarya Trivedi,Logistics,1,VA-NB-ARC,540,True,True,880,1984.0,WTY-BUYBACK,True,2025-02
TK-240778,2025-02-27 18:00:00,2025-02-27 18:03,2025-02-28 20:56,resolved,chat,C101291,VR904620,VA-HP-ST3,Warranty & Repair,Normal,Escalations & Warranty,A3040,0,4.0,559900.0,DOA-REPL,N,"dear team, order vr904620 (strata 3).  what is the status of my warranty claim. please resolve asap. please revert","issue: rma status query | followed up w/ service centre -> cx updated, eta shared (SOP 2.7)
Both refund and replacement given as cx threatened social media.",legacy_fd,1,5599.0,Thomas Jadhav,Escalations & Warranty,2,VA-HP-ST3,2650,True,False,0,0.0,WTY-BUYBACK,True,2025-02
TK-240797,2025-03-01 07:11:00,2025-03-01 07:26,2025-03-06 07:41,resolved,chat,C102507,VR900312,VA-HP-ST2,Other,Normal,Chat Frontline,A3013,0,4.0,474900.0,WTY-BUYBACK,N,Not acceptable at this price. This is regarding my Strata 2 headphones. orrder status stuck on shipped since February 17. I already checked the tracking page daily. This is the last time I buy from u.,"re-shipped from warehouse. issue: delivery delayed. checked awb with courier. -- issued refund + replacement both, tl aware. ~Rohit",legacy_fd,1,4749.0,Rohit Nair,Chat Frontline,1,VA-HP-ST2,2100,True,False,0,0.0,LOST-TRANSIT,True,2025-03
TK-240819,2025-03-02 20:53:00,2025-03-02 20:56,2025-03-04 21:17,resolved,chat,C109215,VR905299,VA-EB-PL1,Delivery & Shipping,Normal,Logistics,A3037,1,3.0,224900.0,RETURN-QC-OK,N,"Hi team, This is regarding the Pulse buds. Return pickup has not happened. I rescheduled pickup twice. Waiting for your reply. Regards, Ramesh Qureshi",refund of rs 2249 initiated to source. issue: pickup missed. chk pickup awb. via returns desk.,legacy_fd,1,2249.0,Manish Iyer,Returns Desk,1,VA-EB-PL1,1120,True,False,0,0.0,DUP-PAYMENT,True,2025-03
TK-240825,2025-03-03 10:47:00,2025-03-03 13:38,2025-03-06 14:04,resolved,email,C106977,VR904047,VA-SW-NX2,Returns & Refunds,High,Returns Desk,A3038,0,,617400.0,RETURN-QC-OK,N,"dear sir/madam,

i am writing with reference to my order of the nexa 2 (vr904047) pllaced on 06-02-2025. still waiting for my refund. i have emailed twice. i request you to kindly arrange a replacement.

regards,
sunita gill","1. Refund pending
2. Checked refund status on PG
3. ARN shared with cx",legacy_fd,1,6174.0,Ankit Dhillon,Returns Desk,1,VA-SW-NX2,2450,True,False,0,0.0,DUP-PAYMENT,True,2025-03
TK-240829,2025-03-03 17:22:00,2025-03-03 17:23,2025-03-03 17:35,closed,chat,C100528,,VA-HP-ST3,Delivery & Shipping,Normal,Logistics,A3030,0,,1399800.0,GW-OTHER,Y,"dear sir/madam,

i am writing w/ reference to my order of my strata 3 headphones placed on 23/02. order not delivered, tracking not updating. i have called the courier. i request you to provide a resolution within 3 working days.

regards,
rajat trivedi",Reported: delivery delayed. Confirmed address w/ cx. Refund initiated as lost in transit. -- Amount returned to card; fresh unit shipped from BLR warehouse. //AIS,legacy_fd,1,13998.0,Aishwarya Trivedi,Logistics,1,VA-HP-ST3,2650,True,True,2990,16988.0,LOST-TRANSIT,True,2025-03
TK-240834,2025-03-03 18:28:00,2025-03-03 18:30,2025-03-03 18:59,resolved,chat,C104167,VR883767,VA-SW-NX2,Billing & Payments,Normal,Billing,A3035,0,3.0,519900.0,GW-OTHER,N,"I have been a loyal customer and this is how you treat me. I bought my Nexa 2 watch on 28 Feb. I was charged twice for one order. I already waited a week. I want a replacement or refund, nothing else.",Ticket raised for double charge. cofn UTRs. rffnd processed. Closing.,legacy_fd,1,5199.0,Dev Kulkarni,Billing,1,VA-SW-NX2,2450,True,False,0,0.0,DUP-PAYMENT,True,2025-03
TK-240856,2025-03-04 20:39:00,2025-03-04 21:09,2025-03-05 21:31,resolved,email,C108778,VR903415,VA-EB-AIR,Returns & Refunds,High,Returns Desk,A3036,0,,179900.0,GW-OTHER,N,"helo ji
i hvae been sitting at home for 3 days waiting for yuor couier
itna paisa diya hai
hello??","Customer reached out - pcikup missed. chk pickup AWB. rfnd of Rs 1799 initiated to source. Cx informed. (SOP 4.2) | Offered replacement, cx preferred rfnd. rfnd processed.",legacy_fd,1,1799.0,Ritika D'Souza,Returns Desk,1,VA-EB-AIR,760,True,False,0,0.0,PRICE-ADJ,True,2025-03
TK-240864,2025-03-05 12:42:00,2025-03-05 12:58,2025-03-10 13:23,resolved,social,C106252,VR891299,VA-HP-ST3,Delivery & Shipping,Normal,Logistics,A3031,0,,699900.0,DOA-REPL,N,"product: the strata 3
order: vr891299
purchased: february 25
issue: box was crushed and the the strata 3 is cracked
tried: refused nothing as i didn't notice till later
expected: resolution","issue: transit damage | photos received, damage confirmed -> replacement approved, reverse pickup arranged.
Refund done and new unit sent as one-time gesture.",legacy_fd,1,6999.0,Zaid Desai,Logistics,1,VA-HP-ST3,2650,True,False,0,0.0,RETURN-QC-OK,True,2025-03
TK-240877,2025-03-05 21:58:00,2025-03-05 22:21,2025-03-08 22:52,resolved,chat,C103180,VR898972,VA-SW-NX2,Returns & Refunds,Normal,Returns Desk,A3038,0,,649900.0,RETURN-QC-OK,N,"Product: Nexa 2
Order: VR898972
Purchased: February 13
Issue: refund not received yet
Tried: checked bank
Expected: resolution","1. rfnd delay
2. chk rfnd status on PG
3. rfnd reprocessed",legacy_fd,1,6499.0,Ankit Dhillon,Returns Desk,1,VA-SW-NX2,2450,True,False,0,0.0,LOST-TRANSIT,True,2025-03
TK-240879,2025-03-05 22:26:00,2025-03-05 22:33,2025-03-06 23:07,resolved,chat,C105344,,VA-SW-FIT,Returns & Refunds,Normal,Returns Desk,A3038,0,,1799.0,GW-OTHER,N,"hii
you picked up the item 5 days ago and my money hasn't come back","1. Refund delay
2. chk refund status on PG
3. Refund reprocessed",helpdesk,0,1799.0,Ankit Dhillon,Returns Desk,1,VA-SW-FIT,850,True,False,0,0.0,RETURN-QC-OK,True,2025-03
TK-240883,2025-03-06 12:33:00,2025-03-06 12:34,2025-03-09 12:57,resolved,chat,C108858,VR904030,VA-EB-AIR,Delivery & Shipping,Normal,Logistics,A3027,0,,161900.0,DOA-REPL,Y,"hello
the courier marked it delivered but nobdy in my house got anything
kindly do the needful","1. Delivery delayed
2. Raised ticket w/ courier partner
3. rfnd initiated as lost in transit. | rfnd + rplc, cx escalation avoided.",legacy_fd,1,1619.0,Priya Agarwal,Logistics,1,VA-EB-AIR,760,True,True,1100,2719.0,LOST-TRANSIT,True,2025-03
TK-240915,2025-03-07 21:23:00,2025-03-08 00:25,2025-03-08 00:50,resolved,email,C103438,,VA-SP-ORB,Returns & Refunds,Normal,Returns Desk,A3037,0,,54000.0,RETURN-QC-OK,N,"Product: the Orbit smart speaker
Purchased: 24 Feb
Issue: return pickup has not happened
Tried: rescheduled pickup twice
Expected: refnd","cx says pickup not done. re-raised pickup w/ crr. refund approved, rs 540, 5-7 working days. case closed w/ cx consent. ~Manish",legacy_fd,1,540.0,Manish Iyer,Returns Desk,1,VA-SP-ORB,2300,True,False,0,0.0,DUP-PAYMENT,True,2025-03
TK-240951,2025-03-09 21:22:00,2025-03-09 21:30,2025-03-14 21:49,resolved,chat,C108431,VR891930,VA-HP-ST2,Delivery & Shipping,High,Logistics,A3034,1,,449900.0,GW-OTHER,N,"Namaste, Order VR891930 (Strata 2). Box was crushed and the Strata 2 is cracked. I refused nothing as I didn't notice till later. This is very disappointing. Please help. Thanks in advance, Amit",as discussed (sop 5.4),legacy_fd,1,4499.0,Tanvi Rathore,Billing,1,VA-HP-ST2,2100,True,False,0,0.0,DOA-REPL,True,2025-03
TK-240953,2025-03-09 23:40:00,2025-03-09 23:40,2025-03-10 00:18,resolved,chat,C101186,,VA-HP-ST2,Other,Normal,Chat Frontline,A3002,0,3.0,90000.0,GW-OTHER,N,"hi
money debited but order not showing
my strata 2 headphones",re: amount deducted without order | checked pg dashboard for txn -> full refund processed (900) (sop 4.2) [closed],legacy_fd,1,900.0,Steven Ansari,Chat Frontline,1,VA-HP-ST2,2100,True,False,0,0.0,DUP-PAYMENT,True,2025-03
TK-240960,2025-03-10 17:24:00,2025-03-10 17:27,2025-03-15 17:42,resolved,chat,C107638,,VA-AC-CH65,Delivery & Shipping,Normal,Logistics,A3030,0,,149900.0,DOA-REPL,Y,"HI VIREO SUPPORT,
THIS IS REGARDING YOUR CHARGER. My order has not been delivered yet.
I checked w/ neighbours. Nothing changed.
Wating for your reply.
Regards, Sameer","Cust contacted re shipment not received. chk AWB w/ courier. Courier confirmed dlvry for 13 Mar, cx informed. Refunded Rs 1499 & also raised replacement, cx was very upset. //AIS",legacy_fd,1,1499.0,Aishwarya Trivedi,Logistics,1,VA-AC-CH65,610,True,True,950,2449.0,LOST-TRANSIT,True,2025-03
TK-240963,2025-03-10 19:58:00,2025-03-10 20:58,2025-03-10 21:18,resolved,email,C100871,,VA-SW-FIT,Delivery & Shipping,Normal,Logistics,A3030,0,3.0,1599.0,GW-OTHER,Y,"Hi team, This is regarding Nxea Fit. Order not delivered, tracking not updating. I called the courier. Nothing changed. I wnt a replacement. Please revert","Reported: ord not delivered. Raised ticket with courier partner. RTO conf, reshipped. -- Cx got the amount back, also sending a new set to keep him happy. //AIS",helpdesk,0,1599.0,Aishwarya Trivedi,Logistics,1,VA-SW-FIT,850,True,True,1190,2789.0,LOST-TRANSIT,True,2025-03
TK-240980,2025-03-12 00:24:00,2025-03-12 00:25,2025-03-15 00:41,resolved,chat,C104246,VR886903,VA-SP-ORB,Returns & Refunds,Normal,Returns Desk,A3037,0,,539900.0,GW-OTHER,N,"hello ji
refund not received yet
abhi tak kuch nahi hua","1. rfnd not credited
2. checked reverse pickup qc status
3. rfnd of rs 5399 initiated to source ~Manish",legacy_fd,1,5399.0,Manish Iyer,Returns Desk,1,VA-SP-ORB,2300,True,False,0,0.0,RETURN-QC-OK,True,2025-03
TK-241003,2025-03-13 19:28:00,2025-03-13 20:20,2025-03-13 20:43,resolved,email,C103627,VR897241,VA-EB-AIR,Billing & Payments,High,Billing,A3035,0,,16200.0,GW-OTHER,N,my bank says Rs 2499 went to you but your site says I have no orders. VR897241. please call me on my registered number,Cust contacted re amount deducted without order. conf w/ payment gateway. Refunded Rs 162. Follow-up not required.,legacy_fd,1,162.0,Dev Kulkarni,Billing,1,VA-EB-AIR,760,True,False,0,0.0,DUP-PAYMENT,True,2025-03
TK-241027,2025-03-15 07:46:00,2025-03-15 09:41,2025-03-15 10:30,resolved,email,C109208,,VA-EB-PL1,Audio Quality,Normal,Email Frontline,A3020,0,3.0,249900.0,DOA-REPL,Y,left side has no audio at all,"cx states right side silent. walked through reset. esc to warranty. | issued rfnd + rplc both, tl aware.",legacy_fd,1,2499.0,Aadhya Singh,Email Frontline,1,VA-EB-PL1,1120,True,True,1460,3959.0,WTY-BUYBACK,True,2025-03
TK-241038,2025-03-15 18:45:00,2025-03-15 19:41,2025-03-15 19:51,resolved,email,C106008,VR893097,VA-SW-NX2,Other,Normal,Email Frontline,A3018,0,,5849.0,GW-OTHER,N,"hello
the festive offer vanished when i clicked pay
the nexa 2","cx: prmo code invalid | checked cart eligiiblity -> refund approved, rs 5849, 5-7 working days ~Krishna",helpdesk,0,5849.0,Krishna Bhatt,Email Frontline,1,VA-SW-NX2,2450,True,False,0,0.0,PRICE-ADJ,True,2025-03
TK-241062,2025-03-16 14:08:00,2025-03-16 15:16,2025-03-16 15:31,resolved,email,C106872,,VA-HP-ST3,Connectivity,Normal,Email Frontline,A3018,0,,699900.0,GW-OTHER,Y,"hi team,
this is regarding my strata 3 headphones.  bluetooth pairing fails every time.
i restarted the phone. nothing changed.
i want a replacement.
thanks & regards, zoya","cx: pairing failure | checked phone os version -> reset done, paired ok. -- Both refund and replacement given as cx threatened social media. ~Krishna",legacy_fd,1,6999.0,Krishna Bhatt,Email Frontline,1,VA-HP-ST3,2650,True,True,2990,9989.0,WTY-BUYBACK,True,2025-03
TK-241089,2025-03-18 18:06:00,2025-03-18 18:27,2025-03-21 18:52,resolved,chat,C101356,,VA-SP-MINI,Returns & Refunds,Normal,Returns Desk,A3036,0,,474800.0,RETURN-QC-OK,N,"Product: the mini speaker
Order: VR893525
Purchased: 26-02-2025
Issue: still waiting for my refund
Tried: emailed twice
Expected: callback",Contact re refund pending. Checked refund status on PG. ARN shared with cx. Cx informed. -- Refund issued; replacement not applicable (out of stock).,legacy_fd,1,4748.0,Ritika D'Souza,Returns Desk,1,VA-SP-MINI,980,True,False,0,0.0,DUP-PAYMENT,True,2025-03
TK-241097,2025-03-19 12:59:00,2025-03-19 14:09,2025-03-20 14:32,resolved,voice,C102709,VR897828,VA-SW-NX1,Returns & Refunds,Normal,Returns Desk,A3036,0,,50000.0,GW-OTHER,N,"[IVR transcript] nobdy came for the pickup, VR897828, can someone fix this?",Contact re reverse pickup pending. chk pickup AWB. rfnd of Rs 500 initiated to source. Cx informed.,legacy_fd,1,500.0,Ritika D'Souza,Returns Desk,1,VA-SW-NX1,1900,True,False,0,0.0,RETURN-QC-OK,True,2025-03
TK-241119,2025-03-20 22:11:00,2025-03-20 22:22,2025-03-20 22:54,resolved,chat,C106245,,VA-EB-PL1,Audio Quality,Normal,Chat Frontline,A3017,0,3.0,249900.0,WTY-BUYBACK,N,"Product: my Pulse
Purchased: 10/12
Issue: a hiss that wasn't there when I bought it
Tried: tried wired mode
Expected: refund","cx reached out - crackling/distortion. chk fw. fw update, cx to monitor. | rfnd processed to source; rplc unit also shipped. -KS",legacy_fd,1,2499.0,Kabir Singh,Email Frontline,1,VA-EB-PL1,1120,True,False,0,0.0,DOA-REPL,True,2025-03
TK-241126,2025-03-21 16:13:00,2025-03-21 16:37,2025-03-21 17:00,closed,chat,C101410,,VA-SW-NX1,Connectivity,Normal,Chat Frontline,A3012,0,2.0,250000.0,DOA-REPL,N,"TO THE VIREO CUSTOMER CARE TEAM,

I AM WRITING WITH REFERENCE TO MY ORDER OF MY NEXA PLACED ON 10 OCT. Blueototh pairing fails every time. I have tried on another phone. I request you to kindly arrange a replacement.

Regards,
Nisha Pereeira","pairing failure | asked cx to reset the device -> reset done, paired ok",legacy_fd,1,2500.0,Lakshmi Srivastava,Chat Frontline,1,VA-SW-NX1,1900,True,False,0,0.0,WTY-BUYBACK,True,2025-03
TK-241152,2025-03-22 18:52:00,2025-03-22 18:54,2025-03-24 19:28,resolved,chat,C102984,,VA-SW-FIT,Returns & Refunds,Normal,Returns Desk,A3036,0,2.0,16000.0,GW-OTHER,N,"hey
where is the money for the return","Cust contacted re refuund delay. chk refund status on PG. Refund approved, Rs 160, 5-7 working days. Case closed with cx consent.
Refunded. Replacement request rejected as per policy.",legacy_fd,1,160.0,Ritika D'Souza,Returns Desk,1,VA-SW-FIT,850,True,False,0,0.0,RETURN-QC-OK,True,2025-03
TK-241155,2025-03-22 20:53:00,2025-03-22 20:55,2025-03-22 21:15,resolved,chat,C102984,,VA-SW-FIT,Other,Normal,Chat Frontline,A3014,0,,159900.0,GW-OTHER,N,"Der Sir/Madam,

I am writing with reference to my order of teh fit band placed on March 17. Want to cancel my order. I have tried cancel button, greyed out. I request u to look into this mattter at the earliest.

Yours faithfully,
Thmoas Pillai",rfnd of Rs 1599 initiated to source. Issue: ord cancellation. chk shipment status.,legacy_fd,1,1599.0,Anjali D'Souza,Chat Frontline,1,VA-SW-FIT,850,True,False,0,0.0,CANCEL,True,2025-03
TK-241156,2025-03-22 20:57:00,2025-03-22 22:56,2025-03-22 23:16,resolved,email,C106144,,VA-EB-AIR,Billing & Payments,Normal,Billing,A3033,0,,179900.0,GW-OTHER,N,"product: the airlite buds
order: vr898251
purchased: 11 feb
issue: payment was deducted but no order was created
tried: checked bank statement
expected: callback","contact re amount deducted without order. checked pg dashboard for txn. refund approved, rs 1799, 5-7 working days.",legacy_fd,1,1799.0,Vikram Banerjee,Billing,1,VA-EB-AIR,760,True,False,0,0.0,DUP-PAYMENT,True,2025-03
TK-241220,2025-03-26 13:23:00,2025-03-26 13:27,2025-03-26 13:43,resolved,chat,C100179,VR883029,VA-HP-ST3,Other,Normal,Chat Frontline,A3013,0,,664900.0,GW-OTHER,N,"Product: Strata 3
Order: VR883029
Purchased: 22-03-2025
Issue: I was charged twice for one order
Tried: waited a week
Expected: replacement",re: double charge | confirmde utrs -> refund of rs 6649 initiated to sorce ~Rohit,legacy_fd,1,6649.0,Rohit Nair,Chat Frontline,1,VA-HP-ST3,2650,True,False,0,0.0,DUP-PAYMENT,True,2025-03
TK-241229,2025-03-26 19:52:00,2025-03-26 20:06,2025-03-26 20:21,resolved,voice,C104859,VR903358,VA-EB-AIR,Other,Normal,Voice Frontline,A3026,0,,179900.0,GW-OTHER,N,"[IVR transcript] hello vireo, bought airlite earbuds around 12-03-2025 from amazon. payment was deducted but no order was created. i tried logging out & in. nothing changed. very poor quality. waiting for your reply.","cx: paymnt debited, no ord | conf with payment gateway -> rfnd processed to sourrce //AAD",legacy_fd,1,1799.0,Aadhya Deshpande,Voice Frontline,1,VA-EB-AIR,760,True,False,0,0.0,DUP-PAYMENT,True,2025-03
TK-241236,2025-03-26 22:23:00,2025-03-26 22:24,,pending,chat,C100498,VR906071,VA-HP-ST3,Billing & Payments,High,Billing,A3032,0,3.0,350000.0,GW-OTHER,N,"Product: Strata 3
Purchased: March 09
Issue: you picked up the item 11 days ago and my money hasn't come back
Tried: checked bank
Expected: callback","rfnd of rs 3500 initiated to source. issue: rfnd not credited. checked reverse pickup qc status. offered replacement, cx preferred refund. refund processed. ~Sneha",legacy_fd,1,3500.0,Sneha Bansal,Billing,1,VA-HP-ST3,2650,True,False,0,0.0,RETURN-QC-OK,True,2025-03
TK-241269,2025-03-28 18:18:00,2025-03-28 18:19,2025-03-28 18:39,resolved,chat,C102414,VR892044,VA-SP-ORB,Billing & Payments,High,Billing,A3035,0,3.0,569900.0,DOA-REPL,Y,"Honestly regretting this purchase.  Bought the Orbit smart speaker around 28-02-2025 from vireo.in. still waiting for my refund. I already checked bank. I want a replacement or refund, nothing else.","Cx reported rfnd pending. Checked reverse pkp QC status. ARN shared w/ cx. Follow-up not required. | Refunded Rs 5699 & also raised rplc, cx was very upset.",legacy_fd,1,5699.0,Dev Kulkarni,Billing,1,VA-SP-ORB,2300,True,True,2640,8339.0,RETURN-QC-OK,True,2025-03
TK-241273,2025-03-28 20:48:00,2025-03-28 20:52,2025-03-28 21:17,closed,chat,C107518,VR893760,VA-EB-PL1,Audio Quality,Normal,Chat Frontline,A3014,0,3.0,224900.0,GW-OTHER,N,"This is very disappointing. This is regarding Pulse earbuds. I hear music in one ear only, other is mute. I already checked balance settings. This is the last time I buy from you.",rplc raised. Issue: single side audio only. Asked cx to chek bud in case. -AD,legacy_fd,1,2249.0,Anjali D'Souza,Chat Frontline,1,VA-EB-PL1,1120,True,False,0,0.0,DOA-REPL,True,2025-03
TK-241284,2025-03-29 11:01:00,2025-03-29 11:03,2025-03-29 11:12,resolved,chat,C101506,VR885395,VA-EB-PL1,Other,Normal,Chat Frontline,A3011,0,,37500.0,GW-OTHER,N,"HII
PLEASE CANCEL, ORRDERED BY MISTAKE
MY PULSE",Full rfnd processed (375). Issue: cancelllation request. Cancelled before dispatch.,legacy_fd,1,375.0,Rohit Gill,Chat Frontline,1,VA-EB-PL1,1120,True,False,0,0.0,CANCEL,True,2025-03
TK-241315,2025-03-30 20:54:00,2025-03-30 20:57,2025-03-30 21:16,resolved,chat,C101592,,VA-SW-NX1,Billing & Payments,High,Billing,A3035,0,4.0,449900.0,GW-OTHER,N,"Product: the nexa smartwatch
Purchased: 22 Mar
Issue: card charged two times
Tried: waited a week
Expected: callback",Cx says duplicate payment. conf UTRs. rfnd of Rs 4499 initiated to source. Case closed with cx consent.,legacy_fd,1,4499.0,Dev Kulkarni,Billing,1,VA-SW-NX1,1900,True,False,0,0.0,DUP-PAYMENT,True,2025-03
TK-241333,2025-04-01 04:49:00,2025-04-01 05:02,2025-04-01 05:17,resolved,chat,C104162,VR898360,VA-SW-NX2,Other,Normal,Chat Frontline,A3002,0,,649900.0,GW-OTHER,N,"Not what I expected from Vireo. Got the Nexa 2 from vireo.in a month ago. want to cancel my order. I already tried cancel button, greyed out. I want a replacement or refund, nothng else.","re: cancel order | cancelled before dispatch -> refund approved, rs 6499, 5-7 working days (sop 4.2) [closed]",legacy_fd,1,6499.0,Steven Ansari,Chat Frontline,1,VA-SW-NX2,2450,True,False,0,0.0,CANCEL,True,2025-04
TK-241342,2025-04-01 16:06:00,2025-04-01 17:50,2025-04-04 18:09,resolved,email,C106480,VR891246,VA-SW-NX2,Delivery & Shipping,Normal,Logistics,A3030,0,,519900.0,GW-OTHER,N,my order has not been delivered yet,cx states shipment not rcvd. Raised ticket w/ courier partner. Refund of Rs 5199 initiated to source.,legacy_fd,1,5199.0,Aishwarya Trivedi,Logistics,1,VA-SW-NX2,2450,True,False,0,0.0,LOST-TRANSIT,True,2025-04
TK-241391,2025-04-04 06:32:00,2025-04-04 08:52,2025-04-06 09:16,resolved,email,C106872,,VA-EB-AIR,Other,Normal,Email Frontline,A3020,0,,1799.0,GW-OTHER,N,"product: airlite earbuds
purchased: march 26
issue: package not delivered even after 14 days
tried: called the courier
expected: callback",reported: shipment not rcvd. raised ticket w/ crr partner. rfnd of rs 1799 initiated to source. | refund issued; rplc not applicable (out of stock).,helpdesk,0,1799.0,Aadhya Singh,Email Frontline,1,VA-EB-AIR,760,True,False,0,0.0,LOST-TRANSIT,True,2025-04
TK-241415,2025-04-05 11:04:00,2025-04-05 14:22,2025-04-07 14:52,resolved,email,C103034,,VA-SW-NX2,Returns & Refunds,High,Returns Desk,A3036,0,,584900.0,GW-OTHER,N,"I have been sitting at home for 3 days waiting for your courier, please advise",cx states pickup not done. Re-raised pickup w/ courier. Refunded Rs 5849. Will monitor.,legacy_fd,1,5849.0,Ritika D'Souza,Returns Desk,1,VA-SW-NX2,2450,True,False,0,0.0,RETURN-QC-OK,True,2025-04
TK-241445,2025-04-06 09:57:00,2025-04-06 10:01,2025-04-07 10:31,resolved,chat,C105335,VR884326,VA-SW-NX2,Returns & Refunds,High,Returns Desk,A3037,0,,552400.0,RETURN-QC-OK,N,"Product: Nexa 2
Order: VR884326
Purchased: 18/03
Issue: the return was accepted but the amount is nowhere in my account
Tried: emailed twice
Expected: refund",refunded rs 5524. issue: rfnd not credited. chk rfnd status on pg. ~Manish,legacy_fd,1,5524.0,Manish Iyer,Returns Desk,1,VA-SW-NX2,2450,True,False,0,0.0,DUP-PAYMENT,True,2025-04
TK-241466,2025-04-07 07:43:00,2025-04-07 09:32,2025-04-07 09:58,resolved,email,C106469,,VA-EB-PL1,Charging & Battery,Normal,Email Frontline,A3022,0,,224900.0,WTY-BUYBACK,Y,"Hello Vireo, Bought Pulse earbuds around 27 Sep from vireo.in.  Right side works perfectly, left one just does not wake up. I removed and reinserted it 10 times. Please call me on my registered number. Please revert Rohit","Cx sayys left earbud not taking charge. Confirmed FW 1.4.1. Replacement raised for full set. (SOP 4.2)
refund + rplc, cx escalation avoided.",legacy_fd,1,2249.0,Daniel Arora,Email Frontline,1,VA-EB-PL1,1120,True,True,1460,3709.0,REVIEW,False,2025-04
TK-241475,2025-04-07 18:28:00,2025-04-07 22:26,2025-04-09 22:40,resolved,email,C101390,VR883108,VA-EB-PL1,Delivery & Shipping,Normal,Logistics,A3028,0,,237400.0,WTY-BUYBACK,Y,"order not delivered, tracking not updating
i want a replacement","ticket raised for ord not delivered. confirmed address w/ cx. rto confirmed, reshipped. -- refund + rplc, cx escalation avoided.",legacy_fd,1,2374.0,Sameer Kapoor,Logistics,1,VA-EB-PL1,1120,True,True,1460,3834.0,LOST-TRANSIT,True,2025-04
TK-241476,2025-04-07 18:54:00,2025-04-07 19:13,2025-04-10 19:30,resolved,chat,C106444,,VA-SW-NX2,Delivery & Shipping,Normal,Logistics,A3030,0,,6499.0,GW-OTHER,N,"bhai
the parcel looked like it was kicked here from the warehouse, and the unit has a crack
my nexa 2 watch","Ticket raised for transit damage. Photos received, damage confirmed. Full rfnd processed (6499).",helpdesk,0,6499.0,Aishwarya Trivedi,Logistics,1,VA-SW-NX2,2450,True,False,0,0.0,DOA-REPL,True,2025-04
TK-241540,2025-04-11 11:33:00,2025-04-11 11:39,2025-04-13 12:05,resolved,chat,C109018,VR904456,VA-EB-PL1,Returns & Refunds,Normal,Returns Desk,A3038,0,5.0,2249.0,GW-OTHER,N,"Dear Sir/Madam,
This is regarding the Pulse buds. Refund not received yet.
I checked bank.
This is very disappointing.
Kindly look into it.
Thanks in advance,","1. Refund delay
2. Checked reverse pkp QC status
3. Refunded Rs 2249",helpdesk,0,2249.0,Ankit Dhillon,Returns Desk,1,VA-EB-PL1,1120,True,False,0,0.0,RETURN-QC-OK,True,2025-04
TK-241559,2025-04-12 13:47:00,2025-04-12 13:49,2025-04-12 14:02,resolved,chat,C107437,,VA-SW-FIT,Delivery & Shipping,High,Logistics,A3031,0,4.0,80000.0,GW-OTHER,N,"Namaste, Tihs is regarding teh fit band. Received damaged product. I want a replacement. Thanks in advance,","Replacement dispatched. Issue: damaged in transit. Photos received, damage confirmed.",legacy_fd,1,800.0,Zaid Desai,Logistics,1,VA-SW-FIT,850,True,False,0,0.0,DOA-REPL,True,2025-04
TK-241575,2025-04-13 11:37:00,2025-04-13 11:42,2025-04-16 11:59,resolved,chat,C108077,VR903628,VA-EB-PL1,Returns & Refunds,Normal,Returns Desk,A3037,0,,199900.0,GW-OTHER,Y,"sir ji
nobody came for the pickup
10 days ago se
pulse 1 vr903628",rfnd processed without pickup as goodwill. issue: pickup not done. checked pickup awb. | rfnd done and new unit sent as one-time gesture. ~Manish,legacy_fd,1,1999.0,Manish Iyer,Returns Desk,1,VA-EB-PL1,1120,True,True,1460,3459.0,RETURN-QC-OK,True,2025-04
TK-241644,2025-04-16 00:46:00,2025-04-16 05:40,2025-04-18 05:51,resolved,email,C104749,VR900574,VA-EB-PL1,Delivery & Shipping,Normal,Logistics,A3028,0,,50000.0,RETURN-QC-OK,N,"very poor quality.  ordereed my pulse around diwali. the app said pickup today, that was on april 09. i already rescheduled pickup twice. this is the last time i buy from you.",cx: pkp not done | chk pkp awb -> rfnd of rs 500 initiated to source,legacy_fd,1,500.0,Sameer Kapoor,Logistics,1,VA-EB-PL1,1120,True,False,0,0.0,DUP-PAYMENT,True,2025-04
TK-241675,2025-04-17 15:19:00,2025-04-17 15:40,2025-04-17 16:12,resolved,social,C102917,,VA-EB-AIR,Connectivity,Normal,Chat Frontline,A3005,0,,179900.0,GW-OTHER,N,"hi
bluetooth pairing fails every time
airlite","Cx reported device not discoverable. Walked through forget + re-pair. Re-pair successful, resolved on chat.
Amount returned to card; fresh unit shipped from BLR warehouse.",legacy_fd,1,1799.0,Payal Bhatia,Chat Frontline,1,VA-EB-AIR,760,True,False,0,0.0,WTY-BUYBACK,True,2025-04
TK-241676,2025-04-17 15:51:00,2025-04-17 15:57,2025-04-19 16:09,resolved,chat,C107534,VR908044,VA-SW-NX2,Returns & Refunds,Normal,Returns Desk,A3036,0,4.0,130000.0,GW-OTHER,N,where is the money for the return - waiting for your reply,"re: refund delay | checked reverse pickup qc sttaus -> refund approved, rs 1300, 5-7 working days (SOP 3.1)",legacy_fd,1,1300.0,Ritika D'Souza,Returns Desk,1,VA-SW-NX2,2450,True,False,0,0.0,RETURN-QC-OK,True,2025-04
TK-241686,2025-04-18 08:13:00,2025-04-18 08:18,2025-04-20 08:40,resolved,chat,C107645,VR908439,VA-SW-NX2,Returns & Refunds,High,Returns Desk,A3037,0,,617400.0,GW-OTHER,N,"hello, nexa 2 purchased 3 weeks back, order vr908439. refund not received yet. i checked bank. nothing changed. kindly look into it. regards, vihaan bhatt",full refund processed (6174). issue: refund not credited. chk refund status on pg. ~Manish,legacy_fd,1,6174.0,Manish Iyer,Returns Desk,1,VA-SW-NX2,2450,True,False,0,0.0,RETURN-QC-OK,True,2025-04
TK-241688,2025-04-18 09:26:00,2025-04-18 09:30,2025-04-18 10:08,resolved,chat,C106876,VR898470,VA-EB-AIR,App & Firmware,Normal,Chat Frontline,A3013,0,4.0,179900.0,DOA-REPL,Y,"bhai
pairing is not working
itna paisa diya hai","advised fw update via app, resolved. issue: unable to pair with phone. walked through forget + re-pair. credited full amount, new unit also going out tomorrow. ~Rohit",legacy_fd,1,1799.0,Rohit Nair,Chat Frontline,1,VA-EB-AIR,760,True,True,1100,2899.0,DOA-REPL,False,2025-04
TK-241690,2025-04-18 10:05:00,2025-04-18 10:12,2025-04-19 10:30,resolved,voice,C100087,VR904366,VA-EB-AIR,Returns & Refunds,High,Returns Desk,A3037,0,3.0,21600.0,GW-OTHER,N,[IVR transcript] I am losing patience.  Ordered airlite earbuds recently. refund was promised 8 days ago and nothing. I already checked bank. Escalate this to someone senior.,refund of rs 216 initiated to source. issue: refund not credited. chk refund status on pg.,legacy_fd,1,216.0,Manish Iyer,Returns Desk,1,VA-EB-AIR,760,True,False,0,0.0,RETURN-QC-OK,True,2025-04
TK-241705,2025-04-18 19:58:00,2025-04-18 21:52,2025-04-19 22:05,resolved,email,C105423,VR899587,VA-EB-AIR,Returns & Refunds,Normal,Returns Desk,A3036,0,4.0,170900.0,GW-OTHER,N,"Hey, Got the AirLite buds from vireo.in last week. Packed the box a week ago and it's stilll here. I rescheduled pickup twice. Not what I expected from Vireo. PLEASE CALL ME ON MY REGISTERED NUMBER. Thanks & regards","Customer reached out - pkp not done. Re-raised pkp with courier. rfnd approved, Rs 1709, 5-7 working days. Closing. (SOP 5.4)",legacy_fd,1,1709.0,Ritika D'Souza,Returns Desk,1,VA-EB-AIR,760,True,False,0,0.0,DUP-PAYMENT,True,2025-04
TK-241711,2025-04-19 10:06:00,2025-04-19 11:12,2025-04-19 11:35,resolved,voice,C106946,,VA-HP-ST3,Billing & Payments,Normal,Billing,A3033,0,,629900.0,GW-OTHER,N,[IVR transcript] double payment deducted,"1. duplicate payment
2. checked pg for duplicate txn
3. full refund processed (6299)",legacy_fd,1,6299.0,Vikram Banerjee,Billing,1,VA-HP-ST3,2650,True,False,0,0.0,DUP-PAYMENT,True,2025-04
TK-241768,2025-04-22 21:20:00,2025-04-22 21:28,2025-04-23 21:53,closed,chat,C108752,VR880409,VA-EB-AIR,Returns & Refunds,Normal,Returns Desk,A3036,0,,179900.0,GW-OTHER,N,refund was promised 11 days ago and nothing - VR880409,"Contaact re refund not credited. chk refund status on PG. Refund approved, Rs 1799, 5-7 working days. Closing. (SOP 2.7)",legacy_fd,1,1799.0,Ritika D'Souza,Returns Desk,1,VA-EB-AIR,760,True,False,0,0.0,RETURN-QC-OK,True,2025-04
TK-241775,2025-04-23 13:50:00,2025-04-23 14:30,,open,voice,C105578,,VA-SP-MINI,Billing & Payments,High,Billing,A3035,0,,75000.0,GW-OTHER,N,"hi there, this is regarding orbit mini. refund not received yet. i emailed twice. nothing changed. what do i do now? thanks & regards vivaan mehta",Reported: rfnd pending. chk rfnd status on PG. rfnd reprocessed. Case closed with cx consent.,legacy_fd,1,750.0,Dev Kulkarni,Billing,1,VA-SP-MINI,980,True,False,0,0.0,DUP-PAYMENT,True,2025-04
TK-241788,2025-04-24 08:21:00,2025-04-24 08:22,2025-04-25 08:50,resolved,chat,C106470,VR903500,VA-SP-ORB,Billing & Payments,High,Billing,A3033,0,3.0,569900.0,GW-OTHER,N,"the Orbit smart speaker purchasd last month, ordder VR903500. Refund was proimsed 13 days ago and nothing.
Pease call me on my registered number.
Thanks in advance Yash Dhillon","1. refund not credited
2. checked reverse pkp qc status
3. refund reprocessed. full refund issued and replacement dispatched as goodwill.",legacy_fd,1,5699.0,Vikram Banerjee,Billing,1,VA-SP-ORB,2300,True,False,0,0.0,RETURN-QC-OK,True,2025-04
TK-241796,2025-04-24 13:29:00,2025-04-24 20:22,2025-04-24 20:36,resolved,email,C101169,,VA-EB-AIR,Other,Normal,Email Frontline,A3018,0,5.0,143900.0,GW-OTHER,N,"hi sir
ordered the wrong colour, don't ship it
anyone there","1. Order cancellation
2. Cancelled before dispatch
3. Full refund processed (1439)",legacy_fd,1,1439.0,Krishna Bhatt,Email Frontline,1,VA-EB-AIR,760,True,False,0,0.0,CANCEL,True,2025-04
TK-241800,2025-04-24 15:07:00,2025-04-24 19:48,2025-04-24 20:03,resolved,voice,C107163,VR882212,VA-SW-NX2,Connectivity,Normal,Voice Frontline,A3026,0,5.0,519900.0,WTY-BUYBACK,N,[IVR transcript] Pathetic experience honestly. Got the Nexa 2 from Amazon 10 days ago. cannot pair the Nexa 2 with my laptop. I already forgot the device and tried again. Fix this or I am posting on twitter,"Full rfnd processed (5199). Issue: unable to pair w/ phone. chk phone OS version.
Offered rplc, cx preferred rfnd. rfnd processed. //AAD",legacy_fd,1,5199.0,Aadhya Deshpande,Voice Frontline,1,VA-SW-NX2,2450,True,False,0,0.0,PRICE-ADJ,True,2025-04
TK-241806,2025-04-24 21:35:00,2025-04-25 05:18,2025-04-25 05:39,resolved,email,C109104,VR888266,VA-EB-AIR,Connectivity,Normal,Email Frontline,A3016,0,,359800.0,DOA-REPL,Y,"hey
not pairing with my phone
the airlite buds VR888266
??","Cx reported pairing failure. Asked cx to reset the device. Re-pair successful, resolved on chat.
Amount returned to card; fresh unit shipped from BLR warehouse. -TK",legacy_fd,1,3598.0,Thomas Kumar,Email Frontline,1,VA-EB-AIR,760,True,True,1100,4698.0,WTY-BUYBACK,True,2025-04
TK-241826,2025-04-26 08:41:00,2025-04-26 08:42,2025-04-27 08:54,resolved,chat,C107691,VR894241,VA-EB-PL1,Returns & Refunds,Normal,Returns Desk,A3038,0,,212400.0,GW-OTHER,N,"Product: pulse 1
Order: VR894241
Purchased: 11/04
Issue: still waiting for my refund
Tried: emailed twice
Expected: refund","1. Refund pending
2. Checked refund status on PG
3. Refund approved, Rs 2124, 5-7 working days. Cx asked for replacement + rfnd, explained policy, rfnd only.",legacy_fd,1,2124.0,Ankit Dhillon,Returns Desk,1,VA-EB-PL1,1120,True,False,0,0.0,DUP-PAYMENT,True,2025-04
TK-241845,2025-04-27 00:46:00,2025-04-27 00:47,2025-04-29 01:00,resolved,chat,C106775,VR907010,VA-HP-ST3,Returns & Refunds,Normal,Returns Desk,A3038,0,4.0,699900.0,GW-OTHER,N,"Dear Sir/Madam,

I am writing with reference to my order of Strata 3 (VR907010) placed on April 11. The app said pickup today, that was on April 11. I have rescheduled pickup twice. I request you to look into this matter at the earliest.

Yours faithfully,
Daniel Yadav
Kochi","1. pkp missed
2. Checked pkp AWB
3. Full refund processed (6999)",legacy_fd,1,6999.0,Ankit Dhillon,Returns Desk,1,VA-HP-ST3,2650,True,False,0,0.0,DUP-PAYMENT,True,2025-04
TK-241851,2025-04-27 18:22:00,2025-04-27 20:15,2025-05-10 01:24,resolved,email,C109043,,VA-SW-FIT,Warranty & Repair,Normal,Escalations & Warranty,A3038,1,,169900.0,GW-OTHER,N,"Dear Sir/Madam,

I am writing wiith reference to my order of the fit band plced on 18/03. Service centre toook it, now silence. I have clled sevrice centre. I request you to pocess a refund to my original payment method.

Regards,
Dev Agarwal
Gurugram","1. Warranty claim status
2. Followed up with service centre
3. xfer to Returns Desk
4. Repair completed, shipped back.
Amount returned to card; fresh unit shipped from BLR warehouse.",legacy_fd,1,1699.0,Ankit Dhillon,Returns Desk,1,VA-SW-FIT,850,True,False,0,0.0,WTY-BUYBACK,True,2025-04
TK-241857,2025-04-27 21:02:00,2025-04-27 21:17,2025-04-27 21:33,resolved,chat,C107376,,VA-SW-NX2,Other,Low,Chat Frontline,A3014,0,,649900.0,GW-OTHER,N,"hello, bought the nexa 2 around 21/04 from vireo.in. ordered the wrong colour, don't ship it. i tried cancel button, greyed out. need this sorted this week. awaiting response,",rfnd of Rs 6499 initiated to source. Issue: cancellation request. chk shipment status. -AD,legacy_fd,1,6499.0,Anjali D'Souza,Chat Frontline,1,VA-SW-NX2,2450,True,False,0,0.0,CANCEL,True,2025-04
TK-241863,2025-04-28 09:06:00,2025-04-28 09:10,2025-04-30 09:36,resolved,chat,C101893,VR897162,VA-HP-ST3,Delivery & Shipping,Normal,Logistics,A3029,0,3.0,594900.0,GW-OTHER,N,"the app said pickup today, that was on 03-04-2025
vr897162","refund approved, rs 5949, 5-7 working days. issue: reverse pickup pending. re-raised pickup with courier. -RM",legacy_fd,1,5949.0,Rajat Mukherjee,Logistics,1,VA-HP-ST3,2650,True,False,0,0.0,RETURN-QC-OK,True,2025-04
TK-241876,2025-04-29 03:55:00,2025-04-30 01:30,2025-04-30 01:53,resolved,email,C103528,,VA-SP-MINI,Billing & Payments,High,Billing,A3033,0,,224900.0,GW-OTHER,N,"Product: Orbit Mini
Purchased: April 29
Issue: payment was deducted but no order was created
Tried: tried logging out and in
Expected: refund",resolved on call,legacy_fd,1,2249.0,Vikram Banerjee,Billing,1,VA-SP-MINI,980,True,False,0,0.0,DUP-PAYMENT,True,2025-04
TK-241883,2025-04-29 20:02:00,2025-04-29 20:23,2025-04-29 20:56,resolved,voice,C101949,,VA-SW-NX1,Charging & Battery,Normal,Voice Frontline,A3026,0,,899800.0,GW-OTHER,N,"[IVR transcript] Hello Vireo, Ordered the nexa smartwatch 10 days ago.  The promised 30 hours is nowhere close, I get maybe 2. Please resolve asap. Thanks,","re: battery draining fast | adv disabling anc/aod to test -> rfnd approved, rs 8998, 5-7 working days //AAD",legacy_fd,1,8998.0,Aadhya Deshpande,Voice Frontline,1,VA-SW-NX1,1900,True,False,0,0.0,WTY-BUYBACK,True,2025-04
TK-241897,2025-04-30 15:46:00,2025-04-30 19:02,2025-04-30 19:32,resolved,email,C101490,VR906729,VA-EB-PL1,Audio Quality,Normal,Email Frontline,A3018,1,,224900.0,GW-OTHER,Y,everyone on my calls says i sound likke i'm underwater - vr906729,mic issue | checked mic permissions on phone -> replacement unit dispatched. -- Refund done and new unit sent as one-time gesture. ~Krishna,legacy_fd,1,2249.0,Krishna Bhatt,Email Frontline,1,VA-EB-PL1,1120,True,True,1460,3709.0,REVIEW,False,2025-04
TK-241920,2025-05-01 20:25:00,2025-05-01 20:27,2025-05-03 20:51,resolved,chat,C103926,,VA-SP-ORB,Returns & Refunds,Normal,Returns Desk,A3036,0,3.0,599900.0,GW-OTHER,N,"Hi,
This is regarding Orbit speaker. Pickup scheduled but no one showed up.
I rescheduled pickup twice. Nothing changed.
Please advise.
Rgds Suresh Naidu","Refund approved, Rs 5999, 5-7 working days. Issue: pkp not done. Checked pkp AWB. (SOP 5.4)
Replacement declined by cx, refund issued instead.",legacy_fd,1,5999.0,Ritika D'Souza,Returns Desk,1,VA-SP-ORB,2300,True,False,0,0.0,DUP-PAYMENT,True,2025-05
TK-241927,2025-05-01 22:26:00,2025-05-01 22:31,2025-05-01 22:55,closed,chat,C102398,VR882039,VA-SW-FIT,Other,Normal,Chat Frontline,A3017,0,,169900.0,GW-OTHER,N,"sir ji
i was charged twice for one order
the fit band VR882039
hello??","cust contacted re duplicate payment. chk pg for duplicate txn. refund approved, rs 1699, 5-7 working days.",legacy_fd,1,1699.0,Kabir Singh,Email Frontline,1,VA-SW-FIT,850,True,False,0,0.0,DUP-PAYMENT,True,2025-05
TK-241932,2025-05-02 12:34:00,2025-05-02 19:50,2025-05-02 20:26,resolved,email,C109419,VR899422,VA-SW-NX1,Billing & Payments,Normal,Billing,A3035,0,,100000.0,GW-OTHER,N,"hi
i was charged tice for one order
anyone there",Contact re charged twice. chk PG for duplicate txn. Flul rfnd processed (1000). Will monitor.,legacy_fd,1,1000.0,Dev Kulkarni,Billing,1,VA-SW-NX1,1900,True,False,0,0.0,DUP-PAYMENT,True,2025-05
TK-241934,2025-05-02 12:59:00,2025-05-02 14:17,2025-05-05 14:48,closed,email,C106775,VR907010,VA-HP-ST3,Returns & Refunds,Low,Returns Desk,A3036,0,,140000.0,GW-OTHER,N,"hi
the return was accepted but the amount is nowhere in my account
anyone there","Cx says rfnd not credited. chk reverse pickup QC status. rfnd approved, Rs 1400, 5-7 working days. Cx informed.",legacy_fd,1,1400.0,Ritika D'Souza,Returns Desk,1,VA-HP-ST3,2650,True,False,0,0.0,RETURN-QC-OK,True,2025-05
TK-241942,2025-05-02 17:23:00,2025-05-02 22:48,2025-05-04 23:19,resolved,email,C103851,,VA-SW-FIT,Returns & Refunds,Normal,Returns Desk,A3017,1,,199900.0,GW-OTHER,N,"Product: Nexa Fit
Purchased: 26-04-2025
Issue: rfeund was promised 6 days ago and nothing
Tried: emailed twice
Expected: replacement",cx states refund delay. chk refund status on pg. xfer to email frontline. refunded rs 1999. -KS,legacy_fd,1,1999.0,Kabir Singh,Email Frontline,1,VA-SW-FIT,850,True,False,0,0.0,DUP-PAYMENT,True,2025-05
TK-241943,2025-05-02 18:23:00,2025-05-02 18:33,2025-05-02 18:51,resolved,chat,C101638,VR894910,VA-EB-AIR,Returns & Refunds,Normal,Returns Desk,A3036,0,3.0,27000.0,GW-OTHER,N,"hii
still waiting for my refund",cx reached out - refund delay. Checked refund status on PG. ARN shared with cx. Cx informed. (SOP 4.2),legacy_fd,1,270.0,Ritika D'Souza,Returns Desk,1,VA-EB-AIR,760,True,False,0,0.0,RETURN-QC-OK,True,2025-05
TK-241962,2025-05-03 15:59:00,2025-05-03 16:01,2025-05-03 16:15,resolved,chat,C103486,,VA-AC-CH65,Other,Low,Chat Frontline,A3015,0,,75000.0,GW-OTHER,N,"not what i expected from vireo. i bought your charger on 26-04-2025. change of mind, please stop the shipment. i already tried cancel button, greyed out. i want a replacement or refund, nothing else.",Full refund processed (750). Issue: cancel order. Checked shipment status. [closed],legacy_fd,1,750.0,Sameer Jadhav,Chat Frontline,1,VA-AC-CH65,610,True,False,0,0.0,CANCEL,True,2025-05
TK-241993,2025-05-05 12:58:00,2025-05-05 13:11,2025-05-05 13:42,resolved,voice,C104789,VR901542,VA-SW-FIT,Billing & Payments,Normal,Billing,A3033,0,4.0,34000.0,GW-OTHER,N,"[IVR transcript] Dear team, This is regarding the fit band. The page failed after I paid and now nothing shows in my account. Need this sorted this week. Regards, Ananya","1. amount deducted without order
2. confirmed with payment gateway
3. refunded rs 340",legacy_fd,1,340.0,Vikram Banerjee,Billing,1,VA-SW-FIT,850,True,False,0,0.0,DUP-PAYMENT,True,2025-05
TK-242001,2025-05-05 20:27:00,2025-05-05 22:02,2025-05-07 22:36,resolved,email,C102983,VR891811,VA-EB-PL1,Returns & Refunds,Normal,Returns Desk,A3037,0,,199900.0,GW-OTHER,N,"Hey, This is regarding the Pulse buds. You picked up the item 5 days ago and my money hasn't come back. I checked bank. Kindly look into it.",refunded rs 1999. issue: refund pending. chk reverse pkp qc status. ~Manish,legacy_fd,1,1999.0,Manish Iyer,Returns Desk,1,VA-EB-PL1,1120,True,False,0,0.0,RETURN-QC-OK,True,2025-05
TK-242020,2025-05-07 08:44:00,2025-05-07 08:46,2025-05-07 09:01,closed,chat,C105178,,VA-SP-ORB,Delivery & Shipping,Normal,Logistics,A3027,0,,539900.0,WTY-BUYBACK,Y,"Hi, I bought the Orbit smart speaker on May 02. Order status stuck on shipped since May 02. I checked the tracking page daily. Not what I expected from Vireo. Please help. Rgds","1. Shipment not received
2. Confirmed address w/ cx
3. Refund initiated as lost in transit. -- Refunded Rs 5399 and also raised replacement, cx was very upset.",legacy_fd,1,5399.0,Priya Agarwal,Logistics,1,VA-SP-ORB,2300,True,True,2640,8039.0,LOST-TRANSIT,True,2025-05
TK-242025,2025-05-07 10:47:00,2025-05-07 10:58,2025-05-07 11:08,resolved,chat,C104426,,VA-SW-NX2,Other,Low,Chat Frontline,A3011,0,4.0,117000.0,GW-OTHER,N,"I am losing patience. Ordered my Nexa 2 watch 3 weeks back. please cancel, ordered by mistake. I already tried cancel button, greyed out. Refund. Now.",Refunded Rs 1170. Issue: ord cancellation. Cancelled before dispatch.,legacy_fd,1,1170.0,Rohit Gill,Chat Frontline,1,VA-SW-NX2,2450,True,False,0,0.0,CANCEL,True,2025-05
TK-242030,2025-05-07 14:02:00,2025-05-07 14:17,2025-05-07 14:38,resolved,voice,C106841,VR892748,VA-SW-FIT,App & Firmware,Normal,Voice Frontline,A3026,0,,159900.0,WTY-BUYBACK,Y,"the pairing light blinks but nothing ever shos up on my Samsung, VR892748","1. Device not discoverable
2. Walked through forget + re-pair
3. Re-pair successful, rslvd on chat. -- Amount returned to card; fresh unit shipped from BLR warehouse. //AAD",legacy_fd,1,1599.0,Aadhya Deshpande,Voice Frontline,1,VA-SW-FIT,850,True,True,1190,2789.0,WTY-BUYBACK,False,2025-05
TK-242047,2025-05-08 11:43:00,2025-05-08 13:50,2025-05-10 14:06,resolved,email,C109198,VR909973,VA-SP-MINI,Returns & Refunds,High,Returns Desk,A3037,0,,199900.0,GW-OTHER,N,"dear sir/madam,

i am writing with reference to my order of orbit mini (vr909973) placed on april 20. i have been sitting at home for 3 days waiting for yoru courier. i have called courier. i request u to kindly arrange a replacement.

sincerely,
ramesh pandey","refund approved, rs 1999, 5-7 working days. issue: reverse pickup pending. re-raised pickup w/ courier. | offered replacement, cx preferred refund. refund processed. ~Manish",legacy_fd,1,1999.0,Manish Iyer,Returns Desk,1,VA-SP-MINI,980,True,False,0,0.0,RETURN-QC-OK,True,2025-05
TK-242055,2025-05-08 21:22:00,2025-05-08 21:44,2025-05-08 22:08,resolved,voice,C101011,VR905100,VA-HP-ST3,Connectivity,Normal,Voice Frontline,A3035,1,,699900.0,GW-OTHER,N,"Dear team, I buoght Strata 3 on 27-01-2025. The pairing light blinks but nothing ever shows up on my Realme. I tried on another phone. I want my money back. Thanks in advance,","Cust contacted re pairing failure. Checked phone OS version. xfer to Billing. Re-pair successful, rslvd on chat. Follow-up not required.
Both rfnd & rplc given as cx threatened social media.",legacy_fd,1,6999.0,Dev Kulkarni,Billing,1,VA-HP-ST3,2650,True,False,0,0.0,WTY-BUYBACK,True,2025-05
TK-242061,2025-05-09 14:52:00,2025-05-09 15:20,2025-05-10 15:45,resolved,voice,C105471,,VA-HP-ST3,Returns & Refunds,Normal,Returns Desk,A3036,0,2.0,3500.0,RETURN-QC-OK,N,"[IVR transcript] Hi, Ordered my Strata 3 headphones recently. Refund not recieved yet. I emailed twice. I want my money back. Please revert",- (SOP 4.2),helpdesk,0,3500.0,Ritika D'Souza,Returns Desk,1,VA-HP-ST3,2650,True,False,0,0.0,DUP-PAYMENT,True,2025-05
TK-242080,2025-05-10 21:01:00,2025-05-10 21:17,2025-05-10 21:36,resolved,voice,C100145,VR909747,VA-NB-ARC,Billing & Payments,High,Billing,A3035,0,4.0,110400.0,GW-OTHER,N,"card charged two times, VR909747",Cx says duplicate payment. conf UTRs. Refunded Rs 1104. Cx informed.,legacy_fd,1,1104.0,Dev Kulkarni,Billing,1,VA-NB-ARC,540,True,False,0,0.0,DUP-PAYMENT,True,2025-05
TK-242100,2025-05-12 00:00:00,2025-05-12 00:01,2025-05-13 00:19,resolved,chat,C100322,,VA-SP-ORB,Delivery & Shipping,High,Logistics,A3028,0,2.0,72000.0,GW-OTHER,N,box was crushed and the orbit speaker is cracked - need this sorted this week,"1. unit received damaged
2. chk wtih crr for damage claim
3. rfnd approved, rs 720, 5-7 working days",legacy_fd,1,720.0,Sameer Kapoor,Logistics,1,VA-SP-ORB,2300,True,False,0,0.0,DOA-REPL,True,2025-05
TK-242101,2025-05-12 00:01:00,2025-05-12 00:57,2025-05-12 01:07,resolved,chat,C103054,VR893795,VA-SP-MINI,Billing & Payments,High,Billing,A3032,0,4.0,450.0,GW-OTHER,N,"hii
your ad said 20% off and the cart says full price
orbit mini vr893795","1. discount not applied
2. checked coupon validity
3. advised coupon terms, resolved ~Sneha",helpdesk,0,450.0,Sneha Bansal,Billing,1,VA-SP-MINI,980,True,False,0,0.0,PRICE-ADJ,True,2025-05
TK-242112,2025-05-12 13:03:00,2025-05-12 13:04,2025-05-12 13:14,resolved,chat,C102507,VR897415,VA-SW-NX2,Billing & Payments,High,Billing,A3032,0,3.0,97500.0,GW-OTHER,N,"I am losing patience. Ordered the Neax 2 a month ago. change of mind, pls stop the shipment. I already trieed cancel button, greyed out. I want a replacement or refund, nothing else","1. ord cancellation
2. cancelled before dispatch
3. rfnd of rs 975 initiated to source ~Sneha",legacy_fd,1,975.0,Sneha Bansal,Billing,1,VA-SW-NX2,2450,True,False,0,0.0,CANCEL,True,2025-05
TK-242117,2025-05-12 19:09:00,2025-05-12 19:36,2025-05-12 19:48,resolved,voice,C104471,,VA-SP-MINI,Billing & Payments,High,Billing,A3035,0,,2249.0,GW-OTHER,N,"Hi, This is regarding Orbit Mini. Please cancel, ordered by mistake. I tried canccel button, greyed out. Nothing changed. Kindly look into it.","Ticket raised for ord cancellation. Cancelled before dispatch. Cancelled, rfnd initiated. Cx informed.",helpdesk,0,2249.0,Dev Kulkarni,Billing,1,VA-SP-MINI,980,True,False,0,0.0,CANCEL,True,2025-05
TK-242121,2025-05-12 20:52:00,2025-05-12 20:55,2025-05-21 03:01,resolved,chat,C105045,VR897571,VA-SW-NX2,Warranty & Repair,Normal,Escalations & Warranty,A3043,0,,130000.0,GW-OTHER,N,"Hi there, Ordered the Nexa 2 recently. Claim number RMA53698, anyone alive there?. I called service centre. Nothing changed. Very poor quality. Waiting for your reply. Regards, Riya",resolved on call //NIK,legacy_fd,1,1300.0,Nikhil Gupta,Escalations & Warranty,2,VA-SW-NX2,2450,True,False,0,0.0,WTY-BUYBACK,True,2025-05
TK-242131,2025-05-13 12:15:00,2025-05-13 13:00,2025-05-18 13:30,resolved,social,C104767,,VA-AC-CBL,Delivery & Shipping,High,Logistics,A3029,0,3.0,120.0,GW-OTHER,N,"product: the cable
purchased: 03 may
issue: there's a dent on the case straight out of the box
tried: took photos
expected: fix","refund approved, rs 120, 5-7 working days. issue: transit damage. photos received, damage confirmed. -- replacement was offered earlier by chat team, cx opted for refund. -RM",helpdesk,0,120.0,Rajat Mukherjee,Logistics,1,VA-AC-CBL,90,True,False,0,0.0,PRICE-ADJ,True,2025-05
TK-242158,2025-05-14 15:57:00,2025-05-14 16:08,2025-05-14 16:31,resolved,chat,C108329,VR909654,VA-AC-CH65,Delivery & Shipping,Normal,Logistics,A3030,0,4.0,2998.0,GW-OTHER,Y,"bhai
my order has not been delivered yet
abhi tak kuch nahi hua
your charger
pls reply","Reported: order not delivered. conf address w/ cx. Courier conf delivery for 18 May, cx informed. | Processed FR & raised RMA for new set. //AIS",helpdesk,0,2998.0,Aishwarya Trivedi,Logistics,1,VA-AC-CH65,610,True,True,950,3948.0,LOST-TRANSIT,True,2025-05
TK-242191,2025-05-16 14:55:00,2025-05-16 15:04,2025-05-16 15:25,resolved,voice,C103336,VR898481,VA-SP-MINI,Delivery & Shipping,Normal,Logistics,A3030,0,,249900.0,GW-OTHER,N,[IVR transcript] hello ji package not delivered even after 9 days abhi tak kuch nahi hua hello??,Ticket raised for shipment not received. conf address with cx. Full refund processed (2499). //AIS,legacy_fd,1,2499.0,Aishwarya Trivedi,Logistics,1,VA-SP-MINI,980,True,False,0,0.0,LOST-TRANSIT,True,2025-05
TK-242222,2025-05-18 05:17:00,2025-05-18 06:33,2025-05-18 06:54,resolved,email,C103298,VR903392,VA-HP-ST3,Other,Normal,Email Frontline,A3020,0,,63000.0,GW-OTHER,N,"namaste, this is regarding my strata 3 headphones. coupon code not working. what do i do now? thanks in advance, ritika bhatia","cx states coupon not applied. chk coupon validity. rfnd approved, rs 630, 5-7 working days.",legacy_fd,1,630.0,Aadhya Singh,Email Frontline,1,VA-HP-ST3,2650,True,False,0,0.0,PRICE-ADJ,True,2025-05
TK-242253,2025-05-19 15:58:00,2025-05-19 16:12,2025-05-19 16:40,resolved,chat,C103674,VR892753,VA-EB-AIR,Audio Quality,Normal,Chat Frontline,A3012,0,,152900.0,GW-OTHER,N,"Product: AirLite
Purchased: 26 Oct
Issue: everyone on my calls says I sound like I'm underwater
Tried: checked mic permissions
Expected: callback","customer states low mic pickup. tested on call with cx. fw update advised.
refunded rs 1529 and also raised replacement, cx was very upset.",legacy_fd,1,1529.0,Lakshmi Srivastava,Chat Frontline,1,VA-EB-AIR,760,True,False,0,0.0,DOA-REPL,True,2025-05
TK-242266,2025-05-20 11:03:00,2025-05-20 18:10,2025-05-20 18:29,resolved,social,C108989,,VA-AC-CBL,Other,Normal,Chat Frontline,A3014,0,,16000.0,GW-OTHER,N,"Dear Sir/Madam,

I am writing with reference to my orer of braided cable placed on 11-05-2025.  Want to cancel my order. I have tried cancle button, greyed out. I request you to provide a resolution within 3 working days.

Yours faithfully,
Tanvi Agarwal",issue: cancellation request | cancelled bfore dispatch -> full rfnd processed (160) -AD,legacy_fd,1,160.0,Anjali D'Souza,Chat Frontline,1,VA-AC-CBL,90,True,False,0,0.0,CANCEL,True,2025-05
TK-242270,2025-05-20 20:32:00,2025-05-20 20:37,2025-05-21 21:08,resolved,chat,C108383,VR882542,VA-HP-ST3,Returns & Refunds,Normal,Returns Desk,A3036,0,,6999.0,GW-OTHER,N,"hii
where is the money for the return",Cx reported refund delay. Checked refund status on PG. Refund conf credited. Cx informed.,helpdesk,0,6999.0,Ritika D'Souza,Returns Desk,1,VA-HP-ST3,2650,True,False,0,0.0,RETURN-QC-OK,True,2025-05
TK-242277,2025-05-21 10:32:00,2025-05-21 10:56,2025-05-21 11:26,resolved,voice,C104118,VR897046,VA-SW-NX1,Returns & Refunds,Low,Returns Desk,A3037,0,,499900.0,GW-OTHER,N,"[IVR transcript] Dear Sir/Madam, Order VR897046 (Nexa watch). Refund not received yet. I emailed twice. How do I get this fixed? Thanks",refund reprocessed. issue: refund delay. chk reverse pkp qc status.,legacy_fd,1,4999.0,Manish Iyer,Returns Desk,1,VA-SW-NX1,1900,True,False,0,0.0,RETURN-QC-OK,True,2025-05
TK-242280,2025-05-21 11:08:00,2025-05-21 13:01,2025-05-21 13:33,resolved,email,C101577,,VA-HP-ST2,Returns & Refunds,Normal,Returns Desk,A3037,0,,50000.0,RETURN-QC-OK,N,"product: strata 2
purchased: may 16
issue: refund not received yet
tried: emailed twice
expected: callback","1. rfnd not credited
2. checked rfnd status on pg
3. rfnd of rs 500 initiated to source",legacy_fd,1,500.0,Manish Iyer,Returns Desk,1,VA-HP-ST2,2100,True,False,0,0.0,DUP-PAYMENT,True,2025-05
TK-242310,2025-05-22 18:16:00,2025-05-22 19:45,,open,email,C109482,VR896053,VA-EB-PL1,Returns & Refunds,Normal,Returns Desk,A3036,0,,31900.0,GW-OTHER,N,Honestly regretting this purchase. Bought my Pulse around May 04 from vireo.in. I have been sitting at home for 3 days waiting for your courier. I already rescheduled pickup twice. This is the last time I buy from you.,"Ticket raised for reverse pickup pending. Re-raised pickup w/ crr. Refund approved, Rs 319, 5-7 working days. Cx informed.",legacy_fd,1,319.0,Ritika D'Souza,Returns Desk,1,VA-EB-PL1,1120,True,False,0,0.0,RETURN-QC-OK,True,2025-05
TK-242321,2025-05-23 11:44:00,2025-05-23 11:49,2025-05-23 12:12,resolved,chat,C106371,VR880970,VA-SW-NX2,Delivery & Shipping,Normal,Logistics,A3028,0,,649900.0,WTY-BUYBACK,Y,"the parcel looked like it was kicked here from the warehouse, and the unit has a crack
how do i get this fixed?","1. transit damage
2. photos rcvd, damage conf
3. rfnd initiated.
amount returned to card; fresh unit shipped from blr warehouse.",legacy_fd,1,6499.0,Sameer Kapoor,Logistics,1,VA-SW-NX2,2450,True,True,2790,9289.0,DOA-REPL,True,2025-05
TK-242332,2025-05-24 11:21:00,2025-05-24 11:22,2025-05-24 12:03,resolved,chat,C104791,VR883844,VA-EB-PL1,Charging & Battery,Normal,Chat Frontline,A3006,0,,249900.0,GW-OTHER,Y,"hii
no light comes on the case when i plug it in
help","1. case no led / no charge
2. confirmed case led dead
3. replacement case raised. -- refund done and new unit sent as one-time gesture. -VB",legacy_fd,1,2499.0,Varun Bhatt,Chat Frontline,1,VA-EB-PL1,1120,True,True,1460,3959.0,REVIEW,False,2025-05
TK-242356,2025-05-25 10:27:00,2025-05-25 10:29,2025-05-25 11:04,resolved,chat,C102697,VR904790,VA-AC-CBL,Billing & Payments,High,Billing,A3033,0,3.0,6400.0,GW-OTHER,N,"paid via upi, amount deducted, no order confirmation","1. amount deducted without order
2. checked pg dashboard for txn
3. refund approved, rs 64, 5-7 working days",legacy_fd,1,64.0,Vikram Banerjee,Billing,1,VA-AC-CBL,90,True,False,0,0.0,DUP-PAYMENT,True,2025-05
TK-242403,2025-05-27 13:22:00,2025-05-27 13:34,2025-05-30 13:47,resolved,voice,C107533,,VA-SP-MINI,Billing & Payments,High,Billing,A3032,0,,2374.0,RETURN-QC-OK,N,you picked up the item 5 days ago and my money hasn't come back,"1. rfnd delay
2. checked rfnd status on pg
3. rfnd approved, rs 2374, 5-7 working days.
offered rplc, cx preferred refund. refund processed. ~Sneha",helpdesk,0,2374.0,Sneha Bansal,Billing,1,VA-SP-MINI,980,True,False,0,0.0,PRICE-ADJ,True,2025-05
TK-242418,2025-05-28 13:39:00,2025-05-28 14:29,2025-05-28 14:46,resolved,voice,C104048,VR903784,VA-HP-ST3,Billing & Payments,High,Billing,A3035,0,,594900.0,GW-OTHER,N,"[IVR transcript] coupon code not working, vr903784",cx states discount not applied. chk cart eligibility. Refunded Rs 5949. Cx informed.,legacy_fd,1,5949.0,Dev Kulkarni,Billing,1,VA-HP-ST3,2650,True,False,0,0.0,PRICE-ADJ,True,2025-05
TK-242500,2025-05-31 16:07:00,2025-05-31 16:09,2025-05-31 16:22,resolved,chat,C100073,,VA-SW-NX2,Returns & Refunds,Normal,Returns Desk,A3022,1,,308700.0,RETURN-QC-OK,N,"dear sir/madam,
ordeered my nexa 2 watch 10 days ago. refund was promised 16 days ago and nothing.
i emailed twice. nothing changed.
please advise.","cx stats refund delay. Checked refund status on PG. xfer to Email Frontline. Refund approved, Rs 3087, 5-7 working days. (SOP 5.4)",legacy_fd,1,3087.0,Daniel Arora,Email Frontline,1,VA-SW-NX2,2450,True,False,0,0.0,DUP-PAYMENT,True,2025-05
TK-242510,2025-06-01 12:41:00,2025-06-01 12:49,2025-06-03 13:08,resolved,chat,C105350,VR902827,VA-SW-NX2,Delivery & Shipping,Normal,Logistics,A3028,0,3.0,584900.0,GW-OTHER,N,"hi
order not delivered, tracking not updating
help","re: ord not delivered | checked awb with courier -> rfnd approved, rs 5849, 5-7 working dyas",legacy_fd,1,5849.0,Sameer Kapoor,Logistics,1,VA-SW-NX2,2450,True,False,0,0.0,LOST-TRANSIT,True,2025-06
TK-242512,2025-06-01 15:51:00,2025-06-01 16:05,2025-06-04 16:16,resolved,chat,C105731,VR907699,VA-SW-NX2,Delivery & Shipping,Normal,Logistics,A3030,0,,1039800.0,WTY-BUYBACK,N,"Product: my Nexa 2 watch
Order: VR907699
Purchased: May 21
Issue: I haven't received my order
Tried: called the courier
Expected: refund","cx reached out - order not delivered. Raised ticket w/ courier partner. Refunded Rs 10398.
Refund done and new unit sent as one-time gesture. //AIS",legacy_fd,1,10398.0,Aishwarya Trivedi,Logistics,1,VA-SW-NX2,2450,True,False,0,0.0,LOST-TRANSIT,True,2025-06
TK-242519,2025-06-01 19:57:00,2025-06-01 23:29,2025-06-04 23:52,resolved,email,C108840,VR886662,VA-SW-FIT,Returns & Refunds,Normal,Returns Desk,A3037,0,,199900.0,GW-OTHER,N,"Dear Sir/Madam,

I am writing with reference to my order of Nexa Fit (VR886662) placed on 26/05. The app said pickup today, that was on 26/05. I have rescheduled pickup twice. I request you to look into this matter at the earliest.

Yours faithfully,
Ayaan Verma",refunded rs 1999. issue: pickup not done. checked pickup awb. ~Manish,legacy_fd,1,1999.0,Manish Iyer,Returns Desk,1,VA-SW-FIT,850,True,False,0,0.0,DUP-PAYMENT,True,2025-06
TK-242520,2025-06-01 21:27:00,2025-06-01 23:06,2025-06-01 23:30,resolved,social,C103336,,VA-SP-MINI,Returns & Refunds,Normal,Returns Desk,A3038,0,,37500.0,GW-OTHER,N,"Dear Sir/Madam,

I am writing with reference to my order of Orbit Mini placed on May 07. You picked up the item 18 days ago and my money hasn't come back. I have checked bank. I request u to kindly arrange a replacement.

Sincerely,
Aishwarya Roy
Raipur","1. rfnd pending
2. Checked reverse pickup QC status
3. rfnd approved, Rs 375, 5-7 working days",legacy_fd,1,375.0,Ankit Dhillon,Returns Desk,1,VA-SP-MINI,980,True,False,0,0.0,RETURN-QC-OK,True,2025-06
TK-242522,2025-06-02 09:49:00,2025-06-02 11:38,2025-06-03 11:58,resolved,email,C106747,,VA-EB-PL1,Returns & Refunds,Normal,Returns Desk,A3038,0,,2499.0,RETURN-QC-OK,N,"Namaste,
This is regarding the Pulse buds. Packed the box a week ago and it's still here.
I rescheduled pickup twice.
Rally frustrating.
I want a replacement.
Rgds Sukhwinder Das",Full refund processed (2499). Issue: pickup not done. Re-raised pickup w/ courier.,helpdesk,0,2499.0,Ankit Dhillon,Returns Desk,1,VA-EB-PL1,1120,True,False,0,0.0,DUP-PAYMENT,True,2025-06
TK-242534,2025-06-02 22:21:00,2025-06-02 22:30,2025-06-02 23:06,resolved,chat,C103359,VR907976,VA-NB-ARC,Audio Quality,Normal,Chat Frontline,A3003,0,,1104.0,WTY-BUYBACK,Y,"heello
no sound from the rigt earbud
the neckband VR907976","1. No audio one side
2. Walked through reset
3. Reset rslvd (SOP 3.1)
Refunded Rs 1104 and also raised rplc, cx was very upset. -KS",helpdesk,0,1104.0,Komal Singh,Chat Frontline,1,VA-NB-ARC,540,True,True,880,1984.0,REVIEW,False,2025-06
TK-242544,2025-06-03 20:13:00,2025-06-03 20:20,2025-06-05 20:47,resolved,voice,C101938,VR890151,VA-SW-NX2,Returns & Refunds,High,Returns Desk,A3036,0,3.0,584900.0,GW-OTHER,N,Really frustrating. Got Neax 2 from Amazon in May. still waiting for my refund. I already checkked bank. This is the last tiem I buy from you.,"1. rfnd not credited
2. Checked rfnd status on PG
3. ARN shared with cx (SOP 4.2)",legacy_fd,1,5849.0,Ritika D'Souza,Returns Desk,1,VA-SW-NX2,2450,True,False,0,0.0,RETURN-QC-OK,True,2025-06
TK-242590,2025-06-05 18:15:00,2025-06-05 18:41,2025-06-05 19:15,resolved,email,C106149,VR898933,VA-EB-PL1,Other,Normal,Email Frontline,A3018,0,,199900.0,GW-OTHER,N,"hii
i was charged twice for one order
??",re: duplicate payment | confirmed utrs -> full refund processed (1999) ~Krishna,legacy_fd,1,1999.0,Krishna Bhatt,Email Frontline,1,VA-EB-PL1,1120,True,False,0,0.0,DUP-PAYMENT,True,2025-06
TK-242598,2025-06-06 11:12:00,2025-06-06 12:25,2025-06-11 12:43,resolved,email,C105408,VR908618,VA-HP-ST3,Delivery & Shipping,Normal,Logistics,A3028,0,4.0,5599.0,WTY-BUYBACK,N,"namaste, bought the strata 3 around june 05 from vireo.in. order status stuck on shipped since june 05. i checked with neighbours. honestly regretting this purchase. need this sorted this week. rgds,","ticket raised for dlvry delayed. conf address w/ cx. crr conf dlvry for 12 jun, cx informed. credited full amount, new unit also going out tomorrow.",helpdesk,0,5599.0,Sameer Kapoor,Logistics,1,VA-HP-ST3,2650,True,False,0,0.0,LOST-TRANSIT,True,2025-06
TK-242621,2025-06-07 21:50:00,2025-06-07 22:58,2025-06-07 23:19,resolved,social,C105128,,VA-EB-PL1,Other,Normal,Chat Frontline,A3028,2,,337.0,GW-OTHER,N,i am losing patience.  got pulse 1 from flipkart last week. package not delivered even after 11 days. i already called teh courier. refund. now,ticket raised for ord not delivered. raised ticket w/ crr partner. xfer to logistics. refunded rs 337.,helpdesk,0,337.0,Sameer Kapoor,Logistics,1,VA-EB-PL1,1120,True,False,0,0.0,LOST-TRANSIT,True,2025-06
TK-242646,2025-06-09 12:11:00,2025-06-09 12:15,2025-06-09 12:43,resolved,chat,C106221,VR902437,VA-EB-PL1,Delivery & Shipping,Normal,Logistics,A3027,0,3.0,249900.0,WTY-BUYBACK,N,"Hello Vireo,
Bought Pule earbuds around May 26 form Amazon. Order not delivered, tracking not updating.
I checked the tracking page daily. Nothing changed.
Please call me on my registered number.","1. Shipment not received
2. conf address w/ cx
3. Courier conf dlvry for 14 Jun, cx informed.
Both refund & replacement given as cx threatened social media.",legacy_fd,1,2499.0,Priya Agarwal,Logistics,1,VA-EB-PL1,1120,True,False,0,0.0,LOST-TRANSIT,True,2025-06
TK-242648,2025-06-09 19:58:00,2025-06-09 20:07,2025-06-09 20:24,resolved,chat,C102697,,VA-EB-AIR,Other,Normal,Chat Frontline,A3005,0,,323800.0,GW-OTHER,N,want to cancel my order,"Cx says cancel order. Cancelled before dispatch. Already shipped, advised RTO/return.",legacy_fd,1,3238.0,Payal Bhatia,Chat Frontline,1,VA-EB-AIR,760,True,False,0,0.0,CANCEL,True,2025-06
TK-242666,2025-06-10 17:34:00,2025-06-10 17:37,2025-06-10 17:47,resolved,chat,C103061,,VA-SP-MINI,Other,Normal,Chat Frontline,A3012,0,,249900.0,GW-OTHER,N,"Hi there,
This is regarding Orbit Mini.  Order status stuck on shipped since 31/05.
Please resolve asap.","1. order not delivered
2. raised ticket w/ crr partner
3. crr conf delivery for 11 jun, cx informed. processed fr and raised rma for new set.",legacy_fd,1,2499.0,Lakshmi Srivastava,Chat Frontline,1,VA-SP-MINI,980,True,False,0,0.0,LOST-TRANSIT,True,2025-06
TK-242670,2025-06-10 19:33:00,2025-06-10 19:44,2025-06-10 20:11,resolved,chat,C107555,VR902155,VA-NB-ARC,Connectivity,Normal,Chat Frontline,A3012,0,,129900.0,GW-OTHER,N,"Product: the neckband
Order: VR902155
Purchased: 11/05
Issue: bluetooth pairing fails every time
Tried: tried on another phone
Expected: callback","ticket raised for device not discoverable. chk phone os version. re-pair successful, resolved on chat.
refund processed to source; rplc unit also shipped.",legacy_fd,1,1299.0,Lakshmi Srivastava,Chat Frontline,1,VA-NB-ARC,540,True,False,0,0.0,WTY-BUYBACK,True,2025-06
TK-242680,2025-06-11 10:12:00,2025-06-11 10:19,2025-06-11 10:38,resolved,chat,C105939,VR909147,VA-HP-ST2,Billing & Payments,High,Billing,A3020,1,,399900.0,GW-OTHER,N,i was charged twice for one order. vr909147,reported: double charge. chk pg for duplicate txn. xfer to email frontline. refunded rs 3999.,legacy_fd,1,3999.0,Aadhya Singh,Email Frontline,1,VA-HP-ST2,2100,True,False,0,0.0,DUP-PAYMENT,True,2025-06
TK-242686,2025-06-11 12:27:00,2025-06-11 16:16,2025-06-11 16:33,resolved,email,C106716,VR897050,VA-SW-NX1,Billing & Payments,High,Billing,A3035,0,3.0,4999.0,GW-OTHER,N,"bhai
my bank shows the same amount twice on the same day
pls help karo
pls reply",cx reached out - duplicate payment. Confirmed UTRs. rfnd of Rs 4999 initiated to source. Follow-up not required.,helpdesk,0,4999.0,Dev Kulkarni,Billing,1,VA-SW-NX1,1900,True,False,0,0.0,DUP-PAYMENT,True,2025-06
TK-242730,2025-06-14 09:27:00,2025-06-14 09:29,2025-06-17 09:44,resolved,chat,C100717,,VA-SW-FIT,Returns & Refunds,Normal,Returns Desk,A3038,0,,339800.0,GW-OTHER,N,Very poor quality.  This is regarding Nexa Fit. refund was promised 19 days ago & nothing. I already checked bank. This is the lsat time I buy from you.,"1. Refund delay
2. Checked reverse pickup QC status
3. Refund confirmed credited",legacy_fd,1,3398.0,Ankit Dhillon,Returns Desk,1,VA-SW-FIT,850,True,False,0,0.0,RETURN-QC-OK,True,2025-06
TK-242736,2025-06-14 15:33:00,2025-06-14 19:00,2025-06-14 19:23,resolved,email,C107923,VR888826,VA-EB-AIR,Billing & Payments,High,Billing,A3035,0,2.0,179900.0,GW-OTHER,N,"To the Vireo Customer Care Team,

I am writing with reference to my order of AirLite (VR888826) placed on June 08. Paid once, statement disagrees. I have checked with bank. I request you to kindly arrange a replacement.

Sincerely,
Bhavna George
Chandigarh",Cust contacted re duplicate payment. chk PG for duplicate txn. rfnd processed. Cx informed.,legacy_fd,1,1799.0,Dev Kulkarni,Billing,1,VA-EB-AIR,760,True,False,0,0.0,DUP-PAYMENT,True,2025-06
TK-242752,2025-06-15 00:11:00,2025-06-15 00:13,2025-06-18 00:37,resolved,chat,C107507,,VA-SW-NX2,Returns & Refunds,Normal,Returns Desk,A3038,0,4.0,6499.0,GW-OTHER,N,"dear sir/madam,

i am writing with reference to my order of my nexa 2 watch placed on 22-05-2025. the return was accepted but the amount is nowhere in my account. i have emailed twice. i reuqest you to look into this matter at the earliest.

regards,
manih banerjee","1. Refund delay
2. Checked refund status on PG
3. Refunded Rs 6499",helpdesk,0,6499.0,Ankit Dhillon,Returns Desk,1,VA-SW-NX2,2450,True,False,0,0.0,DUP-PAYMENT,True,2025-06
TK-242771,2025-06-15 20:52:00,2025-06-15 21:07,2025-06-15 21:32,resolved,voice,C102558,,VA-EB-AIR,Charging & Battery,Normal,Voice Frontline,A3036,1,,152900.0,GW-OTHER,Y,"[IVR transcript] i am losing patience. bought airlie around 11/05 from amazon. case does not charge, no light at all. i allready charged for 6 hours nothing. escalaate this to someone senior.","Customer states case not charging. Asked cx to try different cable + adaptor. xfer to Returns Desk. Replacement raised, RMA shared w/ cx. Will monitor.
Amount returned to card; fresh unit shipped from BLR warehouse.",legacy_fd,1,1529.0,Ritika D'Souza,Returns Desk,1,VA-EB-AIR,760,True,True,1100,2629.0,DOA-REPL,True,2025-06
TK-242786,2025-06-16 13:58:00,2025-06-16 18:50,2025-06-16 19:14,resolved,email,C106779,,VA-SW-NX2,Returns & Refunds,Normal,Returns Desk,A3036,0,4.0,6499.0,GW-OTHER,N,"helo
refnd not recieved yet
??","Cust contacted re refund not credited. chk refund status on PG. Full refund processed (6499). Cx satisfied on chat. -- rplc declined by cx, refund issued instead.",helpdesk,0,6499.0,Ritika D'Souza,Returns Desk,1,VA-SW-NX2,2450,True,False,0,0.0,RETURN-QC-OK,True,2025-06
TK-242799,2025-06-17 09:36:00,2025-06-17 13:34,2025-06-20 13:55,closed,email,C107628,VR907031,VA-SW-FIT,Returns & Refunds,Normal,Returns Desk,A3038,0,4.0,199900.0,GW-OTHER,N,"team,
where is the money for the return
kuch karo","1. rfnd not credited
2. Checked reverse pickup QC status
3. rfnd approved, Rs 1999, 5-7 working days",legacy_fd,1,1999.0,Ankit Dhillon,Returns Desk,1,VA-SW-FIT,850,True,False,0,0.0,RETURN-QC-OK,True,2025-06
TK-242830,2025-06-19 09:28:00,2025-06-19 09:57,2025-06-22 10:17,resolved,voice,C105153,VR890272,VA-EB-PL1,Delivery & Shipping,Normal,Logistics,A3029,0,,212400.0,DOA-REPL,N,"[IVR transcript] paid on 15 jun, still waiting for something to show up - kindly look into it","refund initiated as lost in transit. issue: shipment not received. raised ticket with courier partner.
cx got the amount back, also sending a new set to keep him happy. -RM",legacy_fd,1,2124.0,Rajat Mukherjee,Logistics,1,VA-EB-PL1,1120,True,False,0,0.0,LOST-TRANSIT,True,2025-06
TK-242848,2025-06-19 21:32:00,2025-06-19 22:47,2025-06-19 23:07,resolved,email,C105398,,VA-HP-ST3,Charging & Battery,Normal,Email Frontline,A3001,0,2.0,664900.0,DOA-REPL,N,"Hi, Got the strata 3 from Amazon last month. Battery life has dropped to almsot nothing. I fully charged & discharged twice. Nothing changed. Please resolve asap. Awaiting response","cx: rapid battery drain | advised disabling anc/aod to test -> replacement raised after test. refunded rs 6649 and also raised replacement, cx was very upset. ~Suresh",legacy_fd,1,6649.0,Suresh Kaur,Chat Frontline,1,VA-HP-ST3,2650,True,False,0,0.0,DUP-PAYMENT,True,2025-06
TK-242870,2025-06-21 11:36:00,2025-06-21 15:06,2025-06-22 15:32,resolved,email,C105350,VR902827,VA-SW-NX2,Returns & Refunds,Normal,Returns Desk,A3036,0,4.0,584900.0,RETURN-QC-OK,N,"hii
refund not received yet
hello??","1. Refund pending
2. Checked refund status on PG
3. ARN shared with cx",legacy_fd,1,5849.0,Ritika D'Souza,Returns Desk,1,VA-SW-NX2,2450,True,False,0,0.0,LOST-TRANSIT,True,2025-06
TK-242957,2025-06-25 19:02:00,2025-06-25 19:45,2025-07-07 23:06,resolved,email,C106204,VR903167,VA-SW-FIT,Warranty & Repair,Low,Escalations & Warranty,A3040,0,,169900.0,GW-OTHER,N,"Got my Nexa Fit band from Amazon 10 days ago. Warranty claim pending for 18 days. I called service centre. I want a replacement. Thanks in advance, Thomas Mishra",issue: warranty claim status | chk rma status -> refund of rs 1699 initiated to source,legacy_fd,1,1699.0,Thomas Jadhav,Escalations & Warranty,2,VA-SW-FIT,850,True,False,0,0.0,WTY-BUYBACK,True,2025-06
TK-242963,2025-06-25 22:35:00,2025-06-25 22:39,2025-06-25 22:52,resolved,chat,C107490,VR891435,VA-SW-NX2,Other,Normal,Chat Frontline,A3002,0,5.0,61700.0,GW-OTHER,N,"hi, nexa 2 purchased 3 weeks back, order vr891435. want to cancel my order. i tried cancel button, greyed out. nothing changed. please call me on my registered number. thanks in advance,",issue: cancellation request | cancelled before dispatch -> refunded rs 617 [closed],legacy_fd,1,617.0,Steven Ansari,Chat Frontline,1,VA-SW-NX2,2450,True,False,0,0.0,CANCEL,True,2025-06
TK-242965,2025-06-26 07:01:00,2025-06-26 08:50,,open,email,C106069,VR892307,VA-NB-ARC,Delivery & Shipping,Normal,Logistics,A3031,0,,129900.0,GW-OTHER,N,"Really frustrating. Tihs is regarding Arc neckband. order not delivered, tracking not updating. I already checked with neighbours. Refund. Now.","1. Delivery delayed
2. Raised ticket with courier partner
3. Refund of Rs 1299 initiated to source",legacy_fd,1,1299.0,Zaid Desai,Logistics,1,VA-NB-ARC,540,True,False,0,0.0,LOST-TRANSIT,True,2025-06
TK-242973,2025-06-26 11:11:00,2025-06-26 11:16,2025-06-26 11:33,resolved,voice,C108464,VR906024,VA-SP-MINI,Returns & Refunds,Normal,Returns Desk,A3037,0,,237400.0,GW-OTHER,N,"[IVR transcript] this is v disappointing.  orbit mini purchased in june, order vr906024. refund not received yet. i already checcked bank. refund. now.","cx ok. | replacement declined by cx, refund issued instead. ~Manish",legacy_fd,1,2374.0,Manish Iyer,Returns Desk,1,VA-SP-MINI,980,True,False,0,0.0,LOST-TRANSIT,True,2025-06
TK-242985,2025-06-26 21:47:00,2025-06-27 00:12,2025-06-27 00:32,resolved,email,C109453,VR901741,VA-HP-ST3,Connectivity,Normal,Email Frontline,A3017,0,4.0,699900.0,GW-OTHER,Y,I bought Strata 3 on 08 Feb. Not pairing w/ my phone. I tried on another phone. Can someone fix this? Thnaks Manish,"cx reported device not discoverable. chk phone os version. adv fw update via app, rslvd.
rfnd done & new unit sent as one-time gesture. -KS",legacy_fd,1,6999.0,Kabir Singh,Email Frontline,1,VA-HP-ST3,2650,True,True,2990,9989.0,WTY-BUYBACK,True,2025-06
TK-242987,2025-06-26 23:04:00,2025-06-27 06:12,2025-06-27 06:32,resolved,email,C105609,,VA-EB-AIR,Other,Normal,Email Frontline,A3022,0,,1799.0,GW-OTHER,N,"Hi Vireo support, Got airlite earbuds from Amazon around Diwali. My son ordered this withut asking, pls reverse. I tried cancel button, greyed out. Nothing changed. I want a replacement.","Cx says cancellation request. Checked shipment status. Refund approved, Rs 1799, 5-7 working days.",helpdesk,0,1799.0,Daniel Arora,Email Frontline,1,VA-EB-AIR,760,True,False,0,0.0,CANCEL,True,2025-06
TK-242991,2025-06-27 09:56:00,2025-06-27 10:03,2025-06-27 10:28,resolved,chat,C104894,VR899671,VA-SW-FIT,Returns & Refunds,Normal,Returns Desk,A3037,0,,199900.0,GW-OTHER,N,"hi team, ordered the fit band last month. received the wrong item. i rechecked my order. can someone fix this? regards",reverse pickup + correct item shipped. issue: wrong variant received. raised w/ warehouse. ~Manish,legacy_fd,1,1999.0,Manish Iyer,Returns Desk,1,VA-SW-FIT,850,True,False,0,0.0,RETURN-QC-OK,True,2025-06
TK-243071,2025-07-01 12:21:00,2025-07-01 12:25,2025-07-01 12:47,resolved,chat,C107108,VR888010,VA-SP-MINI,Returns & Refunds,Normal,Returns Desk,A3037,0,,249900.0,GW-OTHER,N,"helo
still waiting for my refund
anyone there",refund conf credited. issue: refund pending. chk reverse pickup qc status. ~Manish,legacy_fd,1,2499.0,Manish Iyer,Returns Desk,1,VA-SP-MINI,980,True,False,0,0.0,RETURN-QC-OK,True,2025-07
TK-243085,2025-07-02 11:52:00,2025-07-02 14:26,2025-07-05 14:52,resolved,email,C100646,,VA-NB-ARC,Delivery & Shipping,Normal,Logistics,A3030,0,,110400.0,WTY-BUYBACK,Y,"Dear team, This is regarding the neckband. Package not delivered even after 5 days. I checked the tracking page daily. Waiting for your reply. Thanks Diya Bhatt","cx ok.
Credited full amount, new unit also going out tomorrow. //AIS",legacy_fd,1,1104.0,Aishwarya Trivedi,Logistics,1,VA-NB-ARC,540,True,True,880,1984.0,LOST-TRANSIT,True,2025-07
TK-243086,2025-07-02 14:10:00,2025-07-02 14:26,2025-07-02 14:44,resolved,voice,C101283,VR902989,VA-SP-MINI,Other,Normal,Voice Frontline,A3026,0,4.0,2374.0,GW-OTHER,N,"sir ji
my son ordered tis without asking, please reverse
itna paisa diya hai",cx: cancellation request | cancelled before dispatch -> refund of rs 2374 initiated to source,helpdesk,0,2374.0,Aadhya Deshpande,Voice Frontline,1,VA-SP-MINI,980,True,False,0,0.0,CANCEL,True,2025-07
TK-243097,2025-07-02 22:58:00,2025-07-03 00:14,2025-07-03 00:45,resolved,email,C101347,VR909251,VA-HP-ST3,Other,Normal,Email Frontline,A3016,0,3.0,5599.0,GW-OTHER,N,"hello vireo, my strata 3 headphones purchased a month ago, order vr909251. payment was deducted but no order was created. waiting for your reply.",Ticket raised for amount deducted without ord. chk PG dashboard for txn. Refunded Rs 5599. (SOP 3.1) -TK,helpdesk,0,5599.0,Thomas Kumar,Email Frontline,1,VA-HP-ST3,2650,True,False,0,0.0,DUP-PAYMENT,True,2025-07
TK-243098,2025-07-03 00:38:00,2025-07-03 01:16,2025-07-08 07:45,resolved,email,C107023,,VA-EB-PL1,Warranty & Repair,High,Escalations & Warranty,A3039,0,,249900.0,GW-OTHER,Y,"Dear Sir/Madam,

I am writing with reference to my order of pulse 1 placed on 23/05. Claim number RMA55408, anyone alive there?. I have called sevrice centre. I request you to kindly arrange a replacement.

Regards,
Divya Das
Mysuru","warranty claim status | checked qc report -> new unit shipped under doa (sop 5.4) refund + rplc, cx escalation avoided. ~Reyansh",legacy_fd,1,2499.0,Reyansh Mishra,Escalations & Warranty,2,VA-EB-PL1,1120,True,True,1460,3959.0,WTY-BUYBACK,True,2025-07
TK-243141,2025-07-04 17:07:00,2025-07-04 17:21,2025-07-06 17:43,resolved,chat,C105023,,VA-SP-MINI,Returns & Refunds,Normal,Returns Desk,A3036,0,,237400.0,GW-OTHER,N,"Product: orbit mini
Purchased: 06 Jun
Issue: the return was accepted but the amount is nowhere in my account
Tried: emailed twice
Expected: fix",Contact re rfdn not credited. chk reverse pickup QC status. rfnd conf credited. Follow-up not required. (SOP 2.7),legacy_fd,1,2374.0,Ritika D'Souza,Returns Desk,1,VA-SP-MINI,980,True,False,0,0.0,RETURN-QC-OK,True,2025-07
TK-243154,2025-07-05 10:43:00,2025-07-05 12:45,2025-07-10 13:05,resolved,email,C106567,VR897135,VA-SW-NX2,Delivery & Shipping,Normal,Logistics,A3028,0,5.0,6499.0,GW-OTHER,N,it has been 19 days and i have ntohing in hand - how do i get this fixed?,"1. ord not delivered
2. chk awb w/ crr
3. re-shipped from warehouse. | processed fr and raised rma for new set.",helpdesk,0,6499.0,Sameer Kapoor,Logistics,1,VA-SW-NX2,2450,True,False,0,0.0,LOST-TRANSIT,True,2025-07
TK-243157,2025-07-05 12:06:00,2025-07-05 13:24,2025-07-10 13:39,resolved,email,C106231,VR906031,VA-SW-NX2,Delivery & Shipping,High,Logistics,A3029,0,4.0,1299800.0,GW-OTHER,N,"Product: the Nexa 2
Order: VR906031
Purchased: June 26
Issue: it has been 8 days & I have nothing in hand
Tried: checked the tracking page daily
Expected: fix",re: delivery delayed | confirmed address with cx -> refund of rs 12998 initiated to source -RM,legacy_fd,1,12998.0,Rajat Mukherjee,Logistics,1,VA-SW-NX2,2450,True,False,0,0.0,LOST-TRANSIT,True,2025-07
TK-243210,2025-07-07 19:38:00,2025-07-07 20:13,2025-07-08 20:41,resolved,chat,C108634,VR890279,VA-EB-PL1,Delivery & Shipping,Normal,Logistics,A3030,0,,249900.0,GW-OTHER,Y,I haven't received my order - VR890279 - can someone fix this?,"Ticket raised for ord not delivered. conf address w/ cx. rfnd initiated as lost in transit. Issued refund + replacement both, TL aware. //AIS",legacy_fd,1,2499.0,Aishwarya Trivedi,Logistics,1,VA-EB-PL1,1120,True,True,1460,3959.0,LOST-TRANSIT,True,2025-07
TK-243215,2025-07-07 21:39:00,2025-07-07 22:04,,pending,email,C106231,VR906031,VA-SW-NX2,Delivery & Shipping,Low,Logistics,A3027,0,4.0,1299800.0,GW-OTHER,N,"Product: my Nexa 2 watch
Order: VR906031
Purchased: 26/06
Issue: want to cancel my order
Tried: tried cancel button, greyed out
Expected: callback","1. Cancellation request
2. Cancelled befroe dispatch
3. Already shipped, advised RTO/return",legacy_fd,1,12998.0,Priya Agarwal,Logistics,1,VA-SW-NX2,2450,True,False,0,0.0,CANCEL,True,2025-07
TK-243224,2025-07-08 01:34:00,2025-07-08 11:31,2025-07-08 12:02,resolved,email,C102831,VR899108,VA-EB-PL1,Billing & Payments,High,Billing,A3032,0,,224900.0,GW-OTHER,N,"Product: pulse 1
Order: VR899108
Purchased: June 28
Issue: double payment deducted
Tried: waited a week
Expected: replacement","1. duplicate payment
2. checked pg for duplicate txn
3. rfnd approved, rs 2249, 5-7 working days ~Sneha",legacy_fd,1,2249.0,Sneha Bansal,Billing,1,VA-EB-PL1,1120,True,False,0,0.0,DUP-PAYMENT,True,2025-07
TK-243268,2025-07-10 14:46:00,2025-07-10 15:18,2025-07-13 15:37,resolved,email,C109461,VR908654,VA-EB-PL1,Billing & Payments,High,Billing,A3035,0,5.0,224900.0,RETURN-QC-OK,N,"Hi Vireo support, Bought the Pulse buds around 16/06 from vireo.in. Refund was promised 16 days ago and nothing. I emailed twice. Kindly look into it. Thanks in advance Ananya",Contact re rfnd delay. Checked rfnd status on PG. rfnd of Rs 2249 initiated to source. Closing.,legacy_fd,1,2249.0,Dev Kulkarni,Billing,1,VA-EB-PL1,1120,True,False,0,0.0,DUP-PAYMENT,True,2025-07
TK-243273,2025-07-10 18:59:00,2025-07-10 19:03,2025-07-10 19:37,resolved,chat,C108257,VR903653,VA-EB-AIR,Billing & Payments,High,Billing,A3035,0,5.0,179900.0,GW-OTHER,N,I am losing patience. Order VR903653 (airlite earbuds). I was charged twice for one order. I already checked w/ bank. Escalate this to someone senior.,Refunded Rs 1799. Issue: charged twice. Chceked PG for duplicate txn.,legacy_fd,1,1799.0,Dev Kulkarni,Billing,1,VA-EB-AIR,760,True,False,0,0.0,DUP-PAYMENT,True,2025-07
TK-243286,2025-07-11 14:55:00,2025-07-11 16:05,2025-07-11 16:40,resolved,voice,C103494,VR902274,VA-AC-CBL,Billing & Payments,High,Billing,A3035,0,3.0,37900.0,GW-OTHER,N,[IVR transcript] Not acceptable at this price.  This is regarding USB-C cable. two entries of Rs 4999 on my statement for one pair of earbuds. I already waited a week. Refund. Now.,Cx reported charged twice. cnf UTRs. rfnd processed. Cx informed.,legacy_fd,1,379.0,Dev Kulkarni,Billing,1,VA-AC-CBL,90,True,False,0,0.0,DUP-PAYMENT,True,2025-07
TK-243305,2025-07-13 19:00:00,2025-07-14 00:11,2025-07-14 00:26,resolved,social,C106626,VR901307,VA-EB-PL1,Delivery & Shipping,Normal,Logistics,A3028,0,,249900.0,GW-OTHER,N,"hey,
got my pulse from flipkart around diwali.  the courier marked it delivered but nobody in my house got anything.
i called the courier. nothing changed.
i want my money back.
awaiting response,","ticket raised for shipment not rcvd. chk awb w/ crr. re-shipped from warehouse. credited full amount, new unit also going out tomorrow.",legacy_fd,1,2499.0,Sameer Kapoor,Logistics,1,VA-EB-PL1,1120,True,False,0,0.0,LOST-TRANSIT,True,2025-07
TK-243337,2025-07-15 12:55:00,2025-07-15 13:29,2025-07-15 14:00,resolved,voice,C105586,VR886671,VA-EB-AIR,Billing & Payments,High,Billing,A3033,0,,170900.0,GW-OTHER,N,[IVR transcript] helo card charged two times airlite earbuds help,cx says duplicate payment. chk pg for duplicate txn. refund processed.,legacy_fd,1,1709.0,Vikram Banerjee,Billing,1,VA-EB-AIR,760,True,False,0,0.0,DUP-PAYMENT,True,2025-07
TK-243338,2025-07-15 15:18:00,2025-07-15 17:56,2025-07-17 18:17,resolved,email,C105946,VR890335,VA-NB-ARC,Returns & Refunds,Normal,Returns Desk,A3036,0,3.0,1169.0,RETURN-QC-OK,N,"HI VIREO SUPPORT, I BOUGHT THE NECKBAND ON 06-07-2025.  Where is the money for the return. Please advise.","Contact re rfnd delay. chk rfnd status on PG. Full rfnd processed (1169). Case closed w/ cx consent.
Offered replacement, cx preferred rfnd. rfnd processed.",helpdesk,0,1169.0,Ritika D'Souza,Returns Desk,1,VA-NB-ARC,540,True,False,0,0.0,PRICE-ADJ,True,2025-07
TK-243357,2025-07-16 17:15:00,2025-07-16 19:15,2025-07-16 19:32,resolved,email,C104276,VR889291,VA-SW-NX1,Delivery & Shipping,Normal,Logistics,A3030,0,5.0,499900.0,GW-OTHER,N,"Product: Nexa watch
Order: VR889291
Purchased: 13/07
Issue: cancel order VR889291
Tried: tried cancel button, greyed out
Expected: fix",Full refund processed (4999). Issue: order cancellation. Cancelled before dispatch. //AIS,legacy_fd,1,4999.0,Aishwarya Trivedi,Logistics,1,VA-SW-NX1,1900,True,False,0,0.0,CANCEL,True,2025-07
TK-243366,2025-07-17 04:51:00,2025-07-17 05:31,2025-07-17 05:57,resolved,social,C101721,VR903943,VA-EB-PL1,Charging & Battery,Normal,Chat Frontline,A3017,0,,237400.0,WTY-BUYBACK,Y,goes from full to empty during one commute - vr903943 - can someone fix this?,cx says rapid battery drain. chk usage pattern w/ cx. rplc raised after test. -- reversed the payment & dispatched a new one under rma. -KS,legacy_fd,1,2374.0,Kabir Singh,Email Frontline,1,VA-EB-PL1,1120,True,True,1460,3834.0,WTY-BUYBACK,False,2025-07
TK-243392,2025-07-18 12:12:00,2025-07-18 12:14,2025-07-18 12:30,resolved,chat,C108594,VR901743,VA-SW-NX2,Other,Normal,Chat Frontline,A3010,0,,617400.0,GW-OTHER,N,"want to cancel my order, VR901743",cx: ord cancellation | chk shipment sattus -> refunded rs 6174 ~Tenzin,legacy_fd,1,6174.0,Tenzin Mathew,Chat Frontline,1,VA-SW-NX2,2450,True,False,0,0.0,CANCEL,True,2025-07
TK-243401,2025-07-18 23:28:00,2025-07-19 01:16,,open,email,C108067,VR891711,VA-EB-PL2,Billing & Payments,High,Billing,A3032,0,,332400.0,GW-OTHER,N,"Hi Vireo support,
I bought Pulse 2 on 15-07-2025.  I was charged twice for one order.
I waited a week.
Can someone fix this?
Awaiting response, Yash","1. double charge
2. confirmed utrs
3. rfnd of rs 3324 initiated to source",legacy_fd,1,3324.0,Sneha Bansal,Billing,1,VA-EB-PL2,1480,True,False,0,0.0,DUP-PAYMENT,True,2025-07
TK-243402,2025-07-19 11:11:00,2025-07-19 11:39,2025-07-21 12:04,resolved,voice,C108301,VR884737,VA-EB-AIR,Delivery & Shipping,Low,Logistics,A3027,0,3.0,170900.0,GW-OTHER,Y,"[IVR transcript] NOT ACCEPTABLE AT THIS PRICE.  This is regarding AirLite. paid on 17/07, still waiting for something to show up. I already called the courier. Refund. Now.","1. ord not delivered
2. Raised ticket with couriier partner
3. Re-shipped from warehouse. Credited full amount, new unit also going out tomorrow.",legacy_fd,1,1709.0,Priya Agarwal,Logistics,1,VA-EB-AIR,760,True,True,1100,2809.0,LOST-TRANSIT,True,2025-07
TK-243408,2025-07-19 13:12:00,2025-07-19 13:18,2025-07-19 13:52,resolved,chat,C107861,,VA-EB-AIR,Connectivity,Low,Chat Frontline,A3013,0,3.0,170900.0,GW-OTHER,N,"Hi there, Thsi is regarding AirLite. Bluetooth pairing fails every time. I want a replacement. Regards, Megha Pillai","re-pair successful, resovled on chat. issue: unable to pair with phone. walked through forget + re-pair. refund + rplc, cx escalation avoided. ~Rohit",legacy_fd,1,1709.0,Rohit Nair,Chat Frontline,1,VA-EB-AIR,760,True,False,0,0.0,WTY-BUYBACK,True,2025-07
TK-243419,2025-07-19 17:27:00,2025-07-19 17:38,2025-07-31 20:16,resolved,chat,C105940,VR902823,VA-HP-ST3,Warranty & Repair,Low,Escalations & Warranty,A3044,0,,699900.0,DOA-REPL,N,"dear sir/madam,

i am writing with reference to my order of my strata 3 headphones (vr902823) placed on march 25.  claim number rma96580, anyone alive there?. i have called service centre. i request you to process a refund to my original payment method.

yours faithfully,
shreya fernandes
patna","1. Repair status follow-up
2. Followed up wiith service centre
3. Refund of Rs 6999 initiated to source",legacy_fd,1,6999.0,Arjun Kumar,Escalations & Warranty,2,VA-HP-ST3,2650,True,False,0,0.0,WTY-BUYBACK,True,2025-07
TK-243461,2025-07-21 18:43:00,2025-07-22 01:57,2025-07-24 02:23,resolved,email,C100613,,VA-SW-FIT,Delivery & Shipping,Low,Logistics,A3031,0,2.0,199900.0,GW-OTHER,N,"i am losing patience. ordered nexa fit a month ago. paid on 18-07-2025, still waiting for something to show up. i already called the courier. i want a replacement or refund, nothing else.","Courier confirmed delivery for 27 Jul, cx informed. Issue: order not delivered. Raised ticket with courier partner.
Payment reversed Rs 1999. New piece dispatched same day.",legacy_fd,1,1999.0,Zaid Desai,Logistics,1,VA-SW-FIT,850,True,False,0,0.0,LOST-TRANSIT,True,2025-07
TK-243486,2025-07-22 20:11:00,2025-07-22 20:37,2025-07-22 21:05,resolved,social,C105936,VR906346,VA-HP-ST2,Billing & Payments,High,Billing,A3018,1,,225000.0,GW-OTHER,N,"Product: Strata 2
Order: VR906346
Purchased: 10-07-2025
Issue: double payment deducted
Tried: checked with bank
Expected: callback",issue: duplicate payment | confirmed utrs -> refund processed | xfer email frontline ~Krishna,legacy_fd,1,2250.0,Krishna Bhatt,Email Frontline,1,VA-HP-ST2,2100,True,False,0,0.0,DUP-PAYMENT,True,2025-07
TK-243490,2025-07-23 10:10:00,2025-07-23 11:38,2025-07-23 12:27,resolved,voice,C101798,VR899238,VA-EB-PL2,Charging & Battery,High,Voice Frontline,A3024,0,4.0,279900.0,GW-OTHER,N,"Dear team, Ordered Pulse 2 around Diwali. The left earbud is not charging at all. Kindly look into it. Regards Lobsang George",Contact re left bud not charging. Walked through factory reset. rfnd of Rs 2799 initiated to source. Closing. ~Amit,legacy_fd,1,2799.0,Amit Deshpande,Voice Frontline,1,VA-EB-PL2,1480,True,False,0,0.0,DOA-REPL,True,2025-07
TK-243492,2025-07-23 10:34:00,2025-07-23 11:00,2025-07-24 11:25,closed,social,C100816,,VA-SW-NX1,Delivery & Shipping,Normal,Logistics,A3028,0,3.0,474900.0,GW-OTHER,N,"hey
order status stuck on shipped since 10-07-2025
my nexa","shipment not rcvd | chk awb with crr -> rfnd initiated as lost in transit. -- refunded rs 4749 & also raised rplc, cx was very upset.",legacy_fd,1,4749.0,Sameer Kapoor,Logistics,1,VA-SW-NX1,1900,True,False,0,0.0,LOST-TRANSIT,True,2025-07
TK-243496,2025-07-23 11:43:00,2025-07-23 17:26,2025-07-23 17:48,resolved,email,C101694,VR892644,VA-EB-PL1,Delivery & Shipping,Normal,Logistics,A3030,0,,224900.0,GW-OTHER,N,"Product: my Pulse
Order: VR892644
Purchased: 15/07
Issue: my order has not been delivered yet
Tried: checked the tracking page daily
Expected: resolution","1. Order not delivered
2. Raised ticket with courier partner
3. Refund initiated as lost in transit //AIS",legacy_fd,1,2249.0,Aishwarya Trivedi,Logistics,1,VA-EB-PL1,1120,True,False,0,0.0,LOST-TRANSIT,True,2025-07
TK-243501,2025-07-23 16:52:00,2025-07-23 17:36,2025-07-26 18:06,resolved,voice,C107915,VR880989,VA-AC-CH65,Returns & Refunds,Normal,Returns Desk,A3036,0,,254800.0,GW-OTHER,N,[IVR transcript] I hvae been sitting at home for 3 daays waiting for your courier,"Cx repored pickup missed. Checked pickup AWB. Pickup done, refund initiated. Will monitor. (SOP 4.2)
Processed FR and raised RMA for new set.",legacy_fd,1,2548.0,Ritika D'Souza,Returns Desk,1,VA-AC-CH65,610,True,False,0,0.0,WTY-BUYBACK,True,2025-07
TK-243514,2025-07-23 21:50:00,2025-07-23 23:11,2025-07-23 23:29,resolved,social,C104428,VR883131,VA-SP-MINI,Billing & Payments,Normal,Billing,A3033,0,5.0,212400.0,GW-OTHER,N,"Not what I expected from Vireo. the mini speaker purchased recently, order VR883131. promo code shows invalid. I already tried on app and website. Escalate this to someone senior.","1. coupon not applied
2. chk coupon validity
3. refund approved, rs 2124, 5-7 working days",legacy_fd,1,2124.0,Vikram Banerjee,Billing,1,VA-SP-MINI,980,True,False,0,0.0,PRICE-ADJ,True,2025-07
TK-243542,2025-07-25 13:02:00,2025-07-25 13:21,2025-07-25 13:40,resolved,voice,C100848,VR889547,VA-SP-ORB,Billing & Payments,High,Billing,A3032,0,4.0,72000.0,GW-OTHER,N,[IVR transcript] hey promo code shows invalid,"1. coupon not applied
2. chk coupon validity
3. rfnd approved, rs 720, 5-7 working days ~Sneha",legacy_fd,1,720.0,Sneha Bansal,Billing,1,VA-SP-ORB,2300,True,False,0,0.0,PRICE-ADJ,True,2025-07
TK-243554,2025-07-25 20:21:00,2025-07-25 20:27,2025-07-26 21:00,resolved,chat,C105915,,VA-SP-MINI,Returns & Refunds,Normal,Returns Desk,A3036,1,3.0,249900.0,GW-OTHER,N,"refund not received yet
please resolve asap","Cuustomer reached out - refund pending. Cheecked refund status on PG. Refund approved, Rs 2499, 5-7 workign days. Will monitor. (SOP 5.4)
rplc was offered earlier by chat team, cx opted for rfnd.",legacy_fd,1,2499.0,Ritika D'Souza,Returns Desk,1,VA-SP-MINI,980,True,False,0,0.0,PRICE-ADJ,True,2025-07
TK-243565,2025-07-26 10:51:00,2025-07-26 11:56,2025-07-26 12:11,resolved,voice,C103446,VR889715,VA-EB-PL2,Billing & Payments,High,Billing,A3022,2,,349900.0,GW-OTHER,N,"hii
payment was deducted but no order was created
pls reply",full rfnd processed (3499),legacy_fd,1,3499.0,Daniel Arora,Email Frontline,1,VA-EB-PL2,1480,True,False,0,0.0,DUP-PAYMENT,True,2025-07
TK-243586,2025-07-26 21:07:00,2025-07-26 22:06,2025-07-26 22:38,resolved,email,C101760,VR887006,VA-EB-AIR,Billing & Payments,Normal,Billing,A3032,0,,179900.0,GW-OTHER,N,I am losing patience. Got AirLite from vireo.in a month ago. I was charged twice for one order. I already waited a week. This is the last time I buy from you.,"1. duplicate payment
2. confirmed utrs
3. duplicate refunded to source",legacy_fd,1,1799.0,Sneha Bansal,Billing,1,VA-EB-AIR,760,True,False,0,0.0,DUP-PAYMENT,True,2025-07
TK-243592,2025-07-27 08:27:00,2025-07-27 10:29,2025-07-27 10:47,closed,social,C104296,VR900476,VA-SW-FIT,Other,High,Chat Frontline,A3010,0,,199900.0,GW-OTHER,N,"hi
ordered the wrong colour, don't ship it
nexa fit VR900476
urgent",re: cancel order | cancelled before dispatch -> refund of rs 1999 initiated to source ~Tenzin,legacy_fd,1,1999.0,Tenzin Mathew,Chat Frontline,1,VA-SW-FIT,850,True,False,0,0.0,CANCEL,True,2025-07
TK-243601,2025-07-27 13:44:00,2025-07-27 13:57,2025-07-27 14:09,closed,chat,C106910,VR890103,VA-AC-CBL,Other,Normal,Chat Frontline,A3013,0,3.0,33900.0,GW-OTHER,N,"Hi, Got the cable from vireo.in last week.  Change of mind, please stop the shipment. I tried cancel button, greyed out. Nothing changed. I want my money back.","refund approved, rs 339, 5-7 working days. issue: order cancellation. cancelled before dispatch. ~Rohit",legacy_fd,1,339.0,Rohit Nair,Chat Frontline,1,VA-AC-CBL,90,True,False,0,0.0,CANCEL,True,2025-07
TK-243603,2025-07-27 14:23:00,2025-07-27 14:27,2025-07-27 14:48,resolved,chat,C105809,,VA-EB-AIR,Delivery & Shipping,High,Logistics,A3030,0,4.0,170900.0,GW-OTHER,N,screen has a crack before I even switched it on. need this sorted this week,"Cx reported unit rcvd damaged. Photos rcvd, damage confirmed. rfnd of Rs 1709 initiated to source. Cx asked for rplc + refund, explained policy, refund only. //AIS",legacy_fd,1,1709.0,Aishwarya Trivedi,Logistics,1,VA-EB-AIR,760,True,False,0,0.0,DOA-REPL,True,2025-07
TK-243653,2025-07-29 08:26:00,2025-07-29 08:30,2025-08-03 09:04,closed,chat,C106168,VR885577,VA-EB-PL2,Delivery & Shipping,Low,Logistics,A3029,0,4.0,349900.0,DOA-REPL,N,Really frustrating.  Ordered Pulse 2 in July. there's a dent on the case straight out of the box. I already took photos. Fix this or I am posting on twitter,"reverse pickup arranged. issue: transit damage. photos received, damage confirmed. -- replacement was offered earlier by chat team, cx opted for refund. -RM",legacy_fd,1,3499.0,Rajat Mukherjee,Logistics,1,VA-EB-PL2,1480,True,False,0,0.0,PRICE-ADJ,True,2025-07
TK-243657,2025-07-29 09:28:00,2025-07-29 09:47,2025-07-29 10:15,resolved,voice,C105636,VR897206,VA-SW-NX1,Billing & Payments,Normal,Billing,A3033,0,3.0,75000.0,GW-OTHER,N,[IVR transcript] my bank shows the same amount twice on the same day - VR897206,"1. charged twice
2. checked pg for duplicate txn
3. rfnd approved, rs 750, 5-7 working days",legacy_fd,1,750.0,Vikram Banerjee,Billing,1,VA-SW-NX1,1900,True,False,0,0.0,DUP-PAYMENT,True,2025-07
TK-243661,2025-07-29 10:29:00,2025-07-29 12:54,2025-07-31 13:19,resolved,email,C104256,,VA-EB-PL2,Returns & Refunds,Normal,Returns Desk,A3038,0,,297400.0,GW-OTHER,N,"This is very disappointing. I bought Pulse2 on July 20. refund not received yet. I already checked bank. I want a replacement or refund, nothing else.","1. rfnd delay
2. Checked rfnd status on PG
3. Full rfnd processed (2974)",legacy_fd,1,2974.0,Ankit Dhillon,Returns Desk,1,VA-EB-PL2,1480,True,False,0,0.0,RETURN-QC-OK,True,2025-07
TK-243676,2025-07-29 15:09:00,2025-07-29 15:18,2025-08-03 15:37,resolved,voice,C100848,VR889547,VA-SP-ORB,Delivery & Shipping,High,Logistics,A3030,0,,4799.0,GW-OTHER,N,"[IVR transcript] bought my orbit around 16 jul from vireo.in.  i haven't received my order. i checked the tracking page daily. nothing changed. i want my money back. please revert, harsh shah",Cx reported delivery delayed. Raised ticket w/ crr partner. Refund initiated as lost in transit. Both refund & replacement given as cx threatened social media. //AIS,helpdesk,0,4799.0,Aishwarya Trivedi,Logistics,1,VA-SP-ORB,2300,True,False,0,0.0,LOST-TRANSIT,True,2025-07
TK-243710,2025-07-31 08:08:00,2025-07-31 08:12,2025-07-31 08:36,resolved,chat,C100429,,VA-HP-ST2,Charging & Battery,Normal,Chat Frontline,A3010,0,,449900.0,DOA-REPL,Y,"hello vireo, i bought strata 2 on 12 aug. battery draining even when not in use. please resolve asap. please revert swati gupta","poor battery backup | chk usage pattern with cx -> escalated to wty. Credited full amount, new unit also going out tomorrow. ~Tenzin",legacy_fd,1,4499.0,Tenzin Mathew,Chat Frontline,1,VA-HP-ST2,2100,True,True,2440,6939.0,WTY-BUYBACK,True,2025-07
TK-243738,2025-08-01 10:11:00,2025-08-01 14:22,2025-08-03 14:50,resolved,email,C105636,VR897206,VA-SW-NX1,Returns & Refunds,Low,Returns Desk,A3036,0,3.0,499900.0,GW-OTHER,N,"Hi,
This is regarding my Nexa. The parcel looked like it was kicked here from the warehouse, and the unit has a crack.
I took photos. Nothing changed.
Kindly look into it.","1. Transit damage
2. Checked witth courier for damage claim
3. Refund of Rs 4999 initiated to source (SOP 5.4) -- Replacement declined by cx, refund issued instead.",legacy_fd,1,4999.0,Ritika D'Souza,Returns Desk,1,VA-SW-NX1,1900,True,False,0,0.0,DOA-REPL,True,2025-08
TK-243778,2025-08-02 17:36:00,2025-08-02 18:23,2025-08-04 18:46,resolved,email,C100077,,VA-EB-PL2,Returns & Refunds,Low,Returns Desk,A3036,0,5.0,297400.0,GW-OTHER,N,"Bought Pulse 2 around 21-07-2025 from vireo.in. Refund was promised 13 days ago and nothing.
I chceked bank. Nothing changed.
Kindly look into it.",Ticket riased for rfnd not credited. Checked reverse pkp QC status. rfnd reprocessed. Cx informed. (SOP 3.1),legacy_fd,1,2974.0,Ritika D'Souza,Returns Desk,1,VA-EB-PL2,1480,True,False,0,0.0,RETURN-QC-OK,True,2025-08
TK-243784,2025-08-03 01:18:00,2025-08-03 01:23,2025-08-03 01:50,resolved,chat,C102710,,VA-EB-PL2,Other,Normal,Chat Frontline,A3017,1,3.0,349900.0,GW-OTHER,N,"I have been a loyal customer and this is how you treat me. This is regarding Pulse 2. two entries of Rs 4999 on my statement for one pair of earbuds. I already checked with bank. I want a replacement or refund, nothing else.",ticket raised for duplicate payment. conf utrs. xfer to email frontline. refunded rs 3499. -KS,legacy_fd,1,3499.0,Kabir Singh,Email Frontline,1,VA-EB-PL2,1480,True,False,0,0.0,DUP-PAYMENT,True,2025-08
TK-243789,2025-08-03 11:42:00,2025-08-03 11:46,2025-08-06 13:32,resolved,chat,C102343,VR902850,VA-SW-NX2,Warranty & Repair,Normal,Escalations & Warranty,A3039,0,4.0,649900.0,GW-OTHER,N,"Product: Nexa 2
Order: VR902850
Purchased: 23-06-2025
Issue: strap pin came off
Tried: bought a third-party strap
Expected: fix",re: strap broken | checked warranty eligibility -> refund of rs 6499 initiated to source (sop 5.4) ~Reyansh,legacy_fd,1,6499.0,Reyansh Mishra,Escalations & Warranty,2,VA-SW-NX2,2450,True,False,0,0.0,WTY-BUYBACK,True,2025-08
TK-243792,2025-08-03 12:51:00,2025-08-03 12:56,2025-08-06 14:32,resolved,chat,C103050,VR906615,VA-SW-NX2,Warranty & Repair,Normal,Escalations & Warranty,A3039,0,4.0,5199.0,GW-OTHER,Y,"Deaar Sir/Madam,

I am writing with reference to my order of Nexa 2 (VR906615) placed on June 29. Touch screen not responding. I have updated firmware. I request you to look into tis matter at teh earliest.

Sincerely,
Deepak Snadhu","escalated to warranty. issue: touch not responding. walked through hard reset. (sop 4.2)
refund + rplc, cx escalation avoided. ~Reyansh",helpdesk,0,5199.0,Reyansh Mishra,Escalations & Warranty,2,VA-SW-NX2,2450,True,True,2790,7989.0,WTY-BUYBACK,True,2025-08
TK-243796,2025-08-03 13:30:00,2025-08-03 14:40,2025-08-03 14:50,resolved,email,C109129,VR901269,VA-EB-PL2,Delivery & Shipping,Normal,Logistics,A3030,0,5.0,314900.0,GW-OTHER,N,my order has not been delivered yet,"Contact re order not delivered. Checked AWB with crr. RTO confirmed, reshipped. //AIS",legacy_fd,1,3149.0,Aishwarya Trivedi,Logistics,1,VA-EB-PL2,1480,True,False,0,0.0,LOST-TRANSIT,True,2025-08
TK-243800,2025-08-03 15:41:00,2025-08-03 15:43,2025-08-04 16:02,resolved,chat,C100895,,VA-EB-PL2,Delivery & Shipping,Normal,Logistics,A3030,0,4.0,332400.0,WTY-BUYBACK,Y,"Namaste, Got pulse 2 buds from Flipkart last week. Tracking has said out for delivery for a week now. I checked the tracking page daily. Nothing changed. Please resolve asap. Awaiting response,","Customer states order not delivered. Confirmed address w/ cx. Courier confirmed delivery for 07 Aug, cx informed. -- Refund processed to source; replacement unit also shipped. //AIS",legacy_fd,1,3324.0,Aishwarya Trivedi,Logistics,1,VA-EB-PL2,1480,True,True,1820,5144.0,LOST-TRANSIT,True,2025-08
TK-243814,2025-08-04 09:08:00,2025-08-04 09:09,2025-08-04 09:42,resolved,chat,C107439,VR880419,VA-SW-NX2,Connectivity,Normal,Chat Frontline,A3007,0,,649900.0,GW-OTHER,Y,"Got my Nexa 2 watch from vireo.in a month ago.  It connects for a second & then vanishes from the device list. I restarted the phone. Please advise. Please revert,","adv fw update via app, rslvd. | reversed the payment & dispatched a new one under rma.",legacy_fd,1,6499.0,Abhishek Gupta,Chat Frontline,1,VA-SW-NX2,2450,True,True,2790,9289.0,WTY-BUYBACK,True,2025-08
TK-243823,2025-08-04 14:01:00,2025-08-04 14:08,2025-08-07 14:20,resolved,chat,C107445,VR893621,VA-EB-AIR,Delivery & Shipping,High,Logistics,A3030,0,,143900.0,GW-OTHER,N,"deaar team, ordered airlite around diwali.  product arrived damaged. kindly look ino it.",Cx reported damaged in transit. Checked with courier for damage claim. Refund of Rs 1439 initiated to source. //AIS,legacy_fd,1,1439.0,Aishwarya Trivedi,Logistics,1,VA-EB-AIR,760,True,False,0,0.0,DOA-REPL,True,2025-08
TK-243843,2025-08-05 08:10:00,2025-08-05 08:20,2025-08-08 08:54,resolved,chat,C104970,VR899904,VA-HP-ST3,Returns & Refunds,Normal,Returns Desk,A3038,0,,559900.0,GW-OTHER,N,refund was promised 9 days ago and nothing. how do i get this fixed?,"1. Refund delay
2. chk reverse pkp QC status
3. Refund reprocessed",legacy_fd,1,5599.0,Ankit Dhillon,Returns Desk,1,VA-HP-ST3,2650,True,False,0,0.0,RETURN-QC-OK,True,2025-08
TK-243880,2025-08-06 13:12:00,2025-08-06 13:13,2025-08-06 13:30,resolved,chat,C106306,VR887489,VA-EB-PL2,Delivery & Shipping,Normal,Logistics,A3029,0,2.0,279900.0,GW-OTHER,N,I haven't received my order - VR887489,refund initiated as lost in transit. issue: shipment not received. checked awb with courier. -- amount returned to card; fresh unit shipped from blr warehouse. -RM,legacy_fd,1,2799.0,Rajat Mukherjee,Logistics,1,VA-EB-PL2,1480,True,False,0,0.0,LOST-TRANSIT,True,2025-08
TK-243895,2025-08-07 10:26:00,2025-08-07 12:13,2025-08-10 12:27,resolved,social,C101763,,VA-EB-PL1,Returns & Refunds,Low,Returns Desk,A3037,0,4.0,33700.0,GW-OTHER,N,"To the Vireo Customer Care Team,

I am writing with reference to my order of my Pulse placed on July 15.  I have been sitting at home for 3 days waiting for your courier. I have rescheduled pickup twice. I request you to look into this matter at the earliest.

Yours faithfully,
Reyansh Mathew",full refund processed (337). issue: reverse pickup pending. chk pickup awb. ~Manish,legacy_fd,1,337.0,Manish Iyer,Returns Desk,1,VA-EB-PL1,1120,True,False,0,0.0,RETURN-QC-OK,True,2025-08
TK-243905,2025-08-07 19:10:00,2025-08-07 19:13,2025-08-10 19:45,resolved,chat,C108737,,VA-SW-FIT,Returns & Refunds,Normal,Returns Desk,A3036,0,3.0,1999.0,GW-OTHER,N,Pathetic experience honestly. I bought Nexa Fit on 20-07-2025. refund not received yet. I already emailed twice. Fix this or I am posting on twitter.,"1. rfnd delay
2. Checked rfnd status on PG
3. rfnd of Rs 1999 initiated to source (SOP 2.7)",helpdesk,0,1999.0,Ritika D'Souza,Returns Desk,1,VA-SW-FIT,850,True,False,0,0.0,RETURN-QC-OK,True,2025-08
TK-243946,2025-08-09 15:34:00,2025-08-09 15:39,2025-08-21 17:00,resolved,chat,C102926,,VA-EB-PL2,Warranty & Repair,High,Escalations & Warranty,A3044,0,,349900.0,DOA-REPL,N,there's a dent on the case straight out of the box - i want a replacement,"1. Unit received damaged
2. Photos received, damage confirmed
3. Refunded Rs 3499. Replacement was offered earlier by chat team, cx opted for refund.",legacy_fd,1,3499.0,Arjun Kumar,Escalations & Warranty,2,VA-EB-PL2,1480,True,False,0,0.0,PRICE-ADJ,True,2025-08
TK-243961,2025-08-09 22:26:00,2025-08-09 22:28,2025-08-09 23:02,resolved,chat,C105625,,VA-EB-AIR,Charging & Battery,Normal,Chat Frontline,A3017,0,,161900.0,GW-OTHER,Y,"Honestly regretting this purchase. Ordered AirLite 2 weeks ago. the L bud is basically a paperweight now, R is fine. I already tried another charger. I want a replacement or refund, nothing else.","ticket raised for left bud not charging. chk case led behaviour w/ cx. rplc approved, reverse pkp arranged. -- full rfnd issued & replacement dispatched as goodwill. -KS",legacy_fd,1,1619.0,Kabir Singh,Email Frontline,1,VA-EB-AIR,760,True,True,1100,2719.0,DOA-REPL,True,2025-08
TK-243965,2025-08-10 04:19:00,2025-08-10 04:24,2025-08-11 04:52,resolved,chat,C106351,VR880697,VA-SP-MINI,Returns & Refunds,Normal,Returns Desk,A3038,0,,2499.0,GW-OTHER,N,"you picked up the item 14 days ago & my money hasn't come back, vr880697","1. rfnd delay
2. Checked reverse pickup QC status
3. ARN shared with cx",helpdesk,0,2499.0,Ankit Dhillon,Returns Desk,1,VA-SP-MINI,980,True,False,0,0.0,RETURN-QC-OK,True,2025-08
TK-243993,2025-08-11 09:42:00,2025-08-11 09:56,2025-08-11 10:33,resolved,chat,C103810,,VA-EB-AIR,Audio Quality,Normal,Chat Frontline,A3007,0,,143900.0,DOA-REPL,Y,"namaste, bought airlite around 03/04 from vireo.in. buzzing sound from the speaker. waiting for your reply. thanks in advance rohan banerjee","closed.
issued rfnd + rplc both, tl aware.",legacy_fd,1,1439.0,Abhishek Gupta,Chat Frontline,1,VA-EB-AIR,760,True,True,1100,2539.0,REVIEW,False,2025-08
TK-244010,2025-08-11 16:38:00,2025-08-11 17:42,2025-08-13 18:01,resolved,social,C107982,,VA-SP-MINI,Returns & Refunds,High,Returns Desk,A3006,2,3.0,237400.0,GW-OTHER,N,still waiting for my refund,arn shared with cx. issue: refund not credited. checked reverse pickup qc status. via chat frontline. -VB,legacy_fd,1,2374.0,Varun Bhatt,Chat Frontline,1,VA-SP-MINI,980,True,False,0,0.0,RETURN-QC-OK,True,2025-08
TK-244018,2025-08-11 20:27:00,2025-08-11 22:06,2025-08-11 22:36,resolved,social,C105588,VR904650,VA-EB-PL2,Returns & Refunds,Normal,Returns Desk,A3037,0,,594800.0,GW-OTHER,N,"DEAR SIR/MADAM,

I AM WRITING WITH REFERENCE TO MY ORDER OF PULSE 2 BUDS (VR904650) PLACED ON 22 JUL. Return pickup has not happened. I have called courier. I request you to process a refund to my original payment method.

Regards,
Komal Gaikwad","rfnd of rs 5948 initiated to source. issue: reverse pickup pending. re-raised pickup with courier. cx asked for rplc + refund, explained policy, refund only. ~Manish",legacy_fd,1,5948.0,Manish Iyer,Returns Desk,1,VA-EB-PL2,1480,True,False,0,0.0,RETURN-QC-OK,True,2025-08
TK-244031,2025-08-12 16:59:00,2025-08-12 17:05,2025-08-12 17:37,resolved,chat,C103455,VR882709,VA-HP-ST2,Returns & Refunds,Normal,Returns Desk,A3036,0,,499900.0,GW-OTHER,N,"product: strata 2
order: vr882709
purchased: july 14
issue: still waiting for my refund
tried: checked bank
expected: refund",Contact re reund pending. Checked reverse pickup QC status. Refund of Rs 4999 initiated to source. Cx satisfied on chat. (SOP 2.7),legacy_fd,1,4999.0,Ritika D'Souza,Returns Desk,1,VA-HP-ST2,2100,True,False,0,0.0,RETURN-QC-OK,True,2025-08
TK-244040,2025-08-13 07:49:00,2025-08-13 08:01,2025-08-16 08:31,resolved,chat,C106492,,VA-SW-NX2,Returns & Refunds,Normal,Returns Desk,A3037,0,,6174.0,GW-OTHER,Y,"hii
the parcel looekd like it was kicked here from the warehouse, and the unit has a crack
kindly do the needful","rplc raised, rma shared with cx. issue: damaged in transit. photos received, damage confirmed.
money back to source & a fresh pair shipped. ~Manish",helpdesk,0,6174.0,Manish Iyer,Returns Desk,1,VA-SW-NX2,2450,True,True,2790,8964.0,DOA-REPL,True,2025-08
TK-244054,2025-08-13 17:14:00,2025-08-13 17:31,2025-08-15 17:54,resolved,voice,C104995,,VA-HP-ST3,Delivery & Shipping,Normal,Logistics,A3030,0,,5949.0,GW-OTHER,N,"Honestly regretting this purchase.  Ordered Stata 3 3 weeks back. paid on 12-08-2025, still waiting for sommething to show up. I already checked with neighbours. I want a replacement or refund, nothing else.","Reported: ord not delivered. conf address w/ cx. Refund approved, Rs 5949, 5-7 working days.
rplc declined by cx, rfnd issued instead. //AIS",helpdesk,0,5949.0,Aishwarya Trivedi,Logistics,1,VA-HP-ST3,2650,True,False,0,0.0,LOST-TRANSIT,True,2025-08
TK-244078,2025-08-14 20:22:00,2025-08-14 20:33,2025-08-15 21:05,resolved,chat,C107204,,VA-EB-PL2,Returns & Refunds,Normal,Returns Desk,A3036,0,,47200.0,GW-OTHER,N,refund not received yet,"Cx says rnd pending. Checked reverse pkp QC status. rfnd approved, Rs 472, 5-7 working days. Follow-up not required. (SOP 5.4)",legacy_fd,1,472.0,Ritika D'Souza,Returns Desk,1,VA-EB-PL2,1480,True,False,0,0.0,RETURN-QC-OK,True,2025-08
TK-244095,2025-08-15 18:01:00,2025-08-15 18:34,2025-08-15 18:59,resolved,chat,C105269,VR894470,VA-HP-ST3,Other,Normal,Chat Frontline,A3014,0,2.0,559900.0,GW-OTHER,N,"Namaste, Bought the strata 3 aound 13-07-2025 from Amazon.  Microphone is very low on the the strata 3. I chekced mic permissions. Nothing changed. Please call me on my registered number. Regards","Permissions fixed, rslvd. Issue: low mic pkp. Tested on call w/ cx. -- Credited full amount, new unit also going out tomorrow. -AD",legacy_fd,1,5599.0,Anjali D'Souza,Chat Frontline,1,VA-HP-ST3,2650,True,False,0,0.0,DOA-REPL,True,2025-08
TK-244151,2025-08-17 20:24:00,2025-08-18 01:06,2025-08-20 01:40,closed,social,C104230,VR909432,VA-EB-PL2,Returns & Refunds,Normal,Returns Desk,A3007,1,,349900.0,GW-OTHER,N,"Very poor quality.  my Pulse 2 purchased 2 weeks ago, order VR909432. still waiting for my refund. I already checked bank. I want a replacement or refund, nothing else.","see prev.
offered rplc, cx preferred rfnd. rfnd processed.",legacy_fd,1,3499.0,Abhishek Gupta,Chat Frontline,1,VA-EB-PL2,1480,True,False,0,0.0,PRICE-ADJ,True,2025-08
TK-244162,2025-08-18 17:51:00,2025-08-18 17:53,2025-08-26 19:23,resolved,chat,C101737,VR892562,VA-SP-MINI,Other,Low,Chat Frontline,A3014,0,,2249.0,GW-OTHER,N,"Hi Vireo support, Ordered orbit mini 10 days ago. Claim number RMA75889, anyone alive there?. I emailed twice. Kindly look into it. Thank you Arjun",rplc appoved & dispatched. Issue: wty claim status. Checked QC report.,helpdesk,0,2249.0,Anjali D'Souza,Chat Frontline,1,VA-SP-MINI,980,True,False,0,0.0,DUP-PAYMENT,True,2025-08
TK-244165,2025-08-18 20:07:00,2025-08-18 20:13,,open,chat,C108703,VR899010,VA-EB-PL2,Other,Normal,Chat Frontline,A3005,0,3.0,349900.0,GW-OTHER,N,"product: the pulse 2 earbuds
purchased: 29 jul
issue: change of mind, please stop the shipment
tried: tried cancel button, greyed out
expected: resolution","Cust contacted re cancel order. Checked shipment status. Cancelled, refund initiated.",legacy_fd,1,3499.0,Payal Bhatia,Chat Frontline,1,VA-EB-PL2,1480,True,False,0,0.0,CANCEL,True,2025-08
TK-244167,2025-08-18 20:09:00,2025-08-18 20:34,2025-08-24 00:46,resolved,voice,C106022,VR902066,VA-SP-ORB,Warranty & Repair,Normal,Escalations & Warranty,A3042,0,,599900.0,DOA-REPL,N,[IVR transcript] hey i sent the unit in 5 days ago and have heard nothing help,issue: warranty claim status | chk qc report -> refunded rs 5999,legacy_fd,1,5999.0,Swati Bhatia,Escalations & Warranty,2,VA-SP-ORB,2300,True,False,0,0.0,WTY-BUYBACK,True,2025-08
TK-244172,2025-08-19 07:24:00,2025-08-19 10:20,2025-08-19 10:45,resolved,email,C104752,VR906783,VA-SP-MINI,Connectivity,Normal,Email Frontline,A3022,0,,199900.0,GW-OTHER,N,"Not acceptable at this price.  the mini speaker purchased last week, order VR906783. audio keeps discoonnecting every few minutes. I already turned off wifi. This is the last tiem I buy from you.","1. BT dropouts
2. Checked FW 1.6.10
3. Refunded Rs 1999. | Replacement was offered earlier by chat team, cx opted for rfnd.",legacy_fd,1,1999.0,Daniel Arora,Email Frontline,1,VA-SP-MINI,980,True,False,0,0.0,PRICE-ADJ,True,2025-08
TK-244176,2025-08-19 11:21:00,2025-08-19 11:28,2025-08-24 11:49,resolved,voice,C108183,,VA-SP-ORB,Returns & Refunds,Low,Returns Desk,A3037,0,2.0,1080.0,RETURN-QC-OK,Y,"hii
got a different colour than ordered
my orbit
urgent",full rfnd processed (1080). issue: incorrect product shipped. verified order vs delivered item photos.,helpdesk,0,1080.0,Manish Iyer,Returns Desk,1,VA-SP-ORB,2300,True,True,2640,3720.0,REVIEW,False,2025-08
TK-244185,2025-08-19 14:58:00,2025-08-19 15:48,2025-08-22 16:20,resolved,social,C104511,VR895804,VA-EB-PL2,Returns & Refunds,Normal,Returns Desk,A3036,0,3.0,349900.0,WTY-BUYBACK,Y,"hi sir
the return was accepted but the amount is nowhere in my account
please jaldi
my pulse 2 VR895804","Customer reached out - rfnd delay. Checked rfnd status on PG. rfnd of Rs 3499 initiated to source. Will monitor. -- Issued rfnd + replacement both, TL aware.",legacy_fd,1,3499.0,Ritika D'Souza,Returns Desk,1,VA-EB-PL2,1480,True,True,1820,5319.0,REVIEW,False,2025-08
TK-244190,2025-08-19 17:38:00,2025-08-19 17:44,2025-08-24 17:57,closed,chat,C104758,VR902737,VA-SW-NX2,Delivery & Shipping,High,Logistics,A3030,0,,649900.0,DOA-REPL,Y,"Hello Vireo, This is regarding the Nexa 2. Received damaged product. I refused nothing as I didn't notice till later. I have been a loyal customer and this is how you treat me. Need this sorted this week. Regards","Replacement approved, reverse pickup arranged. Issue: transit damage. Photos rcvd, damage confirmed. Processed FR & raised RMA for new set. //AIS",legacy_fd,1,6499.0,Aishwarya Trivedi,Logistics,1,VA-SW-NX2,2450,True,True,2790,9289.0,RETURN-QC-OK,True,2025-08
TK-244194,2025-08-19 19:26:00,2025-08-20 04:06,,open,email,C102354,,VA-SW-NX2,Billing & Payments,Normal,Billing,A3034,0,,123500.0,RETURN-QC-OK,N,"Product: the Nexa 2
Purchased: August 06
Issue: where is the money for the return
Tried: emailed twice
Expected: refund",resolved on call,legacy_fd,1,1235.0,Tanvi Rathore,Billing,1,VA-SW-NX2,2450,True,False,0,0.0,DUP-PAYMENT,True,2025-08
TK-244220,2025-08-20 22:09:00,2025-08-20 22:10,2025-08-21 22:31,resolved,chat,C106656,VR897002,VA-EB-PL2,Returns & Refunds,Normal,Returns Desk,A3037,0,3.0,349900.0,GW-OTHER,N,"Dear Sir/Madam,

I am writing with reference to my order of Pulse 2 (VR897002) placed on 30-07-2025.  You picked up the item 20 days ago and my money hasn't come back. I have emailed twice. I request you to kindly arrange a replacement.

Sincerely,
Kabir Gill
Nagpur",ticket raised for rfnd pending. checked rfnd status on pg. rfnd confirmed credited. case closed w/ cx consent. ~Manish,legacy_fd,1,3499.0,Manish Iyer,Returns Desk,1,VA-EB-PL2,1480,True,False,0,0.0,DUP-PAYMENT,True,2025-08
TK-244228,2025-08-21 10:31:00,2025-08-21 10:43,2025-09-02 15:29,resolved,chat,C103757,,VA-EB-PL2,Warranty & Repair,Normal,Escalations & Warranty,A3039,0,,349900.0,GW-OTHER,N,very poor quality. i bought the pulse 2 earbuds on july 23. no update on my repair. i already called service centre. this is the last time i buy from you.,"repair status follow-up | checked rma status -> replacement approved and dispatched.
amount returned to card; fresh unit shipped from blr warehouse. ~Reyansh",legacy_fd,1,3499.0,Reyansh Mishra,Escalations & Warranty,2,VA-EB-PL2,1480,True,False,0,0.0,WTY-BUYBACK,True,2025-08
TK-244231,2025-08-21 14:33:00,2025-08-21 14:36,2025-08-21 14:46,resolved,chat,C101417,VR880738,VA-EB-PL2,Other,Normal,Chat Frontline,A3012,0,,140000.0,GW-OTHER,N,"please cancel, ordered by msitake
VR880738",contact re cancel order. checked shipment status. full rfnd processed (1400).,legacy_fd,1,1400.0,Lakshmi Srivastava,Chat Frontline,1,VA-EB-PL2,1480,True,False,0,0.0,CANCEL,True,2025-08
TK-244273,2025-08-23 10:13:00,2025-08-23 11:20,2025-08-23 11:33,resolved,email,C104356,VR895937,VA-EB-PL2,Delivery & Shipping,Normal,Logistics,A3029,0,3.0,2799.0,GW-OTHER,N,"Dear team, I bought Pulse2 on 17-08-2025. Ordder not delivered, tracking not updating. I checked with neighbours. Nothing changed. Please help. Rgds Aishwarya Patil","courier confirmed delivery for 27 aug, cx informed. issue: shipment not received. checked awb with courier. -- issued refund + replacement both, tl aware. -RM",helpdesk,0,2799.0,Rajat Mukherjee,Logistics,1,VA-EB-PL2,1480,True,False,0,0.0,LOST-TRANSIT,True,2025-08
TK-244281,2025-08-23 14:59:00,2025-08-23 16:12,2025-08-23 16:34,resolved,email,C104018,VR886489,VA-NB-ARC,Audio Quality,Normal,Email Frontline,A3018,0,,116900.0,DOA-REPL,N,"Hi Vireo support, Ordered Arc nekband a mnoth ago. Microphone is vry low on the Arc neckband. Can someone fix this?","-. Replacement was offered earlier by chat team, cx opted for refund. ~Krishna",legacy_fd,1,1169.0,Krishna Bhatt,Email Frontline,1,VA-NB-ARC,540,True,False,0,0.0,PRICE-ADJ,True,2025-08
TK-244296,2025-08-24 08:05:00,2025-08-24 08:06,2025-08-24 08:20,resolved,chat,C107472,,VA-EB-PL2,Billing & Payments,High,Billing,A3034,0,,157400.0,RETURN-QC-OK,N,"Hello, I bought my Pulse 2 on 21/08.  Refund not received yet. I checked bank. Please resolve asap. Regards Bhavna Goyal","refund approved, rs 1574, 5-7 working days",legacy_fd,1,1574.0,Tanvi Rathore,Billing,1,VA-EB-PL2,1480,True,False,0,0.0,LOST-TRANSIT,True,2025-08
TK-244300,2025-08-24 10:07:00,2025-08-24 10:31,2025-08-27 11:03,resolved,voice,C104349,VR889335,VA-HP-ST2,Returns & Refunds,Normal,Returns Desk,A3038,0,,399900.0,RETURN-QC-OK,N,"[IVR transcript] refund not received yet, vr889335, how do i get this fixed?",Customer states refund pending. chk refund status on PG. Refund of Rs 3999 initiated to source.,legacy_fd,1,3999.0,Ankit Dhillon,Returns Desk,1,VA-HP-ST2,2100,True,False,0,0.0,LOST-TRANSIT,True,2025-08
TK-244317,2025-08-25 13:07:00,2025-08-25 13:10,,open,chat,C104047,VR893243,VA-EB-PL1,Other,Normal,Chat Frontline,A3007,0,,249900.0,GW-OTHER,N,"helo
please cancel, ordered by mistake",closed,legacy_fd,1,2499.0,Abhishek Gupta,Chat Frontline,1,VA-EB-PL1,1120,True,False,0,0.0,CANCEL,True,2025-08
TK-244323,2025-08-25 20:28:00,2025-08-25 22:15,2025-08-25 22:32,resolved,social,C105743,VR891943,VA-SP-ORB,Billing & Payments,High,Billing,A3032,0,,81000.0,GW-OTHER,N,"dear team, this is regarding orbit speaker. card charged two times. how do i get this fixed? thank you","1. charged twice
2. confirmed utrs
3. refunded rs 810 ~Sneha",legacy_fd,1,810.0,Sneha Bansal,Billing,1,VA-SP-ORB,2300,True,False,0,0.0,DUP-PAYMENT,True,2025-08
TK-244330,2025-08-26 10:30:00,2025-08-26 10:32,2025-08-28 10:57,resolved,chat,C103114,VR898873,VA-EB-PL2,Returns & Refunds,Normal,Returns Desk,A3037,0,,148700.0,GW-OTHER,N,"Product: Pulse2
Order: VR898873
Purchased: 19/08
Issue: u picked up the item 11 days ago and my money hasn't come back
Tried: checked bank
Expected: refund","1. refund not credited
2. checked refund status on pg
3. refund of rs 1487 initiated to source ~Manish",legacy_fd,1,1487.0,Manish Iyer,Returns Desk,1,VA-EB-PL2,1480,True,False,0,0.0,RETURN-QC-OK,True,2025-08
TK-244333,2025-08-26 12:30:00,2025-08-26 17:49,2025-08-26 18:15,resolved,social,C106171,VR888191,VA-EB-PL2,Returns & Refunds,Normal,Returns Desk,A3036,0,3.0,349900.0,GW-OTHER,N,"Product: the Pulse 2 earbuds
Order: VR888191
Purchased: August 18
Issue: refund was promised 14 dasy ago and nothng
Tried: emailed twice
Expected: resolution","1. Refund delay
2. chk reverse pickup QC status
3. Refund of Rs 3499 initiated to source (SOP 5.4)",legacy_fd,1,3499.0,Ritika D'Souza,Returns Desk,1,VA-EB-PL2,1480,True,False,0,0.0,RETURN-QC-OK,True,2025-08
TK-244347,2025-08-27 07:25:00,2025-08-27 07:41,2025-08-29 08:16,resolved,chat,C108394,,VA-EB-PL2,Returns & Refunds,Normal,Returns Desk,A3034,1,3.0,420.0,RETURN-QC-OK,N,"Product: Pulse 2
Purchased: August 24
Issue: you picked up the item 4 days ago and my money hasn't come back
Tried: emailed twice
Expected: resolution","see prev (sop 4.2) offered rplc, cx preferred rfnd. rfnd processed.",helpdesk,0,420.0,Tanvi Rathore,Billing,1,VA-EB-PL2,1480,True,False,0,0.0,DUP-PAYMENT,True,2025-08
TK-244349,2025-08-27 09:15:00,2025-08-27 09:20,2025-08-30 09:34,resolved,voice,C100172,VR889018,VA-EB-PL2,Other,Normal,Voice Frontline,A3025,0,,297400.0,GW-OTHER,N,"[IVR transcript] Hi, Ordered Pulse2 2 weeks ago. Paaid on 13/08, still waiting for something to show up. I checked teh tracking page daily. Nothing changed. Please advise. Awaiting response,","rfnd approved, rs 2974, 5-7 working days. issue: shipment not rcvd. raised ticket with crr partner. //KOM",legacy_fd,1,2974.0,Komal Malhotra,Voice Frontline,1,VA-EB-PL2,1480,True,False,0,0.0,LOST-TRANSIT,True,2025-08
TK-244392,2025-08-29 11:25:00,2025-08-29 11:28,2025-08-29 11:52,resolved,chat,C104376,VR898859,VA-EB-PL2,Charging & Battery,Normal,Chat Frontline,A3010,0,,314900.0,GW-OTHER,Y,"hey, pulse 2 purchased last week, order vr898859. the charging case is not charging. i tried wireless charging pad. please resolve asap. please revert varun","re: charging case dead | confirmed case led daed -> rplc case raised.
Full refund issued and replacement dispatched as goodwill. ~Tenzin",legacy_fd,1,3149.0,Tenzin Mathew,Chat Frontline,1,VA-EB-PL2,1480,True,True,1820,4969.0,DOA-REPL,True,2025-08
TK-244396,2025-08-29 12:37:00,2025-08-29 12:40,2025-08-31 13:00,resolved,chat,C104334,VR891936,VA-SP-MINI,Returns & Refunds,High,Returns Desk,A3038,0,2.0,45000.0,RETURN-QC-OK,N,"hi there, orrdered orbit mini last month. packed the box a week ago and it's still here. i rescheduled piickup twice. nothing changed. how do i get this fixed? thank you lobsang","1. Pickup not done
2. Re-raised pickup with courier
3. Full refund processed (450)",legacy_fd,1,450.0,Ankit Dhillon,Returns Desk,1,VA-SP-MINI,980,True,False,0,0.0,DUP-PAYMENT,True,2025-08
TK-244423,2025-08-30 10:28:00,2025-08-30 11:18,2025-08-30 11:38,resolved,voice,C100783,,VA-EB-PL1,Other,Normal,Voice Frontline,A3025,0,3.0,249900.0,GW-OTHER,N,"hii
please cancel, ordeered by mistaek
anyone there","rfnd approved, rs 2499, 5-7 working days. issue: cancel ord. chk shipment status. //KOM",legacy_fd,1,2499.0,Komal Malhotra,Voice Frontline,1,VA-EB-PL1,1120,True,False,0,0.0,CANCEL,True,2025-08
TK-244433,2025-08-30 19:35:00,2025-08-30 19:35,2025-08-30 19:51,resolved,chat,C102271,,VA-EB-AIR,Other,Normal,Chat Frontline,A3005,0,,810.0,GW-OTHER,N,"hello,
i bought the airlite buds on 18-08-2025. cancel order.
i tried cancel button, greyde out.
please resolve asap.
regards,","Cx says cancel ord. Cancelled before dispatch. Cancelled, refund initiated.",helpdesk,0,810.0,Payal Bhatia,Chat Frontline,1,VA-EB-AIR,760,True,False,0,0.0,CANCEL,True,2025-08
TK-244456,2025-08-31 15:38:00,2025-08-31 15:49,2025-09-03 16:08,resolved,chat,C106689,VR899312,VA-EB-PL2,Delivery & Shipping,High,Logistics,A3030,0,4.0,332400.0,GW-OTHER,N,"Product: pulse 2 buds
Order: VR899312
Purchased: 21 Aug
Issue: recceived damaged product
Tried: refused nothing as I didn't notice till later
Expected: resolution","Contact re unit received damaged. Photos received, damage confirmed. Reverse pickup arranged. //AIS",legacy_fd,1,3324.0,Aishwarya Trivedi,Logistics,1,VA-EB-PL2,1480,True,False,0,0.0,DOA-REPL,True,2025-08
TK-244458,2025-08-31 19:27:00,2025-08-31 20:47,2025-08-31 21:07,resolved,email,C105887,,VA-EB-PL1,Delivery & Shipping,High,Logistics,A3030,0,4.0,22500.0,GW-OTHER,N,"hii
screen has a crack before i even switched it on
help",as discussed //AIS,legacy_fd,1,225.0,Aishwarya Trivedi,Logistics,1,VA-EB-PL1,1120,True,False,0,0.0,DOA-REPL,True,2025-08
TK-244482,2025-09-01 13:57:00,2025-09-01 14:04,2025-09-01 14:31,resolved,social,C107599,,VA-EB-PL2,Returns & Refunds,Normal,Returns Desk,A3036,0,,349900.0,RETURN-QC-OK,N,"Dear Sir/Madam,

I am writing with reference to my order of Pulse 2 placed on August 04. Return pickup has not happened. I have rescheduled pickup twice. I request you to look into this matter at the earliest.

Yours faithfully,
Krishna Jadhav",Ticket raised for pickup missed. Checked pickup AWB. Pickup rescheduled for 02 Sep. Csae closed w/ cx consent. (SOP 3.1),legacy_fd,1,3499.0,Ritika D'Souza,Returns Desk,1,VA-EB-PL2,1480,True,False,0,0.0,DUP-PAYMENT,True,2025-09
TK-244484,2025-09-01 14:54:00,2025-09-01 23:34,,pending,email,C105873,VR882747,VA-EB-PL1,Delivery & Shipping,Normal,Logistics,A3028,0,,249900.0,GW-OTHER,N,"Product: the Pulse buds
Order: VR882747
Purchased: August 20
Issue: received damaged product
Tried: refused nothing as I didn't notice til later
Expected: callback","full refund processed (2499). issue: unit rcvd damaged. photos rcvd, damage conf.",legacy_fd,1,2499.0,Sameer Kapoor,Logistics,1,VA-EB-PL1,1120,True,False,0,0.0,DOA-REPL,True,2025-09
TK-244492,2025-09-01 19:56:00,2025-09-01 23:11,2025-09-02 23:25,resolved,email,C107510,,VA-EB-PL2,Returns & Refunds,Low,Returns Desk,A3017,2,,279900.0,GW-OTHER,N,"hii
refund not received yet
anyone there",ticket raised for rfnd not credited. chk reverse pkp qc status. xfer to email frontline. refunded rs 2799. -KS,legacy_fd,1,2799.0,Kabir Singh,Email Frontline,1,VA-EB-PL2,1480,True,False,0,0.0,RETURN-QC-OK,True,2025-09
TK-244495,2025-09-01 23:47:00,2025-09-01 23:55,2025-09-02 00:06,resolved,chat,C108690,,VA-SW-NX2,Other,Normal,Chat Frontline,A3038,1,2.0,519900.0,GW-OTHER,N,"very poor quality. got the nexa 2 form vireo.in 3 weeks back. change of mind, please stop the shipment. i already tried cancel button, greyed out. i want a replacement or refund, nothing else.","1. Cancel order
2. Checked shipment status
3. Transferred to Returns Desk
4. Refunded Rs 5199",legacy_fd,1,5199.0,Ankit Dhillon,Returns Desk,1,VA-SW-NX2,2450,True,False,0,0.0,CANCEL,True,2025-09
TK-244500,2025-09-02 10:17:00,2025-09-02 10:23,2025-09-02 10:49,resolved,chat,C107744,VR882499,VA-EB-PL2,Delivery & Shipping,Normal,Logistics,A3027,0,3.0,297400.0,DOA-REPL,Y,"dear sir/madam,

i am writing with reference to my order of plse 2 buds (vr882499) placed on 22-08-2025. screen has a crack before i even switched it on. i have refused nothiing as i didn't notice till later. i request you to process a refund to my original payment method.

sincerely,
isha menon
mumbai","1. Transit damage
2. Photos rcvd, damage confirmed
3. Replacement raised, RMA shared w/ cx. -- Money back to source and a fresh pair shipped.",legacy_fd,1,2974.0,Priya Agarwal,Logistics,1,VA-EB-PL2,1480,True,True,1820,4794.0,DOA-REPL,False,2025-09
TK-244515,2025-09-02 17:09:00,2025-09-02 17:11,2025-09-02 17:43,resolved,chat,C104514,VR882896,VA-EB-AIR,Charging & Battery,Low,Chat Frontline,A3015,0,4.0,170900.0,GW-OTHER,Y,"to the vireo customer care team,

i am writing with reference to my order of the airlite buds (vr882896) placed on 01-08-2025. the charging case is not charging. i have charged for 6 hours nothing. i request you to process a refund to my original payment method.

yours faithfully,
saanvi george
vadodara",rplc case raised. Issue: charging case dead. conf case LED dead. -- Amount returned to card; fresh unit shipped from BLR warehouse. [closed],legacy_fd,1,1709.0,Sameer Jadhav,Chat Frontline,1,VA-EB-AIR,760,True,True,1100,2809.0,DOA-REPL,True,2025-09
TK-244553,2025-09-04 07:15:00,2025-09-04 07:21,2025-09-04 07:38,resolved,chat,C106027,,VA-EB-PL1,Other,Normal,Chat Frontline,A3006,0,,249900.0,GW-OTHER,N,"Hello, Ordered my Pulse around Diwali. Want to cancel my order. I tried cancel button, greyed out. Pathetic experience honestly. Please advise.",full refund processed (2499). issue: cancellation request. cancelled before dispatch.,legacy_fd,1,2499.0,Varun Bhatt,Chat Frontline,1,VA-EB-PL1,1120,True,False,0,0.0,CANCEL,True,2025-09
TK-244561,2025-09-04 16:04:00,2025-09-04 16:11,2025-09-04 16:49,resolved,chat,C108716,VR904924,VA-EB-PL1,Billing & Payments,High,Billing,A3035,0,,249900.0,GW-OTHER,N,"To the Vireo Customer Care Team,

I am writing with reference to my order of the Pulse buds placed on 30/08. Payment was deducted but no order was created. I have checked bank statement. I request you to provide a resolution within 3 working days.

Sincerely,
Thomas Ghosh",Cusst contacted re failed order aftter payment. conf w/ payment gateway. Refunded Rs 2499. Cx satisfied on chat.,legacy_fd,1,2499.0,Dev Kulkarni,Billing,1,VA-EB-PL1,1120,True,False,0,0.0,DUP-PAYMENT,True,2025-09
TK-244575,2025-09-05 09:05:00,2025-09-05 09:32,,pending,chat,C108146,,VA-EB-PL2,Returns & Refunds,High,Returns Desk,A3038,0,5.0,349900.0,RETURN-QC-OK,N,"Product: the Pulse 2 earbuds
Order: VR904643
Purchased: 07-08-2025
Issue: refund was promised 16 days ago and nothing
Tried: emailed twice
Expected: resolution","1. Refund delay
2. Checked refund status on PG
3. Refund approved, Rs 3499, 5-7 working days. | Replacement was offered earlier by chat team, cx opted for refund.",legacy_fd,1,3499.0,Ankit Dhillon,Returns Desk,1,VA-EB-PL2,1480,True,False,0,0.0,DUP-PAYMENT,True,2025-09
TK-244578,2025-09-05 10:52:00,2025-09-05 11:05,2025-09-10 11:26,resolved,chat,C106343,,VA-EB-PL2,Other,Normal,Chat Frontline,A3010,0,,297400.0,DOA-REPL,Y,the courier marked it delivered but nobody in my house got anything,"cx: order not delivered | raised ticket with courier partner -> courier conf delivery for 07 sep, cx informed. | Credited full amount, new unit also going out tomorrow. ~Tenzin",legacy_fd,1,2974.0,Tenzin Mathew,Chat Frontline,1,VA-EB-PL2,1480,True,True,1820,4794.0,LOST-TRANSIT,True,2025-09
TK-244635,2025-09-07 12:54:00,2025-09-07 14:35,2025-09-07 14:44,closed,voice,C108533,,VA-EB-PL2,Other,High,Voice Frontline,A3026,0,5.0,31500.0,GW-OTHER,N,"this is very disappointing. this is regarding pulse 2 buds. my son ordered this without asking, please reverse. i already tried cancel button, greyed out. refund. now.",cancel ord | cancelled before dispatch -> full rfnd processed (315) //AAD,legacy_fd,1,315.0,Aadhya Deshpande,Voice Frontline,1,VA-EB-PL2,1480,True,False,0,0.0,CANCEL,True,2025-09
TK-244639,2025-09-07 14:24:00,2025-09-07 15:15,2025-09-10 15:35,resolved,voice,C102107,VR900260,VA-AC-CASE,Billing & Payments,High,Billing,A3035,0,,617.0,RETURN-QC-OK,N,"hi vireo support, replacement case purchased last month, oredr vr900260. still waiting for my refund. i emailed twice. pathetic experience honestly. please help. please revert","1. rnfd delay
2. chk rfdn status on PG
3. Refunded Rs 617",helpdesk,0,617.0,Dev Kulkarni,Billing,1,VA-AC-CASE,620,True,False,0,0.0,DUP-PAYMENT,True,2025-09
TK-244642,2025-09-07 15:02:00,2025-09-07 18:51,2025-09-10 19:06,resolved,email,C101187,,VA-SP-MINI,Returns & Refunds,Normal,Returns Desk,A3036,0,,212400.0,GW-OTHER,N,i have been a loyal customer and this is how you treat me.  bought the mini speaker around 26/08 from amazon. where is the money for the return. i already emailed twice. escalate this to someone senior.,"Contact re refnud delay. Checked refund status on PG. Rfeund approved, Rs 2124, 5-7 workign days. Follow-up not required. (SOP 2.7)",legacy_fd,1,2124.0,Ritika D'Souza,Returns Desk,1,VA-SP-MINI,980,True,False,0,0.0,DUP-PAYMENT,True,2025-09
TK-244677,2025-09-08 12:23:00,2025-09-08 12:29,2025-09-08 13:02,resolved,chat,C109474,,VA-HP-ST3,Connectivity,Normal,Chat Frontline,A3013,0,4.0,6999.0,GW-OTHER,Y,"Pathetic experience honestly. Got my Strata 3 headphones from vireo.in last month. not pairing with my phone. I already tried on another phone. I want a replacement or refund, nothing else","cx: pairing failure | asked cx to reset the device -> reset done, paired ok. | credited full amount, new unit also going out tomorrow. ~Rohit",helpdesk,0,6999.0,Rohit Nair,Chat Frontline,1,VA-HP-ST3,2650,True,True,2990,9989.0,WTY-BUYBACK,True,2025-09
TK-244733,2025-09-10 14:46:00,2025-09-10 14:53,2025-09-10 15:21,resolved,chat,C101783,VR905751,VA-AC-CH65,Billing & Payments,Normal,Billing,A3035,0,,60000.0,GW-OTHER,N,double payment deducted - VR905751 - please help,"1. Duplicate payment
2. Confirmed UTs
3. rfnd processed",legacy_fd,1,600.0,Dev Kulkarni,Billing,1,VA-AC-CH65,610,True,False,0,0.0,DUP-PAYMENT,True,2025-09
TK-244743,2025-09-10 18:52:00,2025-09-10 19:38,2025-09-10 20:04,resolved,social,C106648,VR895763,VA-SW-NX2,Delivery & Shipping,Normal,Logistics,A3030,0,4.0,1300.0,RETURN-QC-OK,N,"hi, i bought my nexa 2 watch on september 04. opened the parcel and it is a completely different thing. i checked the invoice. how do i get this fixed? thanks in advance, karan yadav","Customer reached out - wrong item delivered. Raised w/ warehouse. Full refund processed (1300). -- Offered rplc, cx preferred rfnd. rfnd processed. //AIS",helpdesk,0,1300.0,Aishwarya Trivedi,Logistics,1,VA-SW-NX2,2450,True,False,0,0.0,PRICE-ADJ,True,2025-09
TK-244746,2025-09-10 19:05:00,2025-09-10 19:07,2025-09-10 19:26,closed,chat,C108398,VR893356,VA-HP-ST2,Other,Low,Chat Frontline,A3005,0,4.0,71200.0,GW-OTHER,N,payment was deducted but no order was created,"1. Failed order after payment
2. Asked for UTR
3. Order manually created",legacy_fd,1,712.0,Payal Bhatia,Chat Frontline,1,VA-HP-ST2,2100,True,False,0,0.0,DUP-PAYMENT,True,2025-09
TK-244754,2025-09-10 22:22:00,2025-09-10 22:26,2025-09-15 22:49,resolved,chat,C108256,VR892934,VA-EB-PL1,Delivery & Shipping,Normal,Logistics,A3031,0,,224900.0,WTY-BUYBACK,N,"hello
received the wrnog item
pulse 1
??","Replacement approved, reverse pickup arranged. Issue: wrong item delivered. Verified order vs delivered item photos. | refund + rplc, cx escalation avoided.",legacy_fd,1,2249.0,Zaid Desai,Logistics,1,VA-EB-PL1,1120,True,False,0,0.0,RETURN-QC-OK,True,2025-09
TK-244757,2025-09-11 01:35:00,2025-09-11 02:42,2025-09-11 03:08,resolved,email,C103993,,VA-SP-MINI,Billing & Payments,Normal,Billing,A3034,0,,100000.0,GW-OTHER,N,"Hello,
Got the mini speaker from Flipkart 10 days ago. Pyment was deducted but no order was created.
I tried logging out and in. Nothing changed.
How do I get this fixed?
Please revert Bhavna","order manually created. issue: payment debited, no order. confirmed with payment gateway.",legacy_fd,1,1000.0,Tanvi Rathore,Billing,1,VA-SP-MINI,980,True,False,0,0.0,DUP-PAYMENT,True,2025-09
TK-244780,2025-09-11 16:24:00,2025-09-11 17:18,2025-09-12 21:51,resolved,social,C102654,,VA-SP-MINI,Warranty & Repair,Normal,Escalations & Warranty,A3040,0,4.0,118700.0,DOA-REPL,N,I sent the unit in 16 days ago & have heard nothing,re: repair status follow-up | followed up with service centre -> full refund processed (1187),legacy_fd,1,1187.0,Thomas Jadhav,Escalations & Warranty,2,VA-SP-MINI,980,True,False,0,0.0,WTY-BUYBACK,True,2025-09
TK-244806,2025-09-12 13:32:00,2025-09-12 14:07,2025-09-15 14:37,resolved,email,C100073,,VA-SW-NX2,Returns & Refunds,Normal,Returns Desk,A3036,0,5.0,649900.0,RETURN-QC-OK,N,"dear sir/madam,
got my nexa 2 watch from amazon last month.  you picked up the item 15 days ago and my money hasn't come back.
i emailed twice. nothing changed.
please advise.",cx reached out - rfnd delay. Chcked rfnd status on PG. rfnnd of Rs 6499 initiated to source. Cx informed. (SOP 3.1),legacy_fd,1,6499.0,Ritika D'Souza,Returns Desk,1,VA-SW-NX2,2450,True,False,0,0.0,DUP-PAYMENT,True,2025-09
TK-244824,2025-09-13 09:23:00,2025-09-13 10:42,2025-09-16 10:54,closed,email,C104393,,VA-EB-PL2,Returns & Refunds,Normal,Returns Desk,A3038,0,,349900.0,GW-OTHER,N,"To the Vireo Customer Care Team,

I am writing w/ reference to my order of Pulse 2 placed on 02-09-2025. The return was accepted but the amount is nowhere in my account. I have emailed twice. I request u to provide a resolution within 3 working days.

Regards,
Kabir George","1. rfnd not credited
2. Checked rfnd status on PG
3. Refunded Rs 3499",legacy_fd,1,3499.0,Ankit Dhillon,Returns Desk,1,VA-EB-PL2,1480,True,False,0,0.0,DUP-PAYMENT,True,2025-09
TK-244840,2025-09-13 20:34:00,2025-09-13 21:24,2025-09-13 21:34,resolved,chat,C101688,,VA-EB-PL2,Other,Normal,Chat Frontline,A3014,0,,2974.0,GW-OTHER,N,"dear sir/madam,

i am writing with reference to my order of the pulse 2 earbuds placed on 05-09-2025. please cancel, ordered by mistake. i have tried cancel button, greyed out. i request you to provide a resolution within 3 working days.

sincerely,
swati rathore
mumbai","Refund approved, Rs 2974, 5-7 wroking days. Issue: cancellation request. Cancelled before dispatch. -AD",helpdesk,0,2974.0,Anjali D'Souza,Chat Frontline,1,VA-EB-PL2,1480,True,False,0,0.0,CANCEL,True,2025-09
TK-244844,2025-09-13 21:27:00,2025-09-13 22:09,2025-09-13 22:20,resolved,voice,C101608,VR884919,VA-SW-NX2,Other,Low,Voice Frontline,A3003,0,4.0,617400.0,GW-OTHER,N,"[IVR transcript] Pathetic experience honestly. Ordered my Nexa 2 watch 3 weeks back. cancel order VR884919. I ALREADY TRIED CANCEL BUTTON, GREYED OUT. I want a replacement or refund, nothing else.","1. Cancel order
2. Cancelled before dispatch
3. Refunded Rs 6174 (SOP 2.7) -KS",legacy_fd,1,6174.0,Komal Singh,Chat Frontline,1,VA-SW-NX2,2450,True,False,0,0.0,CANCEL,True,2025-09
TK-244845,2025-09-13 23:35:00,2025-09-14 06:00,2025-09-15 06:26,resolved,email,C108879,VR907682,VA-EB-PL2,Returns & Refunds,Normal,Returns Desk,A3038,0,,297400.0,GW-OTHER,N,"refund not received yet
vr907682
please resolve asap","1. Refund not credited
2. Checked reverse pickup QC status
3. Refunded Rs 2974",legacy_fd,1,2974.0,Ankit Dhillon,Returns Desk,1,VA-EB-PL2,1480,True,False,0,0.0,RETURN-QC-OK,True,2025-09
TK-244859,2025-09-14 12:37:00,2025-09-14 13:40,,pending,social,C100283,VR891180,VA-EB-PL1,Returns & Refunds,Low,Returns Desk,A3037,0,3.0,2124.0,RETURN-QC-OK,N,"team,
refund not received yet
pulse 1
kindly do the needful",rslvd on call ~Manish,helpdesk,0,2124.0,Manish Iyer,Returns Desk,1,VA-EB-PL1,1120,True,False,0,0.0,LOST-TRANSIT,True,2025-09
TK-244872,2025-09-14 18:39:00,2025-09-14 18:41,2025-09-19 19:06,resolved,chat,C108761,VR894578,VA-EB-PL1,Delivery & Shipping,Normal,Logistics,A3030,0,,2124.0,GW-OTHER,Y,"To the Vireo Customer Care Team,

I am writing with reference to my order of my Pulse (VR894578) placed on 06 Sep. Wrong product delivered. I have checked the invoice. I request you to process a refund to my original payment method.

Regards,
Krishna Khanna",incorrect product shipped | verified order vs delivered item photos -> new unit shipped under doa. -- Processed FR and raised RMA for new set. //AIS,helpdesk,0,2124.0,Aishwarya Trivedi,Logistics,1,VA-EB-PL1,1120,True,True,1460,3584.0,WTY-BUYBACK,True,2025-09
TK-244880,2025-09-14 23:14:00,2025-09-15 05:56,2025-09-15 06:36,resolved,email,C104362,VR887389,VA-EB-AIR,Charging & Battery,Normal,Email Frontline,A3016,0,2.0,1799.0,GW-OTHER,N,"goes from full to empty during one commute
VR887389","Reported: rapid battery drain. chk usage pattern w/ cx. Advised settings change, cx satisfied. (SOP 5.4) Refunded Rs 1799 and also raised replacement, cx was very upset. -TK",helpdesk,0,1799.0,Thomas Kumar,Email Frontline,1,VA-EB-AIR,760,True,False,0,0.0,WTY-BUYBACK,True,2025-09
TK-244891,2025-09-15 13:36:00,2025-09-15 14:13,2025-09-15 14:26,resolved,voice,C109295,,VA-EB-PL2,Other,Normal,Voice Frontline,A3026,0,4.0,3499.0,GW-OTHER,N,"hi there, this is regarding my pulse 2.  please cancel, ordered by mistake. i tried cancel button, greyed out. this is very disappointing. please help.",re: ord cancellation | cancelled before dispatch -> full rfnd processed (3499),helpdesk,0,3499.0,Aadhya Deshpande,Voice Frontline,1,VA-EB-PL2,1480,True,False,0,0.0,CANCEL,True,2025-09
TK-244910,2025-09-15 21:07:00,2025-09-15 22:19,2025-09-15 22:33,resolved,voice,C101252,,VA-EB-AIR,Connectivity,High,Voice Frontline,A3003,0,,1799.0,GW-OTHER,Y,[IVR transcript] pairing is not working,"1. Device not discoverable
2. Asked cx to reset teh device
3. Re-pair successful, resolved on chat (SOP 2.7)
Both refund and replacement given as cx threatened social media. -KS",helpdesk,0,1799.0,Komal Singh,Chat Frontline,1,VA-EB-AIR,760,True,True,1100,2899.0,DOA-REPL,True,2025-09
TK-244931,2025-09-16 13:58:00,2025-09-16 14:34,,pending,chat,C107146,VR895727,VA-SW-NX2,Billing & Payments,High,Billing,A3037,2,3.0,5199.0,GW-OTHER,N,"Dear Sir/Madam,
I bought Nexa 2 on 11/09. My bank sohws the same amount twicce on the same day.
Please resolve asap.",rfnd of rs 5199 initiated to source. issue: double charge. chk pg for duplicate txn. via returns desk. ~Manish,helpdesk,0,5199.0,Manish Iyer,Returns Desk,1,VA-SW-NX2,2450,True,False,0,0.0,DUP-PAYMENT,True,2025-09
TK-244952,2025-09-17 11:45:00,2025-09-17 12:11,2025-09-20 12:37,resolved,voice,C101104,VR894042,VA-EB-PL2,Returns & Refunds,Normal,Returns Desk,A3038,0,,3149.0,RETURN-QC-OK,N,"[IVR transcript] not what i expected from vireo.  pulse2 purchased last week, order vr894042. still waiting for my refund. i already emailed twice. i want a replacement or refund, nothing else.","1. Refund pending
2. chk refund status on PG
3. Refund of Rs 3149 initiated to source. rfnd issued; replacement not applicable (out of stock).",helpdesk,0,3149.0,Ankit Dhillon,Returns Desk,1,VA-EB-PL2,1480,True,False,0,0.0,DUP-PAYMENT,True,2025-09
TK-244966,2025-09-18 09:46:00,2025-09-18 17:24,2025-09-18 17:37,resolved,email,C106077,VR900494,VA-EB-PL2,Delivery & Shipping,Normal,Logistics,A3030,0,3.0,3324.0,GW-OTHER,Y,"Hi Vireo support, This is regarding Pulse 2. Package not delivered even after 16 days. I checked the tracking page daily. Really frustrating. Can someone fix this? Thanks & regards",Cx says order not delivered. Checked AWB w/ courier. Re-shipped from warehouse. Money back to source and a fresh pair shipped. //AIS,helpdesk,0,3324.0,Aishwarya Trivedi,Logistics,1,VA-EB-PL2,1480,True,True,1820,5144.0,LOST-TRANSIT,True,2025-09
TK-244967,2025-09-18 10:39:00,2025-09-18 11:48,,pending,voice,C101070,VR903844,VA-EB-PL2,Other,Normal,Voice Frontline,A3025,0,3.0,2974.0,GW-OTHER,N,cancel order VR903844.  VR903844,rfnd of rs 2974 initiated to source. issue: ord cancellation. chk shipment status. //KOM,helpdesk,0,2974.0,Komal Malhotra,Voice Frontline,1,VA-EB-PL2,1480,True,False,0,0.0,CANCEL,True,2025-09
TK-244969,2025-09-18 11:08:00,2025-09-18 12:36,2025-09-18 12:49,resolved,email,C104230,VR888885,VA-EB-PL1,Delivery & Shipping,Normal,Logistics,A3031,0,4.0,2499.0,GW-OTHER,N,"I have been a loyal customer and this is how you treat me.  This is regarding the Pulse buds. change of mind, please stop the shipment. I already tried cancel button, greyed out. I want a replacement or refund, nothing else.",order cancellation | checked shipment status -> full refund processed (2499),helpdesk,0,2499.0,Zaid Desai,Logistics,1,VA-EB-PL1,1120,True,False,0,0.0,CANCEL,True,2025-09
TK-244971,2025-09-18 11:47:00,2025-09-18 12:21,2025-09-18 12:45,resolved,social,C109377,VR900247,VA-EB-PL2,Billing & Payments,Normal,Billing,A3032,0,,3499.0,GW-OTHER,N,"product: my pulse 2
order: vr900247
purchased: september 04
issue: discount was not applied at checkout
tried: tried on app & website
expected: replacement",customer states coupon not applied. chk cart eligibility. full refund processed (3499). closing. ~Sneha,helpdesk,0,3499.0,Sneha Bansal,Billing,1,VA-EB-PL2,1480,True,False,0,0.0,PRICE-ADJ,True,2025-09
TK-244974,2025-09-18 12:06:00,2025-09-18 18:10,2025-09-18 18:19,resolved,email,C100268,VR908315,VA-HP-ST2,Other,Normal,Email Frontline,A3018,0,,4999.0,GW-OTHER,N,"Hello, Bought Strata 2 around 10-09-2025 from vireo.in. My son ordered this without asking, please reverse. I tried cancel button, greyed out. Very poor quality. Please resolve asap. Thank you","cancel order | cancelled beofre dispatch -> cancelled, refund initiated ~Krishna",helpdesk,0,4999.0,Krishna Bhatt,Email Frontline,1,VA-HP-ST2,2100,True,False,0,0.0,CANCEL,True,2025-09
TK-245000,2025-09-19 11:54:00,2025-09-19 12:26,2025-09-21 12:45,resolved,voice,C100459,VR884350,VA-EB-PL2,Billing & Payments,High,Billing,A3032,0,3.0,3499.0,GW-OTHER,N,[IVR transcript] hey u picked up the item 4 days ago and my moeny hasn't come back pulse2 urgent,"1. refund delay
2. checked refund status on pg
3. refunded rs 3499 ~Sneha",helpdesk,0,3499.0,Sneha Bansal,Billing,1,VA-EB-PL2,1480,True,False,0,0.0,RETURN-QC-OK,True,2025-09
TK-245014,2025-09-19 19:01:00,2025-09-19 19:36,2025-09-19 20:03,resolved,email,C101872,VR899449,VA-SP-ORB,Other,Low,Email Frontline,A3018,0,2.0,855.0,GW-OTHER,N,"hi
package not delivered even after 16 days
my orbit",re: delivery delayed | confirmed address with cx -> refund of rs 855 initiated to source,helpdesk,0,855.0,Krishna Bhatt,Email Frontline,1,VA-SP-ORB,2300,True,False,0,0.0,LOST-TRANSIT,True,2025-09
TK-245058,2025-09-21 20:11:00,2025-09-21 20:52,2025-09-21 21:26,closed,email,C108257,VR881405,VA-EB-AIR,Other,Normal,Email Frontline,A3018,0,,1439.0,DOA-REPL,N,Honestly regretting this purchase. This is regarding airlite earbuds. battery backup is terrible now. I already fully charged and discharged twice. Fix this or I am posting on twitter.,"re: rapid battery drain | checked usage pttern with cx -> advised settings change, cx satisfied. -- Money back to source and a fresh pair shipped. ~Krishna",helpdesk,0,1439.0,Krishna Bhatt,Email Frontline,1,VA-EB-AIR,760,True,False,0,0.0,DUP-PAYMENT,True,2025-09
TK-245083,2025-09-22 18:18:00,2025-09-22 21:49,2025-09-25 22:09,resolved,email,C102282,VR897819,VA-SP-MINI,Billing & Payments,Normal,Billing,A3035,0,5.0,2499.0,GW-OTHER,N,Order VR897819 (Orbit Mini). Refund was promised 9 days ago and nothing. I emailed twice. Nothing changed. I want my money back. Thanks in advance,"Ticket raised for rfnd pending. chk rfnd status on PG. Full rfnd processed (2499). Cx informed. -- rplc was offered earlier by chat team, cx opted for rfnd.",helpdesk,0,2499.0,Dev Kulkarni,Billing,1,VA-SP-MINI,980,True,False,0,0.0,DUP-PAYMENT,True,2025-09
TK-245084,2025-09-22 19:22:00,2025-09-22 22:25,,pending,email,C106874,VR908566,VA-HP-ST3,Returns & Refunds,Normal,Returns Desk,A3038,0,,13998.0,GW-OTHER,N,"Product: my Strata 3 headphones
Order: VR908566
Purchased: September 10
Issue: refund was promised 12 days ago and nothing
Tried: checked bank
Expected: fix","1. Refund not credited
2. chk refund status on PG
3. Refunded Rs 13998",helpdesk,0,13998.0,Ankit Dhillon,Returns Desk,1,VA-HP-ST3,2650,True,False,0,0.0,RETURN-QC-OK,True,2025-09
TK-245092,2025-09-22 21:49:00,2025-09-23 11:40,,open,email,C102716,VR897551,VA-EB-PL2,Delivery & Shipping,Normal,Logistics,A3028,0,,2974.0,GW-OTHER,N,want to cancel my order. VR897551,reported: ord cancellation. cancelled before dispatch. full rfnd processed (2974).,helpdesk,0,2974.0,Sameer Kapoor,Logistics,1,VA-EB-PL2,1480,True,False,0,0.0,CANCEL,True,2025-09
TK-245140,2025-09-24 20:41:00,2025-09-24 21:12,2025-09-26 21:31,resolved,voice,C103284,VR880658,VA-EB-PL2,Returns & Refunds,Low,Returns Desk,A3036,0,3.0,700.0,GW-OTHER,N,[IVR transcript] still waiting for my refund,"Customer reached out - rfnd delay. chk revese pickup QC status. rfnd approved, Rs 700, 5-7 working days. Closing. (SOP 5.4)",helpdesk,0,700.0,Ritika D'Souza,Returns Desk,1,VA-EB-PL2,1480,True,False,0,0.0,RETURN-QC-OK,True,2025-09
TK-245141,2025-09-24 20:52:00,2025-09-25 00:46,2025-09-25 01:03,resolved,email,C105833,VR907463,VA-HP-ST3,Delivery & Shipping,Normal,Logistics,A3028,0,,6999.0,GW-OTHER,N,"Hello, I bought Strata 3 on September 17. Box was cruhsed and the Strata 3 is cracked. I refused nothing as I didn't notice till later. What do I do now? Please revert Mohammed Mittal","cust contacted re unit rcvd damaged. photos rcvd, damage conf. rplc raised, rma shared w/ cx. full rfnd issued & rplc dispatched as goodwill.",helpdesk,0,6999.0,Sameer Kapoor,Logistics,1,VA-HP-ST3,2650,True,False,0,0.0,DOA-REPL,True,2025-09
TK-245160,2025-09-25 15:02:00,2025-09-25 15:05,2025-09-28 15:29,resolved,chat,C100394,VR880286,VA-SP-MINI,Returns & Refunds,Low,Returns Desk,A3036,0,,1999.0,GW-OTHER,N,"Product: orbit mini
Order: VR880286
Purchased: Auggust 27
Issue: refund not received yet
Tried: emaled twice
Expected: replacement","Customer reached out - refudn delay. Checked reverse pickkup QC status. Refund approved, Rs 1999, 5-7 working days. Cx satisfied on chat. (SOP 5.4) -- Refund issued; replacement not applicable (out of stock).",helpdesk,0,1999.0,Ritika D'Souza,Returns Desk,1,VA-SP-MINI,980,True,False,0,0.0,RETURN-QC-OK,True,2025-09
TK-245163,2025-09-25 15:12:00,2025-09-25 17:14,2025-09-26 17:26,resolved,email,C102444,,VA-EB-PL2,Delivery & Shipping,Low,Logistics,A3030,0,3.0,2799.0,GW-OTHER,N,"Dear Sir/Madam,

I am writing w/ reference to my order of Pulse2 placed on 23-09-2025. Paid on 23-09-2025, still waiting for something to show up. I have checked the tracking page daily. I request you to process a refund to my original payment method.

Sincerely,
Sunita Patel",Cx reported order not delivered. Raised ticket w/ crr partner. Refund of Rs 2799 initiated to source. //AIS,helpdesk,0,2799.0,Aishwarya Trivedi,Logistics,1,VA-EB-PL2,1480,True,False,0,0.0,LOST-TRANSIT,True,2025-09
TK-245204,2025-09-26 16:59:00,2025-09-26 21:14,2025-09-26 21:39,resolved,email,C103786,VR892440,VA-SW-NX2,Returns & Refunds,Normal,Returns Desk,A3036,0,,5524.0,GW-OTHER,N,where is the money for the return. VR892440,Reported: refund delay. chk refund stauts on PG. Refund of Rs 5524 initiated to source. Closing.,helpdesk,0,5524.0,Ritika D'Souza,Returns Desk,1,VA-SW-NX2,2450,True,False,0,0.0,RETURN-QC-OK,True,2025-09
TK-245209,2025-09-26 19:37:00,2025-09-26 20:38,2025-09-26 20:52,resolved,voice,C101207,,VA-AC-CASE,Billing & Payments,High,Billing,A3035,0,,1039.0,GW-OTHER,N,"[IVR transcript] namaste, ordered the charging case i ordered 2 weeks ago. discount was not applied at checkout. i want a replacement.",cx reacehd out - coupon not applied. Checked coupon validity. Refudned Rs 1039. Cx informed.,helpdesk,0,1039.0,Dev Kulkarni,Billing,1,VA-AC-CASE,620,True,False,0,0.0,PRICE-ADJ,True,2025-09
TK-245216,2025-09-27 08:10:00,2025-09-27 08:20,2025-09-29 08:34,resolved,voice,C101097,VR900133,VA-HP-ST2,Returns & Refunds,Normal,Returns Desk,A3037,0,,4999.0,GW-OTHER,N,[IVR transcript] hii refund not received yet pls reply,refund of rs 4999 initiated to source. issue: refund not credited. chk refund status on pg. ~Manish,helpdesk,0,4999.0,Manish Iyer,Returns Desk,1,VA-HP-ST2,2100,True,False,0,0.0,RETURN-QC-OK,True,2025-09
TK-245256,2025-09-27 19:50:00,2025-09-27 19:55,2025-10-02 20:28,resolved,chat,C106492,,VA-SW-NX2,Other,Normal,Chat Frontline,A3015,0,,6174.0,GW-OTHER,Y,"hey
what is the status of my warranty claim
kiindly do the needful","Repair completed, shipped back. Issue: wty claim status. Checked RMA status. | Issued refund + rplc both, TL aware. [closed]",helpdesk,0,6174.0,Sameer Jadhav,Chat Frontline,1,VA-SW-NX2,2450,True,True,2790,8964.0,WTY-BUYBACK,True,2025-09
TK-245265,2025-09-28 08:42:00,2025-09-28 08:54,2025-09-30 09:22,closed,social,C108321,VR908934,VA-EB-PL2,Returns & Refunds,High,Returns Desk,A3037,0,2.0,3499.0,GW-OTHER,N,"hi
where is the money for the return
pule 2 vr908934
anyone there",arn shared with cx. issue: rfnd delay. checked reverse pickup qc status. ~Manish,helpdesk,0,3499.0,Manish Iyer,Returns Desk,1,VA-EB-PL2,1480,True,False,0,0.0,RETURN-QC-OK,True,2025-09
TK-245266,2025-09-28 09:38:00,2025-09-28 09:41,2025-10-01 10:03,resolved,chat,C101079,,VA-SP-MINI,Delivery & Shipping,Normal,Logistics,A3028,0,,1999.0,GW-OTHER,N,"Hi, Ordereed Orbti Miin in September. Received damaged product. I took photos. Nothing changed. I want my money back. Awaiting response, Divya",refunded rs 1999. issue: unit rcvd damaged. chk w/ crr for damage claim.,helpdesk,0,1999.0,Sameer Kapoor,Logistics,1,VA-SP-MINI,980,True,False,0,0.0,DOA-REPL,True,2025-09
TK-245274,2025-09-28 15:05:00,2025-09-28 15:28,2025-09-29 15:49,resolved,voice,C100373,VR890575,VA-SW-NX1,Returns & Refunds,Low,Returns Desk,A3029,2,,9998.0,GW-OTHER,N,[IVR transcript] refund was promised 21 days ago and nothing vr890575,refund reprocessed. issue: refund not credited. checked reverse pickup qc status. via logistics.,helpdesk,0,9998.0,Rajat Mukherjee,Logistics,1,VA-SW-NX1,1900,True,False,0,0.0,RETURN-QC-OK,True,2025-09
TK-245289,2025-09-28 20:38:00,2025-09-28 20:44,2025-10-03 23:15,resolved,chat,C105469,,VA-EB-PL2,Charging & Battery,High,Chat Frontline,A3039,1,3.0,3499.0,GW-OTHER,Y,"hi, i bought pulse 2 buds on 24 aug.  app shows the left at 0 percent no matter how long its in the case. i removed and reinserted it 10 times. nothing changed. please call me on my registered number.","issue: left earbud not taking charge | asked for photo of the bud contacts -> replacement raised for the bud | xfer escalations & warranty (sop 3.1) -- credited full amount, new unit also going out tomorrow. ~Reyansh",helpdesk,0,3499.0,Reyansh Mishra,Escalations & Warranty,2,VA-EB-PL2,1480,True,True,1820,5319.0,WTY-BUYBACK,True,2025-09
TK-245306,2025-09-29 12:43:00,2025-09-29 12:45,2025-09-29 13:06,resolved,chat,C102768,VR904043,VA-EB-PL1,Billing & Payments,High,Billing,A3032,0,,2499.0,GW-OTHER,N,"hey
cupon code not working
pls reply","1. promo code invalid
2. checked cart eligibility
3. refund of rs 2499 initiated to source ~Sneha",helpdesk,0,2499.0,Sneha Bansal,Billing,1,VA-EB-PL1,1120,True,False,0,0.0,PRICE-ADJ,True,2025-09
TK-245307,2025-09-29 12:59:00,2025-09-29 13:03,2025-10-02 13:21,resolved,chat,C108001,,VA-SP-ORB,Returns & Refunds,Normal,Returns Desk,A3038,0,2.0,5699.0,GW-OTHER,N,bought the orbit smart speaker around 19/09 from flipkart. where is the money for the return. waiting for your reply.,"1. Refund delay
2. chk reverse pickup QC status
3. Refunded Rs 5699",helpdesk,0,5699.0,Ankit Dhillon,Returns Desk,1,VA-SP-ORB,2300,True,False,0,0.0,RETURN-QC-OK,True,2025-09
TK-245326,2025-09-29 23:20:00,2025-09-30 02:49,2025-10-03 08:01,resolved,email,C101280,VR888288,VA-HP-ST3,Warranty & Repair,Normal,Escalations & Warranty,A3039,0,3.0,6999.0,GW-OTHER,N,no update on my repair - i want my money back,re: rma status query | followed up with service centre -> full refund processed (6999),helpdesk,0,6999.0,Reyansh Mishra,Escalations & Warranty,2,VA-HP-ST3,2650,True,False,0,0.0,WTY-BUYBACK,True,2025-09
TK-245336,2025-09-30 10:48:00,2025-09-30 14:30,2025-09-30 14:46,resolved,email,C106167,VR902384,VA-EB-PL1,Audio Quality,Normal,Email Frontline,A3018,0,,2374.0,GW-OTHER,N,"helo
right earbud completely silent
pulse earbuds
urgent","single side audio only | walked through reset -> escalated to warranty. -- refund + rplc, cx escalation avoided. ~Krishna",helpdesk,0,2374.0,Krishna Bhatt,Email Frontline,1,VA-EB-PL1,1120,True,False,0,0.0,DOA-REPL,True,2025-09
TK-245341,2025-09-30 14:49:00,2025-09-30 16:10,2025-10-02 16:24,resolved,email,C109328,VR907588,VA-SW-NX2,Returns & Refunds,High,Returns Desk,A3036,0,,6174.0,DOA-REPL,N,"Not what I expected from Vireo. Ordered my Nexa 2 watch a month ago. refund not received yet. I already emailed twice. I want a replacement or refund, nothing else.",dnoe. Reversed the payment and dispatched a new one under RMA.,helpdesk,0,6174.0,Ritika D'Souza,Returns Desk,1,VA-SW-NX2,2450,True,False,0,0.0,DUP-PAYMENT,True,2025-09
TK-245345,2025-09-30 15:56:00,2025-09-30 17:05,2025-09-30 17:18,resolved,email,C108380,,VA-EB-PL2,Returns & Refunds,Normal,Returns Desk,A3036,0,4.0,446.0,GW-OTHER,N,"helo
the return was accepted but the amount is nowhere in my accout
pulse 2",cx states refund delay. Checked reverse pickup QC status. Refund confirmde credited. Cx satifsied on chat.,helpdesk,0,446.0,Ritika D'Souza,Returns Desk,1,VA-EB-PL2,1480,True,False,0,0.0,RETURN-QC-OK,True,2025-09
TK-245356,2025-09-30 20:23:00,2025-10-01 12:42,2025-10-01 13:04,resolved,email,C107129,VR908638,VA-EB-PL2,Delivery & Shipping,Normal,Logistics,A3027,0,,2799.0,GW-OTHER,Y,"hello ji
ordered black, got white, not what i asked for
abhi tak kuch nahi hua
pulse 2","1. Wrong item delivered
2. Verified ord vs delivered item photos
3. Replacement approved, reverse pickup arranged.
Reversed the payment & dispatched a new one under RMA.",helpdesk,0,2799.0,Priya Agarwal,Logistics,1,VA-EB-PL2,1480,True,True,1820,4619.0,RETURN-QC-OK,True,2025-09
TK-245361,2025-09-30 20:42:00,2025-09-30 20:49,2025-09-30 21:12,resolved,voice,C107990,VR882186,VA-EB-PL1,Connectivity,Normal,Voice Frontline,A3026,0,4.0,2499.0,WTY-BUYBACK,Y,"Hi there,
I bought the Pulse buds on 05/08.  Audio keeps disconnecting every few minutes.
Can someone fix this?
Thanks in advance Rohit Bhatt","bt dropouts | checked interference sources -> rplc approved, reverse pkp arranegd.
Refund done & new unit sent as one-time gesture. //AAD",helpdesk,0,2499.0,Aadhya Deshpande,Voice Frontline,1,VA-EB-PL1,1120,True,True,1460,3959.0,REVIEW,False,2025-09
TK-245381,2025-10-01 16:23:00,2025-10-01 16:29,2025-10-02 16:50,resolved,chat,C104873,VR882898,VA-SP-MINI,Delivery & Shipping,High,Logistics,A3030,0,,2249.0,GW-OTHER,N,"hii
it has been 17 days and i have nothing in hand","Ticket raised for ord not delivered. chk AWB w/ courier. Refund approved, Rs 2249, 5-7 working days. //AIS",helpdesk,0,2249.0,Aishwarya Trivedi,Logistics,1,VA-SP-MINI,980,True,False,0,0.0,LOST-TRANSIT,True,2025-10
TK-245382,2025-10-01 16:37:00,2025-10-01 17:53,2025-10-01 18:15,closed,social,C103858,VR906334,VA-EB-AIR,Billing & Payments,High,Billing,A3035,0,4.0,216.0,GW-OTHER,N,"dear sir/madam, got the airlite buds from amazon last week. promo cdoe shows invalid. i trieed in caps. nothing changed. please advise. awaiting response, imran","Cx reported coupon not applied. chk coupon validity. Refund approved, Rs 216, 5-7 working days. Cx informed.",helpdesk,0,216.0,Dev Kulkarni,Billing,1,VA-EB-AIR,760,True,False,0,0.0,PRICE-ADJ,True,2025-10
TK-245388,2025-10-01 19:52:00,2025-10-01 19:57,2025-10-01 20:12,closed,chat,C101047,VR908050,VA-EB-PL1,Other,Normal,Chat Frontline,A3005,0,3.0,2499.0,GW-OTHER,N,"my son ordered this without asking, please reverse",Contact re cancellation request. Cancelled beofre dispatch. Refunded Rs 2499.,helpdesk,0,2499.0,Payal Bhatia,Chat Frontline,1,VA-EB-PL1,1120,True,False,0,0.0,CANCEL,True,2025-10
TK-245406,2025-10-02 19:40:00,2025-10-02 21:23,2025-10-03 21:34,resolved,voice,C105936,VR906037,VA-SW-FIT,Returns & Refunds,Low,Returns Desk,A3036,0,,1999.0,GW-OTHER,N,"[IVR transcript] Hello Vireo, my Nexa Fit band purchased 3 weeks back, order VR906037. Packed the box a week ago and it's still here. I rescheduled pickup twice. I want my money back. Thank you Lobsang",Cust contacted re pickup not done. Re-raised pickup w/ crr. Rfund processed without pickup as goodwill. Cx satisfied on chat.,helpdesk,0,1999.0,Ritika D'Souza,Returns Desk,1,VA-SW-FIT,850,True,False,0,0.0,DUP-PAYMENT,True,2025-10
TK-245411,2025-10-02 21:55:00,2025-10-02 22:09,2025-10-03 22:30,resolved,chat,C107411,,VA-SW-NX2,Returns & Refunds,Normal,Returns Desk,A3038,0,,6499.0,GW-OTHER,N,Bought the Nexa 2 around 09-09-2025 from Flipkart. Where is the money for the return. I checked bank. I have beeen a loyal customer and this is how you treat me. I want my money back.,"Reported: refund not credited. Checked refund status on PG. Refund approved, Rs 6499, 5-7 working days.",helpdesk,0,6499.0,Ankit Dhillon,Returns Desk,1,VA-SW-NX2,2450,True,False,0,0.0,RETURN-QC-OK,True,2025-10
TK-245423,2025-10-03 12:03:00,2025-10-03 14:03,2025-10-04 14:18,resolved,email,C103172,VR904281,VA-EB-PL2,Returns & Refunds,Normal,Returns Desk,A3036,1,,3324.0,GW-OTHER,Y,"Pathetic experience honestly. This is regarding pulse 2 buds. refund not received yet. I already emailed twice. I want a replacement or refund, nothing else.",Ticket raised for refnud delay. chk reverse pickup QC status. Refund of Rs 332 initiated to source. Will monitor. Reversed the payment & dispatched a new one under RMA.,helpdesk,0,3324.0,Ritika D'Souza,Returns Desk,1,VA-EB-PL2,1480,True,True,1820,5144.0,RETURN-QC-OK,True,2025-10
TK-245424,2025-10-03 12:36:00,2025-10-03 13:25,2025-10-03 13:43,resolved,voice,C102887,,VA-EB-PL2,Billing & Payments,Normal,Billing,A3032,0,,3324.0,GW-OTHER,N,[IVR transcript] I have been a loyal customer and this is how you treat me.  This is regarding pulse 2 buds. MY BANK SAYS RS 4999 WENT TO YOU BUT YOUR SITE SAYS I HAVE NO ORDERS. I already checked bank statement. This is the last time I buy from you.,"1. amount deducted without order
2. checked pg dashboard for txn
3. rfnd approved, rs 3324, 5-7 working days ~Sneha",helpdesk,0,3324.0,Sneha Bansal,Billing,1,VA-EB-PL2,1480,True,False,0,0.0,DUP-PAYMENT,True,2025-10
TK-245440,2025-10-03 18:18:00,2025-10-04 00:00,2025-10-04 00:09,resolved,email,C101053,VR880289,VA-HP-ST3,Other,Normal,Email Frontline,A3001,0,3.0,6999.0,GW-OTHER,N,"to the vrieo customer care team,

i am writing with reference to my order of my srtata 3 headphones placed on septeber 30. please cancel, ordered by mistake. i hvae tried cancel button, greyed out. i request you to loook itno ths matter at the earliest.

regards,
tanvi pandey",issue: cancellation request | checked shipment status -> refund of rs 6999 initiated to source,helpdesk,0,6999.0,Suresh Kaur,Chat Frontline,1,VA-HP-ST3,2650,True,False,0,0.0,CANCEL,True,2025-10
TK-245443,2025-10-03 20:40:00,2025-10-03 22:58,2025-10-06 23:18,resolved,voice,C104980,VR901075,VA-EB-AIR,Returns & Refunds,Normal,Returns Desk,A3038,0,4.0,288.0,GW-OTHER,N,"the return was accepted but the amount is nowhere in my account, VR901075","1. rfnd not credited
2. Checked reverse pickup QC status
3. Refunded Rs 288.
Refunded. rplc request rejected as per policy.",helpdesk,0,288.0,Ankit Dhillon,Returns Desk,1,VA-EB-AIR,760,True,False,0,0.0,RETURN-QC-OK,True,2025-10
TK-245478,2025-10-04 20:11:00,2025-10-04 20:36,,pending,voice,C104845,VR905334,VA-SW-FIT,Charging & Battery,Low,Voice Frontline,A3026,0,,1999.0,DOA-REPL,Y,"[IVR transcript] Order VR905334 (the fit band). Goes from full to empty during one commute. I updated the app. Nothing changed. Please resolve asap. Thank you, Riya Pandey","re: rapid battery drain | chk fw 2.5.5 -> fw update pushed, adv to monitor. | rfnd done & new unit sent as one-time gesture. //AAD",helpdesk,0,1999.0,Aadhya Deshpande,Voice Frontline,1,VA-SW-FIT,850,True,True,1190,3189.0,WTY-BUYBACK,True,2025-10
TK-245488,2025-10-05 13:54:00,2025-10-05 14:08,2025-10-05 14:28,closed,voice,C108146,VR890034,VA-HP-ST3,Connectivity,Normal,Voice Frontline,A3026,0,,11898.0,GW-OTHER,N,[IVR transcript] audio keeps disconnecting every few minutes. please help,"re: connection dropping | adv to test in different location -> fw update rslvd.
Processed FR & raised RMA for new set. //AAD",helpdesk,0,11898.0,Aadhya Deshpande,Voice Frontline,1,VA-HP-ST3,2650,True,False,0,0.0,WTY-BUYBACK,True,2025-10
TK-245494,2025-10-05 17:27:00,2025-10-05 17:45,2025-10-05 18:01,resolved,social,C107350,VR888615,VA-EB-PL2,Billing & Payments,High,Billing,A3035,0,,3499.0,GW-OTHER,N,"card charged two times
vr888615","re: double charge | chk pg for duplicate txn -> rfnd approved, rs 3499, 5-7 working days",helpdesk,0,3499.0,Dev Kulkarni,Billing,1,VA-EB-PL2,1480,True,False,0,0.0,DUP-PAYMENT,True,2025-10
TK-245502,2025-10-05 20:03:00,2025-10-06 00:09,2025-10-06 00:21,resolved,email,C105698,VR894087,VA-SP-MINI,Other,Normal,Email Frontline,A3001,0,,2124.0,GW-OTHER,N,"hello
pls cancel, ordered by mistake
anyoen there",refunded rs 2124. issue: order cancellation. checked shipment status. ~Suresh,helpdesk,0,2124.0,Suresh Kaur,Chat Frontline,1,VA-SP-MINI,980,True,False,0,0.0,CANCEL,True,2025-10
TK-245523,2025-10-06 16:10:00,2025-10-06 21:06,2025-10-06 21:27,resolved,email,C103427,VR905972,VA-EB-PL2,Returns & Refunds,Low,Returns Desk,A3036,0,,350.0,GW-OTHER,N,"product: pulse2
order: vr905972
purchased: 14-09-2025
issue: you picked up the item 10 days ago and my money hasn't come back
tried: checked bank
expected: refund",Reported: refund not credited. chk refund status on PG. Refunded Rs 350. Will monitor. (SOP 2.7),helpdesk,0,350.0,Ritika D'Souza,Returns Desk,1,VA-EB-PL2,1480,True,False,0,0.0,RETURN-QC-OK,True,2025-10
TK-245548,2025-10-07 15:44:00,2025-10-07 16:47,2025-10-07 17:35,closed,email,C109293,VR892026,VA-EB-PL2,Charging & Battery,Normal,Email Frontline,A3018,0,5.0,3324.0,GW-OTHER,N,"team,
the left earbud is not charging at all
pulse 2 buds
hello??",see prev ~Krishna,helpdesk,0,3324.0,Krishna Bhatt,Email Frontline,1,VA-EB-PL2,1480,True,False,0,0.0,DOA-REPL,True,2025-10
TK-245553,2025-10-07 16:27:00,2025-10-07 16:52,2025-10-07 17:00,resolved,voice,C100784,VR894245,VA-EB-AIR,Other,Low,Voice Frontline,A3026,0,,1619.0,GW-OTHER,N,"hi sir
my son ordered this without asking, please reverse
kindly do the needful","re: cancel ord | chk shipment status -> rfnd approved, rs 1619, 5-7 working days //AAD",helpdesk,0,1619.0,Aadhya Deshpande,Voice Frontline,1,VA-EB-AIR,760,True,False,0,0.0,CANCEL,True,2025-10
TK-245563,2025-10-07 19:45:00,2025-10-07 20:16,2025-10-07 20:50,resolved,voice,C106134,VR892649,VA-EB-PL2,Returns & Refunds,High,Returns Desk,A3036,0,,3149.0,GW-OTHER,N,"[IVR transcript] pathetic experience honestly.  pulse 2 buds purchased last week, order vr892649. refund was promised 16 days ago & nothing. i already checked bank. escalate this to someone senior.","Ticket raised for refund not credited. chk refund status on PG. Refund approved, Rs 3149, 5-7 working days. Follow-up not required.",helpdesk,0,3149.0,Ritika D'Souza,Returns Desk,1,VA-EB-PL2,1480,True,False,0,0.0,RETURN-QC-OK,True,2025-10
TK-245577,2025-10-08 08:36:00,2025-10-08 08:38,2025-10-08 08:53,resolved,chat,C109375,VR896055,VA-SW-NX2,Other,Normal,Chat Frontline,A3011,0,3.0,2600.0,GW-OTHER,N,"To the Vireo Customer Care Team,

I am writing with reference to my order of my Nexa 2 watch (VR896055) placed on 30/09. Ordered the wrong colour, don't ship it. I have tried cancel button, greyed out. I request you to provide a resolution within 3 working days.

Regards,
Deepak Banerjee
Kochi",rfnd of Rs 2600 initiated to source. Issue: ord cancellation. Cancelled before dispatch.,helpdesk,0,2600.0,Rohit Gill,Chat Frontline,1,VA-SW-NX2,2450,True,False,0,0.0,CANCEL,True,2025-10
TK-245582,2025-10-08 10:44:00,2025-10-08 10:45,2025-10-08 11:03,resolved,chat,C102556,VR897994,VA-EB-PL2,Other,Normal,Chat Frontline,A3010,0,,6648.0,GW-OTHER,N,"To the Vireo Customer Care Team,

I am writing with reference to my order of Pulse2 (VR897994) placed on 24 Sep. Cancel order VR897994. I have tried cancel button, greyed out. I request you to kindly arrange a replacement.

Yours faithfully,
Jaspreet Banerjee",Refund of Rs 6648 initiated to source. Issue: cancel ord. Cancelled before dispatch. ~Tenzin,helpdesk,0,6648.0,Tenzin Mathew,Chat Frontline,1,VA-EB-PL2,1480,True,False,0,0.0,CANCEL,True,2025-10
TK-245589,2025-10-08 11:56:00,2025-10-08 12:29,2025-10-09 12:45,resolved,chat,C106801,VR899855,VA-EB-PL1,Delivery & Shipping,High,Logistics,A3028,0,,2374.0,GW-OTHER,N,"To the Vireo Customer Care Team,

I am writing with reference to my order of Pulse earbuds (VR899855) placed on 01/10.  Package not delivered even after 12 days. I have called the courier. I request u to process a refund to my original payment method.

Sincerely,
Lobsang Reddy","cx says delivery delayed. raised ticket w/ crr partner. rto conf, reshipped. amount returned to card; fresh unit shipped from blr warehouse.",helpdesk,0,2374.0,Sameer Kapoor,Logistics,1,VA-EB-PL1,1120,True,False,0,0.0,LOST-TRANSIT,True,2025-10
TK-245607,2025-10-08 17:03:00,2025-10-08 17:22,2025-10-08 17:52,resolved,chat,C101226,VR895888,VA-EB-PL2,Returns & Refunds,Normal,Returns Desk,A3036,0,2.0,3499.0,GW-OTHER,N,"hey
the return was accepted but the amount is nowhere in my account",Customer states refud not credited. chk reverse pkp QC status. Refund reprocessed. Cx satisfied on chat. (SOP 4.2),helpdesk,0,3499.0,Ritika D'Souza,Returns Desk,1,VA-EB-PL2,1480,True,False,0,0.0,RETURN-QC-OK,True,2025-10
TK-245625,2025-10-09 09:14:00,2025-10-09 09:17,2025-10-09 09:46,resolved,chat,C101000,VR890253,VA-SW-NX1,Billing & Payments,Normal,Billing,A3034,0,4.0,4999.0,GW-OTHER,N,"hey
my bank shows the same amount twice on the same day
the nexa smartwatch VR890253",full refund processed (4999) (sop 5.4),helpdesk,0,4999.0,Tanvi Rathore,Billing,1,VA-SW-NX1,1900,True,False,0,0.0,DUP-PAYMENT,True,2025-10
TK-245664,2025-10-10 17:04:00,2025-10-10 17:38,2025-10-12 18:00,resolved,voice,C104566,VR886088,VA-AC-CH65,Billing & Payments,Normal,Billing,A3035,0,3.0,1424.0,GW-OTHER,N,"hi
u picked up the item 19 days ago & my money hasn't come back",cx reached out - rfnd delay. chk reverse pickup QC status. rfnd of Rs 1424 initiated to source. Closing.,helpdesk,0,1424.0,Dev Kulkarni,Billing,1,VA-AC-CH65,610,True,False,0,0.0,RETURN-QC-OK,True,2025-10
TK-245697,2025-10-11 19:11:00,2025-10-11 19:23,2025-10-11 19:51,resolved,chat,C100872,VR896105,VA-EB-AIR,Delivery & Shipping,High,Logistics,A3030,0,,1529.0,GW-OTHER,N,"Product: airlite earbuds
Order: VR896105
Purchased: 11-10-2025
Issue: screen has a crack before I even switched it on
Tried: took photos
Expected: replacement","1. Transit damage
2. chk with courier for damage claim
3. Refunded Rs 1529 //AIS",helpdesk,0,1529.0,Aishwarya Trivedi,Logistics,1,VA-EB-AIR,760,True,False,0,0.0,DOA-REPL,True,2025-10
TK-245705,2025-10-11 21:43:00,2025-10-11 23:20,2025-10-11 23:54,resolved,email,C104135,VR880827,VA-EB-PL1,Other,Low,Email Frontline,A3002,0,,4248.0,GW-OTHER,Y,"HII
DISTORTED AUDIO AT HIGH VOLUME
PULSE EARBUDS VR880827","issue: crackling/distortion | checked fw -> fw update, cx to monitor. refund processed to source; replacement unit also shipped. [closed]",helpdesk,0,4248.0,Steven Ansari,Chat Frontline,1,VA-EB-PL1,1120,True,True,1460,5708.0,DOA-REPL,True,2025-10
TK-245745,2025-10-13 01:26:00,2025-10-13 13:18,2025-10-15 13:45,resolved,email,C105874,,VA-HP-ST3,Delivery & Shipping,High,Logistics,A3002,1,1.0,6999.0,GW-OTHER,N,"To the Vireo Customer Care Team,

I am writing with reference to my order of Strata 3 placed on October 08.  Screen has a crack before I even switched it on. I have refused nothing as I didn't notice till later. I request you to look into this matter at the earliest.

Yours faithfully,
Rajat Bansal",cx: damaged in transit | checked with courier for damage claim -> full refund processed (6999) | xfer chat frontline (sop 5.4) [closed],helpdesk,0,6999.0,Steven Ansari,Chat Frontline,1,VA-HP-ST3,2650,True,False,0,0.0,DOA-REPL,True,2025-10
TK-245750,2025-10-13 09:46:00,2025-10-13 09:54,2025-10-13 10:07,resolved,voice,C106772,VR909479,VA-EB-PL2,Other,Normal,Voice Frontline,A3023,0,5.0,6998.0,GW-OTHER,N,"[IVR transcript] pathetic experience honestly. pulse 2 purchased around diwali, order vr909479. my son ordered this without asking, please reverse. i already tried cancel button, greyed out. refund. now.","cx says ord cancellation. checked shipment status. rfeund approved, rs 6998, 5-7 working days. -RG",helpdesk,0,6998.0,Ritika Gaikwad,Voice Frontline,1,VA-EB-PL2,1480,True,False,0,0.0,CANCEL,True,2025-10
TK-245757,2025-10-13 12:18:00,2025-10-13 12:44,2025-10-13 12:52,closed,email,C101771,VR892988,VA-EB-PL1,Billing & Payments,High,Billing,A3032,0,,2374.0,GW-OTHER,N,"PRODUCT: PULSE 1
ORDER: VR892988
PURCHASED: 05/10
ISSUE: PLEASE CANCEL, ORDERED BY MISTAKE
TRIED: TRIED CANCEL BUTTON, GREYED OUT
EXPECTED: REPLACEMENT","1. order cancellation
2. cancelled before dispatch
3. refunded rs 2374 ~Sneha",helpdesk,0,2374.0,Sneha Bansal,Billing,1,VA-EB-PL1,1120,True,False,0,0.0,CANCEL,True,2025-10
TK-245764,2025-10-13 15:20:00,2025-10-13 15:23,2025-10-15 15:47,resolved,chat,C109210,VR884005,VA-EB-PL2,Returns & Refunds,Normal,Returns Desk,A3036,0,4.0,3149.0,GW-OTHER,N,"Hello Vireo, Order VR884005 (Pulse2). You picked up the item 6 dayys ago and my money hasn't come back. Please call me on my registered number.","1. Refund delay
2. Checked rfund status on PG
3. Full refund processed (3149)",helpdesk,0,3149.0,Ritika D'Souza,Returns Desk,1,VA-EB-PL2,1480,True,False,0,0.0,RETURN-QC-OK,True,2025-10
TK-245777,2025-10-13 19:32:00,2025-10-13 21:12,2025-10-16 21:26,resolved,voice,C105809,VR902885,VA-EB-PL1,Returns & Refunds,Normal,Returns Desk,A3036,0,4.0,2499.0,GW-OTHER,Y,[IVR transcript] hi i have been sitting at home for 3 days waiting for your courier,"Reported: pickup not done. chk pickup AWB. Refund processed without pickup as goodwill. Case closd with cx consent. (SOP 5.4)
Amount returned to card; fresh unit shipped from BLR warehouse.",helpdesk,0,2499.0,Ritika D'Souza,Returns Desk,1,VA-EB-PL1,1120,True,True,1460,3959.0,RETURN-QC-OK,True,2025-10
TK-245792,2025-10-14 11:49:00,2025-10-14 14:00,2025-10-14 14:22,resolved,email,C104121,VR895460,VA-EB-PL2,Billing & Payments,High,Billing,A3035,0,4.0,1574.0,GW-OTHER,N,"dear team, bought pulse 2 buds around 14/10 fom vireo.in. coupon code not working. i tried in caps. nothing changed. what do i do now? thanks in advance sunita verma",Reported: pomo code invalid. chk coupon validity. Refunded Rs 1574. Cx satissfied on chat.,helpdesk,0,1574.0,Dev Kulkarni,Billing,1,VA-EB-PL2,1480,True,False,0,0.0,PRICE-ADJ,True,2025-10
TK-245793,2025-10-14 11:56:00,2025-10-14 23:36,2025-10-14 23:53,resolved,email,C105990,VR881924,VA-EB-PL2,Billing & Payments,High,Billing,A3032,0,,6648.0,GW-OTHER,N,"To the Vireo Customer Care Team,

I am writig with reference to my order of Pulse2 (VR881924) placed on October 04.  PAYMENT WAS DEDUCTED BUT NO ORDER WAS CREATED. I have waited 24 hours. I request you to look into this matter at the earliest.

Regards,
Pranav Malhotra","1. amount deducted without order
2. asked for utr
3. rfnd of rs 6648 initiated to source ~Sneha",helpdesk,0,6648.0,Sneha Bansal,Billing,1,VA-EB-PL2,1480,True,False,0,0.0,DUP-PAYMENT,True,2025-10
TK-245806,2025-10-14 18:27:00,2025-10-14 19:07,2025-10-14 19:17,resolved,chat,C104659,VR891639,VA-SP-MINI,Delivery & Shipping,Normal,Logistics,A3017,1,3.0,1999.0,GW-OTHER,N,"Dear Sir/Madam,
I bougt the mini speaker on 07 Oct. Ordered the wrng colour, don't ship it.
I tried cancel button, greyed out. Nothing changed.
Plesae help.
Thanks & regards Om Patel",ticket raised for cancellation request. chk shipment status. xfer to email frontline. rfnd of rs 1999 initiated to source.,helpdesk,0,1999.0,Kabir Singh,Email Frontline,1,VA-SP-MINI,980,True,False,0,0.0,CANCEL,True,2025-10
TK-245830,2025-10-15 10:35:00,2025-10-15 17:28,2025-10-18 17:40,resolved,email,C104821,,VA-EB-AIR,Returns & Refunds,Normal,Returns Desk,A3036,0,,1799.0,GW-OTHER,N,"i bought airlite on october 05.  nobody came for the pickup. i rescheduled pickup twice. how do i get this fixed? thanks, lakshmi","Reported: reverse pkp pending. Checked pkp AWB. rfdn approved, Rs 1799, 5-7 working days. Cx satisfied on chat. (SOP 5.4)",helpdesk,0,1799.0,Ritika D'Souza,Returns Desk,1,VA-EB-AIR,760,True,False,0,0.0,DUP-PAYMENT,True,2025-10
TK-245838,2025-10-15 13:28:00,2025-10-15 17:27,2025-10-15 17:41,resolved,email,C107739,,VA-EB-PL2,Delivery & Shipping,Normal,Logistics,A3030,0,,3499.0,GW-OTHER,N,"Not accptable at this price. This is regarding my Pulse 2. want to cancel my order. I already tried cancel button, greyde out. I want a replacement or refund, nothing else.",Cx reported cancel order. Cancelled before dispatch. Refunded Rs 3499. //AIS,helpdesk,0,3499.0,Aishwarya Trivedi,Logistics,1,VA-EB-PL2,1480,True,False,0,0.0,CANCEL,True,2025-10
TK-245840,2025-10-15 13:41:00,2025-10-15 20:21,2025-10-17 20:31,resolved,email,C103418,VR883597,VA-HP-ST3,Returns & Refunds,Low,Returns Desk,A3036,0,,6999.0,RETURN-QC-OK,N,"product: my strata 3 headphones
order: vr883597
purchased: 26 sep
issue: packed the box a week ago and it's still here
tried: rescheduled pickup twice
expected: fix",Cust contacted re pickup not done. Re-raised pickup with courier. rfnd of Rs 6999 initiated to source. Cx satisfied on chat. (SOP 4.2),helpdesk,0,6999.0,Ritika D'Souza,Returns Desk,1,VA-HP-ST3,2650,True,False,0,0.0,DUP-PAYMENT,True,2025-10
TK-245846,2025-10-15 15:55:00,2025-10-15 15:57,2025-10-16 16:19,resolved,chat,C105990,VR881924,VA-EB-PL2,Returns & Refunds,Low,Returns Desk,A3036,0,,6648.0,GW-OTHER,N,"TO THE VIREO CUSTOMER CARE TEAM,

I AM WRITING WITH REFERENCE TO MY ORDER OF PULSE 2 (VR881924) PLACED ON 04 OCT. Nobody came for the pickup. I have rescheduled pickup twice. I request you to look into this matter at the earliest.

Yours faithfully,
Pranav Malhotra","Customer reached out - pickup missed. Re-raised pickup with courier. Pickup done, rfeund initiated. Follow-up not required.",helpdesk,0,6648.0,Ritika D'Souza,Returns Desk,1,VA-EB-PL2,1480,True,False,0,0.0,DUP-PAYMENT,True,2025-10
TK-245871,2025-10-16 06:26:00,2025-10-16 06:29,2025-10-17 06:39,resolved,chat,C104629,,VA-HP-ST3,Delivery & Shipping,Normal,Logistics,A3028,0,3.0,6999.0,GW-OTHER,N,"product: strata 3
purchased: 15/10
issue: it has been 16 days and i have nothing in hand
tried: checked the tracking page daily
expected: replacement",cx states ord not delivered. raised ticket w/ crr partner. refunded rs 6999. rfnd issued; rplc not applicable (out of stock).,helpdesk,0,6999.0,Sameer Kapoor,Logistics,1,VA-HP-ST3,2650,True,False,0,0.0,LOST-TRANSIT,True,2025-10
TK-245875,2025-10-16 11:37:00,2025-10-16 11:38,2025-10-16 12:01,resolved,chat,C108743,VR900676,VA-NB-ARC,Billing & Payments,High,Billing,A3032,0,,1299.0,GW-OTHER,N,"to the vireo customer care team,

i am writing with reference to my order of arc neckband (vr900676) placed on 08 oct. paid once, statement disagrees. i have checked with bank. i request you to process a refund to my original payment method.

regards,
mohammed jain
coimbatore","1. charged twice
2. conf utrs
3. refund of rs 1299 initiated to source",helpdesk,0,1299.0,Sneha Bansal,Billing,1,VA-NB-ARC,540,True,False,0,0.0,DUP-PAYMENT,True,2025-10
TK-245880,2025-10-16 14:17:00,2025-10-16 15:09,2025-10-19 15:26,resolved,email,C104210,VR908895,VA-EB-PL2,Returns & Refunds,Normal,Returns Desk,A3036,0,5.0,2974.0,GW-OTHER,N,"Product: Pulse2
Order: VR908895
Purchased: 20 Sep
Issue: refund not received yet
Tried: emailed twice
Expected: callback","1. Refund peding
2. Checked reverse pickup QC status
3. Refund of Rs 2974 initiated to source (SOP 3.1)",helpdesk,0,2974.0,Ritika D'Souza,Returns Desk,1,VA-EB-PL2,1480,True,False,0,0.0,RETURN-QC-OK,True,2025-10
TK-245888,2025-10-16 19:23:00,2025-10-16 19:25,2025-10-16 19:44,closed,chat,C107914,VR882093,VA-EB-PL2,Delivery & Shipping,High,Logistics,A3030,0,2.0,560.0,GW-OTHER,N,product arrived damaged,"Ticket raised for damaged in transit. Photos received, damage confirmed. rfnd of Rs 560 initiated to source. //AIS",helpdesk,0,560.0,Aishwarya Trivedi,Logistics,1,VA-EB-PL2,1480,True,False,0,0.0,DOA-REPL,True,2025-10
TK-245902,2025-10-17 10:10:00,2025-10-17 10:28,2025-10-22 11:00,resolved,chat,C101642,,VA-EB-PL2,Delivery & Shipping,Normal,Logistics,A3031,0,,3149.0,GW-OTHER,N,this is regarding pulse 2. product arrived damaged. can soemone fix this? thanks in advance simran,"Reverse pickup arranged. Issue: unit received damaged. Photos received, damage confirmed.",helpdesk,0,3149.0,Zaid Desai,Logistics,1,VA-EB-PL2,1480,True,False,0,0.0,DOA-REPL,True,2025-10
TK-245903,2025-10-17 10:14:00,2025-10-17 10:17,2025-10-17 10:28,resolved,chat,C105775,,VA-HP-ST3,Delivery & Shipping,Normal,Logistics,A3005,1,,5599.0,GW-OTHER,N,"paid on october 06, stlil waiting for something to show up","Reported: delivery delayed. Checked AWB with courier. Transferred to Chat Frontline. RTO conf, reshipped.
Refund processed to source; replacement unit also shipped.",helpdesk,0,5599.0,Payal Bhatia,Chat Frontline,1,VA-HP-ST3,2650,True,False,0,0.0,LOST-TRANSIT,True,2025-10
TK-245910,2025-10-17 11:36:00,2025-10-17 11:45,2025-10-17 11:54,resolved,voice,C101731,,VA-SP-ORB,Other,Normal,Voice Frontline,A3023,0,,5399.0,GW-OTHER,N,"[IVR transcript] pathetic experience honestly. bought my orbit around 05-10-2025 from vireo.in. change of mind, pls stop the shipment. i already tried cancel button, greyed out. escalate this to someone senior.","reported: cancellation request. chk shipment status. rfnd approved, rs 5399, 5-7 working days. -RG",helpdesk,0,5399.0,Ritika Gaikwad,Voice Frontline,1,VA-SP-ORB,2300,True,False,0,0.0,CANCEL,True,2025-10
TK-245943,2025-10-18 14:07:00,2025-10-18 14:11,2025-10-21 14:24,resolved,chat,C101211,VR905886,VA-EB-PL2,Returns & Refunds,Normal,Returns Desk,A3036,0,,6998.0,GW-OTHER,N,"Hi team,
I bought my Pulse 2 on 03 Oct.  Where is teh money for the return.
I emaied twice. Nothing changed.
I want my mney back.
Regards",Contact re refund delay. chk reverse pickup QC status. Refunded Rs 6998. Will monitor. (SOP 3.1) -- Refunded. Replacement request rejected as per policy.,helpdesk,0,6998.0,Ritika D'Souza,Returns Desk,1,VA-EB-PL2,1480,True,False,0,0.0,RETURN-QC-OK,True,2025-10
TK-245945,2025-10-18 14:14:00,2025-10-18 15:14,2025-10-18 15:57,resolved,email,C102235,VR888154,VA-EB-PL2,Audio Quality,Normal,Email Frontline,A3018,0,,3499.0,GW-OTHER,N,"dear sir/madam,

i am writing w/ reference to my order of pulse 2 (vr888154) placed on 06/09. one of them is just decoration at this point. i have reset the buds. i request u to provide a resolution within 3 working days.

sincerely,
manish naidu
jaipur",re: single sidde audio only | walked through reset -> escalated to warranty ~Krishna,helpdesk,0,3499.0,Krishna Bhatt,Email Frontline,1,VA-EB-PL2,1480,True,False,0,0.0,WTY-BUYBACK,True,2025-10
TK-245994,2025-10-19 16:09:00,2025-10-19 16:13,2025-10-19 16:40,resolved,chat,C108513,VR904844,VA-HP-ST3,Other,Normal,Chat Frontline,A3012,0,,5949.0,GW-OTHER,N,"everyone on my calls says I sound like I'm underwater
VR904844","contact re low mic pickup. tested on call with cx. permissions fixed, rslvd. -- refunded rs 5949 and also raised replacement, cx was very upset.",helpdesk,0,5949.0,Lakshmi Srivastava,Chat Frontline,1,VA-HP-ST3,2650,True,False,0,0.0,DOA-REPL,True,2025-10
TK-246001,2025-10-19 19:58:00,2025-10-19 22:48,2025-10-22 23:22,resolved,email,C105854,VR884847,VA-EB-PL1,Returns & Refunds,Normal,Returns Desk,A3038,0,4.0,2499.0,GW-OTHER,N,"hi, i bought pulse earbuds on 01/10.  the return was accepted but the amount is nowhere in my account. how do i get this fixed? thanks imran pandey","1. Refund delay
2. chk refund status on PG
3. ARN shared w/ cx. Payment reversed Rs 2499. New piece dispatched same day.",helpdesk,0,2499.0,Ankit Dhillon,Returns Desk,1,VA-EB-PL1,1120,True,False,0,0.0,RETURN-QC-OK,True,2025-10
TK-246005,2025-10-19 21:52:00,2025-10-19 23:08,2025-10-19 23:33,closed,voice,C100070,VR888186,VA-HP-ST2,Connectivity,Normal,Voice Frontline,A3003,0,2.0,4499.0,DOA-REPL,Y,"i am losing patience. strata 2 purchased last month, order vr888186. the sound stutters whenever my phone is in my pocket. i already kept phone in hand. this is the last time i buy from you.","1. BT dropouts
2. Checked FW 2.5.8
3. FW upddate resolved (SOP 5.4) | Money back to source and a fresh pair shipped. -KS",helpdesk,0,4499.0,Komal Singh,Chat Frontline,1,VA-HP-ST2,2100,True,True,2440,6939.0,REVIEW,False,2025-10
TK-246017,2025-10-20 11:37:00,2025-10-20 13:08,2025-10-20 13:21,resolved,email,C100578,VR908631,VA-SP-ORB,Other,High,Email Frontline,A3022,0,,5999.0,GW-OTHER,N,"hii
my son ordered this without asking, please reverse
anyone there",Customer reached out - order cancellation. Checked shipment status. Refunded Rs 5999. (SOP 5.4),helpdesk,0,5999.0,Daniel Arora,Email Frontline,1,VA-SP-ORB,2300,True,False,0,0.0,CANCEL,True,2025-10
TK-246022,2025-10-20 12:21:00,2025-10-20 12:27,2025-10-23 12:37,resolved,chat,C100390,VR905513,VA-SW-NX1,Returns & Refunds,High,Returns Desk,A3021,1,,3999.0,GW-OTHER,N,not what i expected from vireo. i bought my nea on october 02. i have been sitting at home for 3 days waiting for ur courier. i already rescheduled pickup twice. this is the last time i buy from u.,"reverse pickup pending | re-raised pickup w/ crr -> pickup done, rfnd initiated | xfer email frontline.
Refunded Rs 3999 and also raised replacement, cx was very upset. ~Meera",helpdesk,0,3999.0,Meera Mathew,Email Frontline,1,VA-SW-NX1,1900,True,False,0,0.0,RETURN-QC-OK,True,2025-10
TK-246036,2025-10-20 18:51:00,2025-10-20 19:01,,pending,social,C108818,VR886437,VA-SP-ORB,Billing & Payments,High,Billing,A3035,0,4.0,5999.0,GW-OTHER,N,Really frustrating. Bought the Orbit smart speaker around October 16 from vireo.in. refund was promised 5 days ago and nothing. I already checked bank. Fix this or I am posting on twitter.,cx reached out - rfnd delay. chk reverse pkp QC status. rfnd of Rs 5999 initiated to source. Closing.,helpdesk,0,5999.0,Dev Kulkarni,Billing,1,VA-SP-ORB,2300,True,False,0,0.0,RETURN-QC-OK,True,2025-10
TK-246059,2025-10-21 12:46:00,2025-10-21 12:53,2025-10-21 13:11,resolved,chat,C102775,,VA-EB-PL1,Other,Low,Chat Frontline,A3011,0,4.0,1250.0,GW-OTHER,N,"hello ji
change of mind, please stop the sihpment
kuch karo
pule earbuds","Cancelled, rfnd initiated. Issue: cancel ord. Canclled before dispatch.",helpdesk,0,1250.0,Rohit Gill,Chat Frontline,1,VA-EB-PL1,1120,True,False,0,0.0,CANCEL,True,2025-10
TK-246060,2025-10-21 12:51:00,2025-10-21 13:10,2025-10-29 16:09,resolved,voice,C104315,,VA-EB-PL2,Warranty & Repair,Normal,Escalations & Warranty,A3039,0,,3149.0,GW-OTHER,Y,"[IVR transcript] hi service centre took it, now silence","cx: repair status follow-up | checked rma status -> repair completed, shipped back.
refund done and new unit sent as one-time gesture. ~Reyansh",helpdesk,0,3149.0,Reyansh Mishra,Escalations & Warranty,2,VA-EB-PL2,1480,True,True,1820,4969.0,WTY-BUYBACK,True,2025-10
TK-246095,2025-10-22 12:36:00,2025-10-22 12:37,2025-10-22 12:57,closed,chat,C102250,VR900462,VA-SW-NX1,Other,Normal,Chat Frontline,A3028,1,,2250.0,GW-OTHER,N,"Tihs is very disappointing. I bought the nexa smartwatch on 12 Oct. my son ordered this without asking, please reverse. I already tried cancel button, greyed out. Fix this or I am posting on twitter.","cx reported ord cancellation. cancelled before dispatch. xfer to logistics. rfnd approved, rs 2250, 5-7 working days.",helpdesk,0,2250.0,Sameer Kapoor,Logistics,1,VA-SW-NX1,1900,True,False,0,0.0,CANCEL,True,2025-10
TK-246145,2025-10-23 11:21:00,2025-10-23 11:31,2025-10-23 12:09,resolved,chat,C103092,VR903341,VA-EB-PL1,Billing & Payments,High,Billing,A3033,0,3.0,2499.0,GW-OTHER,N,"Namaste, Ordered pulse 1 last month. Card charged two times. Please help. Thank you","1. duplicate payment
2. checked pg for duplicate txn
3. full refund processed (2499)",helpdesk,0,2499.0,Vikram Banerjee,Billing,1,VA-EB-PL1,1120,True,False,0,0.0,DUP-PAYMENT,True,2025-10
TK-246152,2025-10-23 12:12:00,2025-10-23 12:36,2025-10-23 12:48,closed,voice,C102135,VR899685,VA-EB-AIR,Returns & Refunds,Normal,Returns Desk,A3038,0,,1799.0,GW-OTHER,N,Very poor quality. Ordr VR899685 (airlite earbuds). still waiting for my refund. I already emailed twice. Escalate this to someone senior.,"1. Refund delay
2. chk refund status on PG
3. Refunded Rs 1799",helpdesk,0,1799.0,Ankit Dhillon,Returns Desk,1,VA-EB-AIR,760,True,False,0,0.0,DUP-PAYMENT,True,2025-10
TK-246164,2025-10-23 14:54:00,2025-10-23 14:56,2025-10-24 15:13,resolved,chat,C102984,,VA-EB-PL2,Returns & Refunds,High,Returns Desk,A3036,0,4.0,3499.0,GW-OTHER,N,"helo
the return was accepted but the amount is nowhere in my account",Contact re rfd delay. chk revere pickup QC status. Full rfnd processed (3499). Will monitor.,helpdesk,0,3499.0,Ritika D'Souza,Returns Desk,1,VA-EB-PL2,1480,True,False,0,0.0,RETURN-QC-OK,True,2025-10
TK-246170,2025-10-23 16:47:00,2025-10-23 17:27,2025-10-27 19:09,resolved,voice,C106508,VR901110,VA-HP-ST3,Connectivity,Low,Voice Frontline,A3039,1,,6999.0,GW-OTHER,Y,[IVR transcript] pairing is not working VR901110,"sorted (sop 3.1)
refund + rplc, cx escalation avoided. ~Reyansh",helpdesk,0,6999.0,Reyansh Mishra,Escalations & Warranty,2,VA-HP-ST3,2650,True,True,2990,9989.0,DOA-REPL,True,2025-10
TK-246171,2025-10-23 17:19:00,2025-10-23 17:36,2025-10-23 17:56,resolved,chat,C104184,VR887053,VA-EB-PL2,Delivery & Shipping,Normal,Logistics,A3030,0,,3499.0,GW-OTHER,Y,"very poro quality. bought pulse 2 around 22/10 from flipkart. received the wrong item. i already checked the invoice. i want a replacement or refund, nothing else.",Cust contacted re wrong variant rcvd. Verified order vs delivered item photos. Replacement unit dispatched. Payment reversed Rs 3499. New piece dispatched same day. //AIS,helpdesk,0,3499.0,Aishwarya Trivedi,Logistics,1,VA-EB-PL2,1480,True,True,1820,5319.0,REVIEW,False,2025-10
TK-246204,2025-10-24 16:08:00,2025-10-24 16:10,2025-10-25 17:40,resolved,chat,C105305,,VA-EB-PL2,Other,Normal,Chat Frontline,A3012,0,,3324.0,DOA-REPL,N,"Bought my Pulse 2 around 28-09-2025 from Flipkart. Whaat is the status of my warranty claim. I emailed twice. Nothing changed. Please help. Awaiting response,",customer states repair status follow-up. checked rma status. refunded rs 3324.,helpdesk,0,3324.0,Lakshmi Srivastava,Chat Frontline,1,VA-EB-PL2,1480,True,False,0,0.0,WTY-BUYBACK,True,2025-10
TK-246226,2025-10-25 10:42:00,2025-10-25 16:33,2025-10-25 16:52,resolved,email,C102380,VR902432,VA-SW-NX2,Billing & Payments,Normal,Billing,A3035,0,3.0,6499.0,GW-OTHER,N,Not acceeptable at tis price. Bought the Nexa 2 around 13/10 from Amazon. payment was deducetd but no order was created. I already tried logigng out & in. Fix this or I am posting on twitter,Cx reported amount deducted without ord. conf w/ payment gateway. Full rfnd processed (6499). Will monitor.,helpdesk,0,6499.0,Dev Kulkarni,Billing,1,VA-SW-NX2,2450,True,False,0,0.0,DUP-PAYMENT,True,2025-10
TK-246239,2025-10-25 13:52:00,2025-10-25 15:49,2025-10-26 16:17,resolved,email,C100887,VR880597,VA-EB-AIR,Returns & Refunds,Normal,Returns Desk,A3036,0,,3058.0,RETURN-QC-OK,N,"the AirLite buds purchased 3 weeks back, order VR880597. You picked up the iteem 21 days ago and my money hasn't come back. I emailed twice. Nothig changed. Please resolve asap. Thanks, Reyansh","re: rfnd not creditde | checked reverse pkp qc status -> rfnd reprocessed (SOP 2.7) -- Replacement was offered earlier by chat team, cx opted for rfnd.",helpdesk,0,3058.0,Ritika D'Souza,Returns Desk,1,VA-EB-AIR,760,True,False,0,0.0,DUP-PAYMENT,True,2025-10
TK-246242,2025-10-25 16:35:00,2025-10-25 16:39,2025-10-25 16:55,closed,chat,C101854,VR883637,VA-HP-ST3,Other,Normal,Chat Frontline,A3009,0,,1400.0,GW-OTHER,N,"please cancel, ordered by mistake, VR883637","Customer reached out - cancel ord. chk shipment status. rfnd approved, Rs 1400, 5-7 working days. (SOP 4.2) //SUK",helpdesk,0,1400.0,Sukhwinder Singh,Chat Frontline,1,VA-HP-ST3,2650,True,False,0,0.0,CANCEL,True,2025-10
TK-246247,2025-10-25 19:00:00,2025-10-25 19:33,2025-10-27 19:47,resolved,voice,C107098,VR887916,VA-SW-NX1,Delivery & Shipping,Low,Logistics,A3030,0,4.0,500.0,GW-OTHER,N,"[IVR transcript] Not what I expected from Vireo. Order VR887916 (my Nexa). product arrived damaged. I already took photos. I want a replacement or refund, nothing else.","Reported: unit rcvd damaged. Checked with crr for damage claim. rfnd approved, Rs 500, 5-7 working days. //AIS",helpdesk,0,500.0,Aishwarya Trivedi,Logistics,1,VA-SW-NX1,1900,True,False,0,0.0,DOA-REPL,True,2025-10
TK-246257,2025-10-26 10:42:00,2025-10-26 10:43,2025-10-26 10:59,resolved,chat,C102217,VR888215,VA-EB-AIR,Billing & Payments,Normal,Billing,A3016,1,,1799.0,GW-OTHER,N,Honestly regretting this purchase. I bought airlite earbuds on 19 Oct. payment was deducted but no order was created. I already waited 24 hours. Escalate this to someone senior,"Ticket raised for payment debited, no order. Asked for UTR. Transferred to Email Frontline. rfnd of Rs 1799 initiated to source. (SOP 5.4)",helpdesk,0,1799.0,Thomas Kumar,Email Frontline,1,VA-EB-AIR,760,True,False,0,0.0,DUP-PAYMENT,True,2025-10
TK-246262,2025-10-26 11:08:00,2025-10-26 11:50,2025-10-26 12:07,resolved,email,C105666,VR899396,VA-EB-PL2,Delivery & Shipping,Normal,Logistics,A3029,0,5.0,2799.0,GW-OTHER,N,"Dear Sir/Madam,

I am wriiting with reference to my oder of the Pulse 2 earbuds (VR899396) placed on October 13.  Change of mind, please stop the shipment. I have tried cancel button, greyed out. I requeest you to process a refund to my original paymnet method.

Regards,
Ramesh Bose",refund of rs 2799 initiated to source. issue: cancellation request. checked shipment status. -RM,helpdesk,0,2799.0,Rajat Mukherjee,Logistics,1,VA-EB-PL2,1480,True,False,0,0.0,CANCEL,True,2025-10
TK-246272,2025-10-26 18:09:00,2025-10-26 18:18,2025-10-28 19:39,resolved,chat,C107309,VR889564,VA-HP-ST3,Warranty & Repair,Normal,Escalations & Warranty,A3042,1,,3500.0,GW-OTHER,N,right earbud completely silent,"re: no audio one side | checked balance settings w/ cx -> refunded rs 3500. -- offered replacement, cx preferred refund. refund processed.",helpdesk,0,3500.0,Swati Bhatia,Escalations & Warranty,2,VA-HP-ST3,2650,True,False,0,0.0,PRICE-ADJ,True,2025-10
TK-246279,2025-10-26 19:02:00,2025-10-26 19:03,2025-10-26 19:32,resolved,chat,C109069,VR887516,VA-EB-PL1,Charging & Battery,Normal,Chat Frontline,A3014,0,,1999.0,GW-OTHER,Y,"Hello, Got the Pulse buds from Amazon 3 weeks back. Battery draining even when not in use. I updated the app. NOTHING CHANGED. Pathetic experience honestly. Please advise. Awaiting response,","Escalated to warranty. Issue: battery draining fast. chk usage pattern w/ cx. -- Issued rfnd + rplc both, TL aware. -AD",helpdesk,0,1999.0,Anjali D'Souza,Chat Frontline,1,VA-EB-PL1,1120,True,True,1460,3459.0,WTY-BUYBACK,True,2025-10
TK-246289,2025-10-27 06:08:00,2025-10-27 08:29,2025-10-27 08:42,resolved,social,C100070,VR901288,VA-EB-PL2,Other,Normal,Chat Frontline,A3011,0,,6998.0,GW-OTHER,N,"my son ordered this without asking, please reverse",Refunded Rs 6998. Issue: cancel ord. Cancelled before dispatch.,helpdesk,0,6998.0,Rohit Gill,Chat Frontline,1,VA-EB-PL2,1480,True,False,0,0.0,CANCEL,True,2025-10
TK-246313,2025-10-27 18:56:00,2025-10-27 19:12,2025-10-27 19:37,resolved,voice,C100706,,VA-SW-NX1,Billing & Payments,Normal,Billing,A3035,0,,9998.0,GW-OTHER,N,[IVR transcript] payment was deducted but no order was created. i want a replacement,"issue: payment debited, no ord | confirmed w/ payment gatway -> full rfnd processed (9998)",helpdesk,0,9998.0,Dev Kulkarni,Billing,1,VA-SW-NX1,1900,True,False,0,0.0,DUP-PAYMENT,True,2025-10
TK-246317,2025-10-27 20:02:00,2025-10-27 20:12,2025-11-01 20:43,resolved,chat,C102269,VR880523,VA-EB-AIR,Delivery & Shipping,High,Logistics,A3030,0,2.0,1799.0,GW-OTHER,Y,"hey, this is regarding the airlite buds. the parcel looked like it was kicked here from the warehouse, & the unit has a crack. waiting for ur reply. thanks aarav","Cx reported transit damage. Photos received, damage conf. New unit shipped under DOA. | Cx got the amount back, also sending a new set to keep him happy. //AIS",helpdesk,0,1799.0,Aishwarya Trivedi,Logistics,1,VA-EB-AIR,760,True,True,1100,2899.0,DOA-REPL,True,2025-10
TK-246344,2025-10-28 14:18:00,2025-10-29 00:37,2025-10-30 00:59,resolved,email,C104251,VR881866,VA-EB-PL2,Billing & Payments,High,Billing,A3032,0,,3499.0,GW-OTHER,N,"Product: the Pulse 2 earbuds
Order: VR881866
Purchased: 18/10
Issue: still waiting for my refund
Tried: checked bank
Expected: resolution","1. refund delay
2. checked refund status on pg
3. refund approved, rs 3499, 5-7 working days ~Sneha",helpdesk,0,3499.0,Sneha Bansal,Billing,1,VA-EB-PL2,1480,True,False,0,0.0,RETURN-QC-OK,True,2025-10
TK-246354,2025-10-28 17:20:00,2025-10-28 18:06,2025-10-28 18:27,resolved,email,C108638,,VA-EB-PL2,Returns & Refunds,Normal,Returns Desk,A3036,0,4.0,2799.0,GW-OTHER,N,refund not received yet,"Customer reached out - refund delay. chk reverse pickup QC status. Refund approved, Rs 2799, 5-7 working days. Closing.",helpdesk,0,2799.0,Ritika D'Souza,Returns Desk,1,VA-EB-PL2,1480,True,False,0,0.0,RETURN-QC-OK,True,2025-10
TK-246358,2025-10-28 19:49:00,2025-10-28 20:53,2025-10-28 21:18,resolved,voice,C108175,VR897102,VA-EB-AIR,Billing & Payments,High,Billing,A3036,2,,1799.0,GW-OTHER,N,"[IVR transcript] Dear Sir/Madam, This is regarding AirLite. Refund not received yet. I checked bank. Not acceptalbe at thsi price. Can someone fix this?","Customer states refund pending. Checked reverse pikup QC status. xfr to Returns Desk. Refund approved, Rs 1799, 5-7 working days. Closing. (SOP 5.4)",helpdesk,0,1799.0,Ritika D'Souza,Returns Desk,1,VA-EB-AIR,760,True,False,0,0.0,RETURN-QC-OK,True,2025-10
TK-246379,2025-10-29 12:30:00,2025-10-29 12:35,2025-10-29 13:08,resolved,chat,C101302,,VA-HP-ST3,Audio Quality,Normal,Chat Frontline,A3033,1,2.0,11898.0,GW-OTHER,N,mic not working on calls,"1. mic not working on calls
2. tested on call with cx
3. xfer to billing
4. permissions fixed, rslvd.
full refund issued and replacement dispatched as goodwill.",helpdesk,0,11898.0,Vikram Banerjee,Billing,1,VA-HP-ST3,2650,True,False,0,0.0,DOA-REPL,True,2025-10
TK-246391,2025-10-29 16:50:00,2025-10-29 23:11,2025-10-29 23:31,resolved,email,C107820,,VA-EB-PL2,Other,Normal,Email Frontline,A3017,0,4.0,3149.0,GW-OTHER,N,"hello, got pulse 2 from amazon recently.  want to cancel my order. kindly look into it. regards, komal",reported: ord cancellation. chk shipment status. rfnd of rs 3149 initiated to source.,helpdesk,0,3149.0,Kabir Singh,Email Frontline,1,VA-EB-PL2,1480,True,False,0,0.0,CANCEL,True,2025-10
TK-246398,2025-10-29 20:57:00,2025-10-29 21:06,2025-11-01 21:28,closed,chat,C102084,VR887832,VA-SP-ORB,Delivery & Shipping,High,Logistics,A3030,0,,5699.0,DOA-REPL,N,"Dear Sir/Madam,

I am writing with reference to my order of Orbit speaker (VR887832) palced on 22 Oct. Pickpu scheduled but no one showed up. I have rescheduled pickup twice. I request you to look into this mattr at the earliest.

Regards,
Kavya Ansari","Cx reported pickup not done. Checked pickup AWB. Pickup done, refund initiated. | Full rfnd issued and rplc dispatched as goodwill. //AIS",helpdesk,0,5699.0,Aishwarya Trivedi,Logistics,1,VA-SP-ORB,2300,True,False,0,0.0,DUP-PAYMENT,True,2025-10
TK-246399,2025-10-29 21:28:00,2025-10-29 21:53,2025-10-29 22:22,resolved,social,C102197,VR906303,VA-SP-MINI,Billing & Payments,High,Billing,A3035,0,3.0,1999.0,GW-OTHER,N,i have been a loyal customer and this is how you treat me.  ordered the mini speaker around diwali. i was charged twice for one order. i already checked with bank. this is the last time i buy from you.,"Cx reported charged twice. chk PG for duplicate txn. rfnd approved, Rs 1999, 5-7 working days. Will monitor.",helpdesk,0,1999.0,Dev Kulkarni,Billing,1,VA-SP-MINI,980,True,False,0,0.0,DUP-PAYMENT,True,2025-10
TK-246405,2025-10-30 02:38:00,2025-10-30 02:42,2025-10-31 08:45,resolved,chat,C105072,,VA-HP-ST3,Warranty & Repair,Normal,Escalations & Warranty,A3039,1,,6649.0,GW-OTHER,N,"hello ji
claim number rma87371, anyone alive there?
help","cx: warranty claim status | followed up with service centre -> refund of rs 6649 initiated to source. -- replacement declined by cx, refund issued instead. ~Reyansh",helpdesk,0,6649.0,Reyansh Mishra,Escalations & Warranty,2,VA-HP-ST3,2650,True,False,0,0.0,WTY-BUYBACK,True,2025-10
TK-246408,2025-10-30 09:06:00,2025-10-30 09:14,2025-10-31 09:45,resolved,chat,C106091,,VA-NB-ARC,Returns & Refunds,Normal,Returns Desk,A3038,0,,1039.0,GW-OTHER,N,"Product: Arc neckband
Purchased: October 07
Issue: u picked up the item 8 days ago and my money hasn't come back
Tried: checked bank
Expected: resolution","1. rfnd delay
2. chk reverse pickup QC status
3. Full rfnd processed (1039)",helpdesk,0,1039.0,Ankit Dhillon,Returns Desk,1,VA-NB-ARC,540,True,False,0,0.0,RETURN-QC-OK,True,2025-10
TK-246415,2025-10-30 12:05:00,2025-10-30 14:42,2025-10-30 15:12,closed,email,C103719,,VA-EB-PL2,Billing & Payments,High,Billing,A3035,0,,3149.0,GW-OTHER,N,"Product: my Pulse 2
Order: VR884731
Purchased: October 16
Issue: payment was deducted but no order was created
Tried: waited 24 hours
Expected: fix",Contact re failed ord after payment. Asked for UTR. Full rfnd processed (3149). Cx informed.,helpdesk,0,3149.0,Dev Kulkarni,Billing,1,VA-EB-PL2,1480,True,False,0,0.0,DUP-PAYMENT,True,2025-10
TK-246431,2025-10-30 17:00:00,2025-10-30 18:58,2025-10-30 19:09,resolved,email,C105126,VR887925,VA-EB-PL2,Product Enquiry,Low,Email Frontline,A3018,0,5.0,1400.0,GW-OTHER,N,"Product: Pulse2
Order: VR887925
Purchased: 20/10
Issue: discount was not applied at checkout
Tried: tried in caps
Expected: callback","cx: coupon not applied | checked coupon validity -> refund approved, rs 1400, 5-7 working days ~Krishna",helpdesk,0,1400.0,Krishna Bhatt,Email Frontline,1,VA-EB-PL2,1480,True,False,0,0.0,PRICE-ADJ,True,2025-10
TK-246444,2025-10-31 06:50:00,2025-10-31 07:04,2025-10-31 07:16,resolved,chat,C102278,,VA-EB-PL2,Billing & Payments,High,Billing,A3034,0,4.0,499.0,GW-OTHER,N,"I am losing patience. Got Pulse2 from vireo.in recently. pls cancel, ordered by mistake. I already tried cancel button, greyed out. Fix this or I am posting on twitter.",- (sop 5.4),helpdesk,0,499.0,Tanvi Rathore,Billing,1,VA-EB-PL2,1480,True,False,0,0.0,CANCEL,True,2025-10
TK-246495,2025-11-01 10:49:00,2025-11-01 10:51,2025-11-02 11:11,resolved,chat,C104975,,VA-EB-PL1,Returns & Refunds,Normal,Returns Desk,A3038,0,,1999.0,RETURN-QC-OK,N,"Product: pulse 1
Purchased: October 13
Issue: nobody came for teh pickup
Tried: rescheduled pickup twice
Expected: resolution","1. Pickup missed
2. Re-raised pickup w/ courier
3. rfnd approved, Rs 1999, 5-7 working days",helpdesk,0,1999.0,Ankit Dhillon,Returns Desk,1,VA-EB-PL1,1120,True,False,0,0.0,DUP-PAYMENT,True,2025-11
TK-246538,2025-11-02 13:16:00,2025-11-02 14:43,2025-11-03 15:01,resolved,social,C100480,,VA-SW-NX2,Returns & Refunds,Normal,Returns Desk,A3036,0,,6499.0,GW-OTHER,N,"packed the box a week ago and it's still here
please call me on my registered number",Cx reported reverse pickup pending. chk pickup AWB. Full refund processed (6499). Will monitor. (SOP 2.7),helpdesk,0,6499.0,Ritika D'Souza,Returns Desk,1,VA-SW-NX2,2450,True,False,0,0.0,RETURN-QC-OK,True,2025-11
TK-246559,2025-11-02 21:19:00,2025-11-02 21:20,2025-11-02 21:40,resolved,chat,C103696,VR892038,VA-AC-CH65,Billing & Payments,Normal,Billing,A3035,0,3.0,1199.0,GW-OTHER,N,"product: your charger
order: vr892038
purchased: 23/10
issue: i was charged twice for one order
tried: cecked with bank
expected: fix",Reported: charged twice. Checked PG for duplicate txn. Full rfnd processed (1199). Follow-up not required.,helpdesk,0,1199.0,Dev Kulkarni,Billing,1,VA-AC-CH65,610,True,False,0,0.0,DUP-PAYMENT,True,2025-11
TK-246585,2025-11-03 15:19:00,2025-11-03 20:07,,open,email,C100047,,VA-EB-PL2,Other,Normal,Email Frontline,A3018,0,3.0,3499.0,GW-OTHER,N,"ordered the wrong colour, don't ship it - please call me on my registered number",cx: order cancellation | cancelled before dispatch -> full refund processed (3499) ~Krishna,helpdesk,0,3499.0,Krishna Bhatt,Email Frontline,1,VA-EB-PL2,1480,True,False,0,0.0,CANCEL,True,2025-11
TK-246589,2025-11-03 17:09:00,2025-11-04 10:03,2025-11-05 10:23,resolved,email,C102091,VR882461,VA-EB-PL1,Returns & Refunds,Low,Returns Desk,A3037,0,,2499.0,RETURN-QC-OK,N,"namaste,
thhis is regarding the pulse buds.  return pickup has not happened.
i rescheduled pickup twice.
honestly regretting this purchase.
waiting for your reply.
thanks josseph","1. pkp not done
2. chk pkp awb
3. refund approved, rs 2499, 5-7 working days ~Manish",helpdesk,0,2499.0,Manish Iyer,Returns Desk,1,VA-EB-PL1,1120,True,False,0,0.0,DUP-PAYMENT,True,2025-11
TK-246612,2025-11-04 12:45:00,2025-11-04 14:39,2025-11-12 16:37,resolved,email,C101049,VR901039,VA-SW-NX2,Warranty & Repair,Normal,Escalations & Warranty,A3042,0,,617.0,GW-OTHER,N,"Hi there, Order VR901039 (the Nexa 2). The band snapped while I was putting it on this morning. How do I get this fixed? Rgds",issue: strap damage | checked warranty eligibility -> replacement strap dispatched,helpdesk,0,617.0,Swati Bhatia,Escalations & Warranty,2,VA-SW-NX2,2450,True,False,0,0.0,WTY-BUYBACK,True,2025-11
TK-246633,2025-11-05 00:20:00,2025-11-05 00:33,2025-11-05 00:57,resolved,chat,C105782,VR886838,VA-EB-PL2,Billing & Payments,Normal,Billing,A3033,0,3.0,3324.0,GW-OTHER,N,"product: pulse2
purchased: 05 nov
issue: your ad said 20% off and the cart says full price
tried: tried on app and website
expected: callabck","1. coupon not applied
2. checked cart eligibility
3. full rfnd processed (3324)",helpdesk,0,3324.0,Vikram Banerjee,Billing,1,VA-EB-PL2,1480,True,False,0,0.0,PRICE-ADJ,True,2025-11
TK-246639,2025-11-05 11:09:00,2025-11-05 13:22,2025-11-08 13:53,resolved,social,C103506,VR901899,VA-EB-AIR,Returns & Refunds,Normal,Returns Desk,A3037,0,,1799.0,GW-OTHER,N,"dear sir/madam,

i am writing with reference to my order of airlite earbuds (vr901899) placed on 10/10. the return was accepted but the amount is nowhere in my account. i have emailed twice. i request you to process a refud to my origginal payment method.

yours faithfully,
thomas mehta
raipur","rfnd approved, rs 1799, 5-7 working days. issue: rfnd not credited. chk rfnd status on pg. ~Manish",helpdesk,0,1799.0,Manish Iyer,Returns Desk,1,VA-EB-AIR,760,True,False,0,0.0,DUP-PAYMENT,True,2025-11
TK-246644,2025-11-05 11:51:00,2025-11-05 12:45,2025-11-05 13:21,resolved,email,C106247,,VA-EB-PL2,Audio Quality,Normal,Email Frontline,A3019,0,4.0,3149.0,WTY-BUYBACK,N,"Hello, I bought Pulse 2 on August 12. Only one side plays sound. I reset the buds. Nothing changed. Can somoene fix this? Thanks & regards,","cx: single side audio only | asked cx to check bud in case -> rfnd approved, rs 3149, 5-7 working days",helpdesk,0,3149.0,Kavya Agarwal,Email Frontline,1,VA-EB-PL2,1480,True,False,0,0.0,DOA-REPL,True,2025-11
TK-246654,2025-11-05 16:49:00,2025-11-05 18:35,2025-11-05 18:52,resolved,email,C104899,,VA-HP-ST3,Other,Normal,Email Frontline,A3018,0,4.0,630.0,GW-OTHER,N,"my son ordeed this without asking, please reverse. can someone fix this?","cx: order cancellation | cancelled before dispatch -> refund approved, rs 630, 5-7 working days ~Krishna",helpdesk,0,630.0,Krishna Bhatt,Email Frontline,1,VA-HP-ST3,2650,True,False,0,0.0,CANCEL,True,2025-11
TK-246750,2025-11-07 20:45:00,2025-11-07 20:50,2025-11-07 21:06,resolved,chat,C104642,VR881947,VA-EB-AIR,Audio Quality,Normal,Chat Frontline,A3012,0,2.0,1799.0,GW-OTHER,N,"dear sir/madam,

i am writing w/ reference to my order of airlite earbuds (vr881947) placed on 28/04. microphone is very low on the airlite earbuds. i have tried different apps. i request u to provide a resolution within 3 working days.

yours faithfully,
tanvi das","customer reached out - low mic pkp. checked mic permissions on phone. fw update adv. | credited full amount, new unit also going out tomorrow.",helpdesk,0,1799.0,Lakshmi Srivastava,Chat Frontline,1,VA-EB-AIR,760,True,False,0,0.0,DOA-REPL,True,2025-11
TK-246756,2025-11-08 03:29:00,2025-11-08 03:38,2025-11-10 03:59,resolved,chat,C101500,,VA-EB-PL2,Returns & Refunds,Normal,Returns Desk,A3038,0,,3499.0,RETURN-QC-OK,N,"dear sir/madam,

i am writing with reference to my order of pulse2 placed on october 09. refud not received yet. i have cheecked bank. i request you to provide a resolution within 3 working days.

regards,
steven shah","1. rfnd not credited
2. chk reverse pkp QC status
3. rfnd reprocessed.
Refunded. Replacement request rejected as per policy.",helpdesk,0,3499.0,Ankit Dhillon,Returns Desk,1,VA-EB-PL2,1480,True,False,0,0.0,LOST-TRANSIT,True,2025-11
TK-246758,2025-11-08 08:47:00,2025-11-08 09:20,2025-11-08 09:37,resolved,voice,C109447,VR890854,VA-EB-AIR,Delivery & Shipping,High,Logistics,A3031,0,3.0,764.0,GW-OTHER,N,"[IVR transcript] Namaste, Bought airlite earbuds around October 31 from vireo.in. Received damaged product. I took photos. Nothing changed. Please advise. Regards Sai Chatterjee","Refunded Rs 764. Issue: transit damage. Checked with courier for damage claim. | Replacement was offered earlier by chat team, cx opted for refund.",helpdesk,0,764.0,Zaid Desai,Logistics,1,VA-EB-AIR,760,True,False,0,0.0,PRICE-ADJ,True,2025-11
TK-246767,2025-11-08 12:46:00,2025-11-08 16:47,2025-11-08 17:16,resolved,email,C103425,VR905246,VA-HP-ST3,Charging & Battery,Low,Email Frontline,A3018,0,3.0,3500.0,GW-OTHER,N,"Dear team, Ordered my Strata 3 headphones around Diwali. Goes froom full to empty during one commute. Please help.","re: rapid battery drain | checked usage pattern with cx -> refund approved, rs 3500, 5-7 working days ~Krishna",helpdesk,0,3500.0,Krishna Bhatt,Email Frontline,1,VA-HP-ST3,2650,True,False,0,0.0,WTY-BUYBACK,True,2025-11
TK-246788,2025-11-08 18:15:00,2025-11-08 18:16,2025-11-11 18:43,closed,chat,C107144,VR892895,VA-EB-PL2,Returns & Refunds,Low,Returns Desk,A3036,0,,2799.0,GW-OTHER,N,"dear sir/madam,

i am writing with reference to my order of the pulse 2 earbuds (vr892895) placed on 03-11-2025. still waiting for my refund. i have emailed twice. i request you to kindly arrange a replacement.

regards,
pranav chauhan",Cx repotred rfnd pending. Checked reverse pickup QC status. rfnd reprocessed. Cx satisfied on chat. (SOP 3.1),helpdesk,0,2799.0,Ritika D'Souza,Returns Desk,1,VA-EB-PL2,1480,True,False,0,0.0,RETURN-QC-OK,True,2025-11
TK-246825,2025-11-09 12:18:00,2025-11-09 15:37,2025-11-14 15:53,resolved,email,C107640,,VA-EB-PL1,Delivery & Shipping,High,Logistics,A3030,0,2.0,2249.0,DOA-REPL,Y,"Product: pulse 1
Purchased: October 31
Issue: received damaged product
Tried: took photos
Expected: fix","Ticket raised for damaged in transit. Photos received, damage confirmed. Refunded Rs 2249. //AIS",helpdesk,0,2249.0,Aishwarya Trivedi,Logistics,1,VA-EB-PL1,1120,True,True,1460,3709.0,DOA-REPL,False,2025-11
TK-246844,2025-11-09 21:52:00,2025-11-09 22:34,2025-11-09 23:01,resolved,social,C102136,,VA-SW-NX2,Delivery & Shipping,Normal,Logistics,A3029,0,,6499.0,GW-OTHER,Y,This is very disappointing.  Got Nexa 2 from Amazon around Diwali. opened the parcel and it is a completely different thing. I already rechecked my order. Fix this or I am posting on twitter.,refunded rs 6499. issue: incorrect product shipped. verified order vs delivered item photos. -- both refund and replacement given as cx threatened social media. -RM,helpdesk,0,6499.0,Rajat Mukherjee,Logistics,1,VA-SW-NX2,2450,True,True,2790,9289.0,REVIEW,False,2025-11
TK-246850,2025-11-10 08:43:00,2025-11-10 09:05,2025-11-15 10:37,resolved,voice,C106505,VR884942,VA-EB-PL2,Warranty & Repair,Normal,Escalations & Warranty,A3039,0,,3324.0,GW-OTHER,N,"hii
left earbud not charging, right one is fine
the pulse 2 earbuds","cx: l bud no charge in case | confirmed fw 3.4.6 -> advised to observe for 48h and revert.
refund processed to source; replacement unit also shipped. ~Reyansh",helpdesk,0,3324.0,Reyansh Mishra,Escalations & Warranty,2,VA-EB-PL2,1480,True,False,0,0.0,DOA-REPL,True,2025-11
TK-246876,2025-11-10 21:56:00,2025-11-10 21:56,2025-11-10 22:12,resolved,chat,C106920,,VA-HP-ST3,Delivery & Shipping,Normal,Logistics,A3030,0,3.0,5949.0,GW-OTHER,Y,"namaste, got my strata 3 headphones from vireo.in a month ago. order not delivered, tracking not updating. i checked the tracking page daily. please help. thanks in advance,",Cx says ord not delivered. chk AWB with crr. Re-shipped from warehouse. | Full refund issued & replacement dispatched as goodwill. //AIS,helpdesk,0,5949.0,Aishwarya Trivedi,Logistics,1,VA-HP-ST3,2650,True,True,2990,8939.0,LOST-TRANSIT,True,2025-11
TK-246888,2025-11-11 11:14:00,2025-11-11 17:52,2025-11-13 18:08,resolved,email,C101875,VR902176,VA-EB-PL2,Returns & Refunds,Normal,Returns Desk,A3036,0,,3149.0,GW-OTHER,N,"Product: my Pulse 2
Order: VR902176
Purchased: 14/10
Issue: where is the monye for the return
Tried: emialed twice
Expected: refund",see prev,helpdesk,0,3149.0,Ritika D'Souza,Returns Desk,1,VA-EB-PL2,1480,True,False,0,0.0,DUP-PAYMENT,True,2025-11
TK-246895,2025-11-11 17:43:00,2025-11-11 18:51,,pending,voice,C104253,VR900909,VA-HP-ST2,Delivery & Shipping,Normal,Logistics,A3030,0,3.0,3999.0,WTY-BUYBACK,Y,[IVR transcript] this is very disappointing.  got strata 2 from vireo.in 10 days ago. i haven't received my order. i already called the courier. fix this or i am posting on twitter.,Customer states delivery delayed. Confirmed address with cx. Re-shipped from warehouse. -- rfnd done & new unit sent as one-time gesture. //AIS,helpdesk,0,3999.0,Aishwarya Trivedi,Logistics,1,VA-HP-ST2,2100,True,True,2440,6439.0,LOST-TRANSIT,True,2025-11
TK-246927,2025-11-12 11:32:00,2025-11-12 11:45,2025-11-13 11:58,resolved,chat,C105566,VR887548,VA-SW-NX2,Billing & Payments,High,Billing,A3033,0,2.0,6499.0,GW-OTHER,N,"Hi Vireo support, I bought Nexa 2 on 26/10. Refund was promised 20 days ago and nothing. I checked bank. Nothing changed. Please advise. Awaiting response Pranav Pereira","1. refund pending
2. checked reverse pickup qc status
3. refund conf credited.
offered replacement, cx preferred refund. refund processed.",helpdesk,0,6499.0,Vikram Banerjee,Billing,1,VA-SW-NX2,2450,True,False,0,0.0,RETURN-QC-OK,True,2025-11
TK-246928,2025-11-12 12:20:00,2025-11-12 12:52,2025-11-12 13:29,resolved,voice,C103623,,VA-EB-PL2,Connectivity,Low,Voice Frontline,A3024,0,,3324.0,GW-OTHER,Y,[IVR transcript] hi it connects for a second and then vanishes from the device list pls reply,"Reported: device not discoverable. Walked through forget + re-pair. Reset done, paired ok. Case closed with cx consent. -- Reversed the payment and dispatched a new one under RMA. ~Amit",helpdesk,0,3324.0,Amit Deshpande,Voice Frontline,1,VA-EB-PL2,1480,True,True,1820,5144.0,WTY-BUYBACK,True,2025-11
TK-246935,2025-11-12 14:51:00,2025-11-12 14:56,2025-11-12 15:13,closed,chat,C106578,VR893455,VA-EB-PL2,Other,Normal,Chat Frontline,A3015,0,,525.0,GW-OTHER,N,"my son ordered this without asking, please reverse. how do i get this fixed?",Refunded Rs 525. Issue: cancellation request. Cancelled before dispatch. [closed],helpdesk,0,525.0,Sameer Jadhav,Chat Frontline,1,VA-EB-PL2,1480,True,False,0,0.0,CANCEL,True,2025-11
TK-246936,2025-11-12 15:15:00,2025-11-12 18:07,2025-11-12 18:38,resolved,email,C100182,VR903593,VA-EB-PL1,Billing & Payments,High,Billing,A3035,0,,375.0,GW-OTHER,N,"team,
payment was deducted but no order was created
my pulse VR903593","cx states paymetn debited, no order. Asked for UTR. Auto-rfnd conf within 5-7 days. Closing.",helpdesk,0,375.0,Dev Kulkarni,Billing,1,VA-EB-PL1,1120,True,False,0,0.0,DUP-PAYMENT,True,2025-11
TK-246943,2025-11-12 18:52:00,2025-11-12 20:00,2025-11-12 20:14,resolved,social,C101337,VR887000,VA-SP-MINI,Billing & Payments,Normal,Billing,A3035,0,,2499.0,GW-OTHER,N,"Hi team,
This is regarding the mini speaker. ORDERED THE WRONG COLOUR, DON'T SHIP IT.
PLEASE RESOLVE ASAP.
THANKS IN ADVANCE",cx reached out - ord cancellation. chk shipment status. Refunded Rs 2499. Cx informed.,helpdesk,0,2499.0,Dev Kulkarni,Billing,1,VA-SP-MINI,980,True,False,0,0.0,CANCEL,True,2025-11
TK-246948,2025-11-12 19:36:00,2025-11-12 20:01,2025-11-12 20:31,resolved,voice,C104373,VR883582,VA-EB-PL1,Billing & Payments,High,Billing,A3035,0,4.0,2499.0,GW-OTHER,N,[IVR transcript] I was charged twice for one order,Customer states doulbe charge. chk PG for duplicate txn. rfnd of Rs 2499 initiated to source. Cx satisfied on chat.,helpdesk,0,2499.0,Dev Kulkarni,Billing,1,VA-EB-PL1,1120,True,False,0,0.0,DUP-PAYMENT,True,2025-11
TK-246960,2025-11-13 08:57:00,2025-11-13 11:05,2025-11-13 11:33,resolved,email,C100447,,VA-SP-ORB,Billing & Payments,High,Billing,A3032,0,,5699.0,GW-OTHER,N,payment was deducted but no order was created,"1. amount deducted without order
2. confirmed with payment gateway
3. refund of rs 5699 initiated to source ~Sneha",helpdesk,0,5699.0,Sneha Bansal,Billing,1,VA-SP-ORB,2300,True,False,0,0.0,DUP-PAYMENT,True,2025-11
TK-246980,2025-11-13 16:16:00,2025-11-14 06:44,2025-11-14 07:12,resolved,email,C108721,,VA-EB-PL2,Delivery & Shipping,Normal,Logistics,A3031,0,1.0,2799.0,GW-OTHER,N,"teh app said pickup today, that was on 03-11-2025",Refunded Rs 2799. Issue: pickup not done. Checked pickup AWB. Refund issued; replacement not applicable (out of stock).,helpdesk,0,2799.0,Zaid Desai,Logistics,1,VA-EB-PL2,1480,True,False,0,0.0,RETURN-QC-OK,True,2025-11
TK-246987,2025-11-13 18:27:00,2025-11-13 19:23,2025-11-13 19:39,resolved,email,C103975,,VA-EB-AIR,Other,Normal,Email Frontline,A3018,0,,1529.0,GW-OTHER,N,"Product: airlite earbuds
Order: VR898250
Purchased: 30/10
Issue: please cancel, ordered by mistake
Tried: tried cancel button, greyed out
Expected: refund","re: cancellation request | checked shipment status -> refund approved, rs 1529, 5-7 working days ~Krishna",helpdesk,0,1529.0,Krishna Bhatt,Email Frontline,1,VA-EB-AIR,760,True,False,0,0.0,CANCEL,True,2025-11
TK-247022,2025-11-14 18:33:00,2025-11-14 18:39,2025-11-16 19:03,resolved,chat,C106351,VR883794,VA-AC-CBL,Returns & Refunds,Normal,Returns Desk,A3036,0,,399.0,GW-OTHER,N,"hi team,
order vr883794 (usb-c cable). you picked up the item 20 days ago and my money hasn't come back.
i want a replacement.
please revert,",Cx reported refund pending. chk reverse picukp QC status. ARN shared with cx. Cx satisfied on chat. (SOP 2.7),helpdesk,0,399.0,Ritika D'Souza,Returns Desk,1,VA-AC-CBL,90,True,False,0,0.0,RETURN-QC-OK,True,2025-11
TK-247025,2025-11-14 19:22:00,2025-11-14 19:23,2025-11-14 19:52,resolved,chat,C106034,VR904284,VA-EB-AIR,Returns & Refunds,Normal,Returns Desk,A3036,0,4.0,1709.0,GW-OTHER,N,"box was crushed and the the AirLite buds is cracked
VR904284
how do i get this fixed?","Cx says damaaged in transit. Photos received, damage confirmed. rfnd of Rs 1709 initiated to source. Case closed with cx consent.",helpdesk,0,1709.0,Ritika D'Souza,Returns Desk,1,VA-EB-AIR,760,True,False,0,0.0,DOA-REPL,True,2025-11
TK-247041,2025-11-15 08:00:00,2025-11-15 08:10,2025-11-18 08:25,resolved,chat,C106034,VR904284,VA-EB-AIR,Delivery & Shipping,Normal,Logistics,A3028,0,,1709.0,GW-OTHER,N,"Dear Sir/Madam,

I am writing with reference to my order of AirLite (VR904284) placed on 05 Nov. Order not delivered, tracking not updating. I have checked with neighbours. I request you to kinly arrange a replacement.

Regards,
Kavya Sen
Thiruvananthapuram","cx states shipment not rcvd. conf address w/ cx. crr conf dlvry for 21 nov, cx informed.
refunded rs 1709 & also raised replacement, cx was very upset.",helpdesk,0,1709.0,Sameer Kapoor,Logistics,1,VA-EB-AIR,760,True,False,0,0.0,LOST-TRANSIT,True,2025-11
TK-247045,2025-11-15 09:22:00,2025-11-15 10:12,2025-11-18 10:36,resolved,email,C107193,,VA-EB-PL1,Returns & Refunds,Normal,Returns Desk,A3037,0,,2249.0,GW-OTHER,N,STILL WAITING FOR MY REFUND,"rfnd approved, rs 2249, 5-7 working days. issue: rfnd not credited. checked reverse pickup qc status. ~Manish",helpdesk,0,2249.0,Manish Iyer,Returns Desk,1,VA-EB-PL1,1120,True,False,0,0.0,RETURN-QC-OK,True,2025-11
TK-247060,2025-11-15 14:55:00,2025-11-15 14:57,2025-11-15 15:30,resolved,chat,C102524,VR902296,VA-EB-PL2,Billing & Payments,Normal,Billing,A3035,0,5.0,3499.0,GW-OTHER,N,"Got pulse 2 buds from vireo.in in November. Pamyent was deducted but no order was created.
I tried logging out and in.
Please advise.
Thanks & regards Aishwarya",Contact re failed ord after payment. Checked PG dashboad for txn. rfnd of Rs 3499 initiated to source. Closing.,helpdesk,0,3499.0,Dev Kulkarni,Billing,1,VA-EB-PL2,1480,True,False,0,0.0,DUP-PAYMENT,True,2025-11
TK-247086,2025-11-16 10:32:00,2025-11-16 10:52,2025-11-18 15:43,resolved,voice,C102773,,VA-SW-FIT,Warranty & Repair,Normal,Escalations & Warranty,A3039,0,3.0,1599.0,GW-OTHER,Y,"what is the status of my warranty claim
how do i get this fixed?","issue: warranty claim status | checked rma status -> repair completed, shipped back. refund done and new unit sent as one-time gesture. ~Reyansh",helpdesk,0,1599.0,Reyansh Mishra,Escalations & Warranty,2,VA-SW-FIT,850,True,True,1190,2789.0,WTY-BUYBACK,True,2025-11
TK-247093,2025-11-16 12:52:00,2025-11-16 15:23,2025-11-16 15:46,closed,voice,C108582,,VA-EB-PL1,Delivery & Shipping,Normal,Logistics,A3030,0,,2499.0,GW-OTHER,Y,[IVR transcript] hello ji box was crushed and teh the pulse buds is crcaked please jaldi anyone tere,"Customer states transit damage. chk w/ courier for damage claim. Replacement approved, reverse pickup arranged.
Refunded Rs 2499 & also raised replacement, cx was very upset. //AIS",helpdesk,0,2499.0,Aishwarya Trivedi,Logistics,1,VA-EB-PL1,1120,True,True,1460,3959.0,RETURN-QC-OK,True,2025-11
TK-247095,2025-11-16 13:14:00,2025-11-16 13:41,2025-11-16 14:07,closed,voice,C101477,VR882242,VA-EB-PL2,Other,Normal,Voice Frontline,A3024,0,3.0,700.0,GW-OTHER,N,"hii
payment went through but i got no order id","Cx reported amount deducted without order. chk PG dashboard for txn. Refund approved, Rs 700, 5-7 working days. Closing. ~Amit",helpdesk,0,700.0,Amit Deshpande,Voice Frontline,1,VA-EB-PL2,1480,True,False,0,0.0,DUP-PAYMENT,True,2025-11
TK-247114,2025-11-17 09:06:00,2025-11-17 14:36,2025-11-25 17:49,resolved,email,C100521,VR900484,VA-EB-PL2,Warranty & Repair,Normal,Escalations & Warranty,A3042,0,,6648.0,GW-OTHER,N,"one of them (left) never gets the green light in the case, VR900484","l bud no charge in case | tested with cx on call -> replacement raised, rma shared with cx.
refunded rs 6648 & also raised replacement, cx was very upset.",helpdesk,0,6648.0,Swati Bhatia,Escalations & Warranty,2,VA-EB-PL2,1480,True,False,0,0.0,WTY-BUYBACK,True,2025-11
TK-247120,2025-11-17 11:09:00,2025-11-17 11:25,2025-11-19 11:57,resolved,voice,C107693,VR884769,VA-SP-ORB,Delivery & Shipping,High,Logistics,A3027,0,3.0,11398.0,GW-OTHER,N,[IVR transcript] helo received damaged product my orbit urgent,"1. Unit received damaged
2. Photos received, damage confirmed
3. Refund of Rs 11398 initiated to source",helpdesk,0,11398.0,Priya Agarwal,Logistics,1,VA-SP-ORB,2300,True,False,0,0.0,DOA-REPL,True,2025-11
TK-247128,2025-11-17 13:05:00,2025-11-17 13:59,,pending,email,C104836,,VA-SW-NX2,Delivery & Shipping,Normal,Logistics,A3028,1,,1105.0,GW-OTHER,N,"dear sir/madam,

i am writing with reference to my order of nexa 2 placed on 10/11. received damaged product. i have refused nothing as i didn't notice till later. i request you to look into this matter at the earliest.

regards,
ishaan sethi
kolkata",customer reached out - unit rcvd damaged. chk w/ crr for damage claim. full rfnd processed (1105).,helpdesk,0,1105.0,Sameer Kapoor,Logistics,1,VA-SW-NX2,2450,True,False,0,0.0,DOA-REPL,True,2025-11
TK-247145,2025-11-18 07:56:00,2025-11-18 08:02,2025-11-19 08:20,resolved,chat,C103967,,VA-HP-ST3,Billing & Payments,High,Billing,A3032,0,3.0,6999.0,GW-OTHER,N,"Hello Vireo, Ordered Strata 3 a month ago.  Refund was promised 15 days ago and nothing. I emailed twice. Honestly regretting this purchase. Please call me on my registered number. Thanks in advance, Hasrh","1. rfnd pending
2. checked rfnd status on pg
3. arn shared with cx.
full rfnd issued and replacement dispatched as goodwill. ~Sneha",helpdesk,0,6999.0,Sneha Bansal,Billing,1,VA-HP-ST3,2650,True,False,0,0.0,DUP-PAYMENT,True,2025-11
TK-247157,2025-11-18 14:29:00,2025-11-18 14:41,2025-11-21 14:56,closed,chat,C102066,VR891741,VA-AC-CH65,Delivery & Shipping,Normal,Logistics,A3030,0,,1199.0,GW-OTHER,N,"nobody came for the pickup, VR891741",cx reached out - pickup not done. Re-raised pickup w/ crr. Refund of Rs 1199 initiated to source.,helpdesk,0,1199.0,Aishwarya Trivedi,Logistics,1,VA-AC-CH65,610,True,False,0,0.0,RETURN-QC-OK,True,2025-11
TK-247158,2025-11-18 16:54:00,2025-11-18 17:06,2025-11-18 17:34,resolved,chat,C107204,,VA-EB-PL2,Other,Normal,Chat Frontline,A3012,0,3.0,3499.0,GW-OTHER,N,"dear sir/madam,

i am writing with reference to my order of pulse2 placed on 07/11. my order has not been delivered yet. i have checked the tracking page daily. i request you to process a refund to my original payment method.

sincerely,
divya ghosh",cust contacted re delivery delayed. checked awb with courier. full refund processed (3499).,helpdesk,0,3499.0,Lakshmi Srivastava,Chat Frontline,1,VA-EB-PL2,1480,True,False,0,0.0,LOST-TRANSIT,True,2025-11
TK-247190,2025-11-19 16:59:00,2025-11-20 06:42,2025-11-20 07:17,resolved,email,C106130,VR904351,VA-EB-PL2,Returns & Refunds,Normal,Returns Desk,A3038,0,3.0,297.0,GW-OTHER,N,THE RETURN WAS ACCEPTED BUT THE AMOUTN IS NOWHERE IN MY ACCOUNT,Refund reprocessed. Issue: refund not credited. Checked reverse pickup QC status.,helpdesk,0,297.0,Ankit Dhillon,Returns Desk,1,VA-EB-PL2,1480,True,False,0,0.0,RETURN-QC-OK,True,2025-11
TK-247217,2025-11-20 10:14:00,2025-11-20 10:59,2025-11-20 11:13,closed,social,C108825,VR892047,VA-AC-CBL,Returns & Refunds,Normal,Returns Desk,A3037,0,2.0,379.0,GW-OTHER,N,"Product: braided cable
Order: VR892047
Purchased: October 28
Issue: still waiting for my refund
Tried: emailed twice
Expected: resolution",full refund processed (379). issue: refund delay. checked refund status on pg. ~Manish,helpdesk,0,379.0,Manish Iyer,Returns Desk,1,VA-AC-CBL,90,True,False,0,0.0,DUP-PAYMENT,True,2025-11
TK-247228,2025-11-20 13:24:00,2025-11-20 13:25,2025-11-23 13:55,resolved,chat,C102415,VR888614,VA-EB-PL2,Delivery & Shipping,Normal,Logistics,A3029,0,,1662.0,RETURN-QC-OK,N,"product: the pulse 2 earbuds
order: vr888614
purchased: 10 nov
issue: nobody came for the pickup
tried: called courier
expected: callback","full refund processed (1662). issue: pickup missed. checked pickup awb. -- replacement was offered earlier by chat team, cx opted for refund. -RM",helpdesk,0,1662.0,Rajat Mukherjee,Logistics,1,VA-EB-PL2,1480,True,False,0,0.0,PRICE-ADJ,True,2025-11
TK-247232,2025-11-20 13:45:00,2025-11-20 13:50,2025-11-21 15:39,resolved,social,C106918,,VA-SW-NX1,Warranty & Repair,High,Escalations & Warranty,A3039,0,,4249.0,GW-OTHER,N,there's a dent on the case straight out of the box,"re: damaged in transit | photos received, damage confirmed -> refund initiated (sop 2.7) -- full refund issued and replacement dispatched as goodwill. ~Reyansh",helpdesk,0,4249.0,Reyansh Mishra,Escalations & Warranty,2,VA-SW-NX1,1900,True,False,0,0.0,DOA-REPL,True,2025-11
TK-247254,2025-11-20 18:31:00,2025-11-20 18:35,2025-11-21 18:54,resolved,chat,C106728,VR899236,VA-EB-PL1,Returns & Refunds,Normal,Returns Desk,A3036,0,,2499.0,GW-OTHER,Y,"product: my pulse
order: vr899236
purchased: 23-10-2025
issue: where is the money for the return
tried: checked bank
expected: replacement","1. Refund pending
2. Checked refund status on PG
3. Refund of Rs 500 initiated to source.
Refunded Rs 2499 & also raised replacement, cx was very upset.",helpdesk,0,2499.0,Ritika D'Souza,Returns Desk,1,VA-EB-PL1,1120,True,True,1460,3959.0,REVIEW,False,2025-11
TK-247267,2025-11-20 23:53:00,2025-11-21 03:26,2025-11-21 03:43,resolved,email,C104469,,VA-HP-ST3,Connectivity,Normal,Email Frontline,A3016,0,,13998.0,DOA-REPL,Y,"namaste, i bought strata 3 on september 15. not pairing with my phone. i forgot the device and tried again. nothing changed. kindly look into it.","Customer states pairing failure. Walked through forget + re-pair. Reset done, paired ok.
Cx got the amount back, also sending a new set to keep him happy. -TK",helpdesk,0,13998.0,Thomas Kumar,Email Frontline,1,VA-HP-ST3,2650,True,True,2990,16988.0,WTY-BUYBACK,True,2025-11
TK-247273,2025-11-21 07:04:00,2025-11-21 08:11,2025-11-21 08:33,resolved,email,C101514,,VA-SW-NX2,Returns & Refunds,Normal,Returns Desk,A3030,1,,6499.0,GW-OTHER,N,"Hi Vireo support, This is regarding my Nexa 2 watch. Still waiting for my refund. I emailed twice. Nothing changed. Please resolve asap.","Ticket raised for refund delay. Checked reverse pickup QC status. xfer to Logistics. Refund approved, Rs 6499, 5-7 working days.",helpdesk,0,6499.0,Aishwarya Trivedi,Logistics,1,VA-SW-NX2,2450,True,False,0,0.0,RETURN-QC-OK,True,2025-11
TK-247289,2025-11-21 13:10:00,2025-11-21 14:38,2025-11-21 14:51,resolved,email,C104999,VR896276,VA-EB-PL2,Other,Normal,Email Frontline,A3018,0,,3499.0,GW-OTHER,N,"my son ordered this without asking, please reverse - VR896276",order cancellation | cancelled before dispatch -> full refund processed (3499),helpdesk,0,3499.0,Krishna Bhatt,Email Frontline,1,VA-EB-PL2,1480,True,False,0,0.0,CANCEL,True,2025-11
TK-247290,2025-11-21 13:59:00,2025-11-21 14:04,2025-11-24 14:27,resolved,chat,C101220,,VA-EB-PL2,Returns & Refunds,Low,Returns Desk,A3036,0,,3324.0,RETURN-QC-OK,N,return pickup has not happened,"Reported: pickup missed. Re-raised pickup with crr. Refund approved, Rs 3324, 5-7 wrking days. Cx satisfied on chat. -- Replacement was offered earlier by chat team, cx opted for refund.",helpdesk,0,3324.0,Ritika D'Souza,Returns Desk,1,VA-EB-PL2,1480,True,False,0,0.0,PRICE-ADJ,True,2025-11
TK-247297,2025-11-21 15:30:00,2025-11-21 15:58,2025-11-21 16:26,resolved,email,C101370,VR905861,VA-EB-PL2,Delivery & Shipping,Low,Logistics,A3030,0,,2974.0,WTY-BUYBACK,Y,"Product: Pulse2
Order: VR905861
Purchased: 22/10
Issue: order not delivered, tracking not updating
Tried: checked with neighbours
Expected: replacement","cx reached out - shipment not received. Confirmed address with cx. RTO confirmed, reshipped.
Both refund and rplc given as cx threatened social media. //AIS",helpdesk,0,2974.0,Aishwarya Trivedi,Logistics,1,VA-EB-PL2,1480,True,True,1820,4794.0,LOST-TRANSIT,True,2025-11
TK-247303,2025-11-21 18:06:00,2025-11-21 18:06,2025-11-21 18:18,resolved,chat,C106848,,VA-SP-ORB,Returns & Refunds,Normal,Returns Desk,A3036,0,,5999.0,GW-OTHER,N,"Hey, I bought my Orbit on 10/11. Nobody came for the pickup. I called courier. Nothing changed. Kindly look into it","Ticket raised for pickup missed. Re-raised pickup w/ crr. rfnd of Rs 5999 initiated to source. Cx satisfied on chat. (SOP 3.1) Replacement was offered earlier by chat team, cx opted for refund.",helpdesk,0,5999.0,Ritika D'Souza,Returns Desk,1,VA-SP-ORB,2300,True,False,0,0.0,PRICE-ADJ,True,2025-11
TK-247306,2025-11-21 18:37:00,2025-11-21 18:52,2025-11-21 19:01,resolved,voice,C103238,VR887079,VA-EB-AIR,Other,Normal,Voice Frontline,A3026,0,4.0,270.0,GW-OTHER,N,"honestly regretting this purchase.  order vr887079 (airlite). please cancel, ordered by mistake. i already tried cancel button, greyed out. refund. now.","1. Cancel ord
2. Checked shipment status
3. rfnd approved, Rs 270, 5-7 working days //AAD",helpdesk,0,270.0,Aadhya Deshpande,Voice Frontline,1,VA-EB-AIR,760,True,False,0,0.0,CANCEL,True,2025-11
TK-247308,2025-11-21 19:41:00,2025-11-21 19:43,2025-11-24 20:06,resolved,chat,C103648,VR890548,VA-SP-MINI,Returns & Refunds,Normal,Returns Desk,A3036,0,,2249.0,GW-OTHER,N,"Hi there, I bought the mini speaker on 18/11. The return was accepted but the amount is nowhere in my account. Please advise.","Contact re refund delay. Checked reverse pkp QC status. Refunded Rs 2249. Will monitor. | Cx asked for rplc + rfnd, explained policy, rfnd only.",helpdesk,0,2249.0,Ritika D'Souza,Returns Desk,1,VA-SP-MINI,980,True,False,0,0.0,RETURN-QC-OK,True,2025-11
TK-247310,2025-11-21 19:47:00,2025-11-21 22:42,2025-11-21 22:59,resolved,email,C102483,VR901469,VA-SP-MINI,Returns & Refunds,Normal,Returns Desk,A3038,0,,2374.0,RETURN-QC-OK,N,"hi team, this is regarding the mini speaker. refund was promised 6 days ago and nothing. please advise. rgds","1. Refund pending
2. Checked refund status on PG
3. Refunded Rs 2374.
Offered rplc, cx preferred refund. Refund processed.",helpdesk,0,2374.0,Ankit Dhillon,Returns Desk,1,VA-SP-MINI,980,True,False,0,0.0,PRICE-ADJ,True,2025-11
TK-247319,2025-11-22 02:26:00,2025-11-22 02:27,2025-11-24 03:59,resolved,chat,C108585,VR897804,VA-EB-PL2,Other,Normal,Chat Frontline,A3017,0,,2799.0,DOA-REPL,N,"Hi Vireo support, Ordered Pulse 2 around Diwali. Service centre took it, now silence. I want a replacement. Rgds Bhavna",cx reached out - wty claim status. chk qc report. rfnd of rs 2799 initiated to source.,helpdesk,0,2799.0,Kabir Singh,Email Frontline,1,VA-EB-PL2,1480,True,False,0,0.0,WTY-BUYBACK,True,2025-11
TK-247350,2025-11-22 20:56:00,2025-11-22 21:27,2025-11-24 21:40,resolved,voice,C102824,VR890981,VA-SW-NX2,Returns & Refunds,Normal,Returns Desk,A3036,0,3.0,5199.0,GW-OTHER,N,"[IVR transcript] Hello, I bought the Nexa 2 on 08 Nov.  Still waiting for my refund. Please call me on my registered number. Thanks & regards Vivaan Jain","Cx says refund not credited. chk refund status on PG. Full refunnd processed (5199). Will monitor. (SOP 5.4)
Offered replacement, cx preferred refund. Refund processed.",helpdesk,0,5199.0,Ritika D'Souza,Returns Desk,1,VA-SW-NX2,2450,True,False,0,0.0,RETURN-QC-OK,True,2025-11
TK-247354,2025-11-22 23:10:00,2025-11-23 17:50,2025-11-23 18:09,resolved,email,C105205,,VA-SW-FIT,Other,Normal,Email Frontline,A3018,0,3.0,1599.0,GW-OTHER,N,"Dear Sir/Madam,

I am writing w/ reference to my order of my Nexa Fit band placed on 09/11. Cancel order. I have tried cancel button, greyed out. I request you to kindly arrange a replacement.

Yours faithfully,
Arjun Nair",re: order cancellation | checked shipment status -> full refund processed (1599) ~Krishna,helpdesk,0,1599.0,Krishna Bhatt,Email Frontline,1,VA-SW-FIT,850,True,False,0,0.0,CANCEL,True,2025-11
TK-247392,2025-11-23 20:55:00,2025-11-24 01:26,2025-11-24 01:44,resolved,email,C101537,,VA-SW-NX1,Other,Normal,Email Frontline,A3002,0,,4749.0,GW-OTHER,N,"orered the wrrong colour, don't ship it",cx: cancellation request | checked shipment status -> refunded rs 4749 [closed],helpdesk,0,4749.0,Steven Ansari,Chat Frontline,1,VA-SW-NX1,1900,True,False,0,0.0,CANCEL,True,2025-11
TK-247433,2025-11-24 20:47:00,2025-11-24 20:50,2025-12-06 23:11,resolved,chat,C100658,VR906744,VA-SW-FIT,Warranty & Repair,High,Escalations & Warranty,A3042,0,,1899.0,GW-OTHER,N,"THIS IS REGARDING THE FIT BAND. Claim number RMA52855, anyone alive there?.
Please help.
Thanks in advance,","cx states repair status follow-up. checked qc report. cx updated, eta shared. | full refund issued & replacement dispatched as goodwill.",helpdesk,0,1899.0,Swati Bhatia,Escalations & Warranty,2,VA-SW-FIT,850,True,False,0,0.0,WTY-BUYBACK,True,2025-11
TK-247444,2025-11-25 10:39:00,2025-11-25 12:06,2025-11-29 13:08,resolved,email,C101608,VR884919,VA-SW-NX2,Connectivity,Normal,Email Frontline,A3044,1,3.0,6174.0,GW-OTHER,N,"Dear Sir/Madam,

I am writing with reference to my order of Nexa 2 (VR884919) placed on 03-09-2025. It connects for a second and then vanishes from the device list. I have tried on another phone. I request you to kindly arrange a replacement.

Yours faithfully,
Payal Verma","1. Unable to pair with phone
2. Asked cx to reset the device
3. Transferred to Escalations & Warranty
4. Re-pair successful, resolved on chat.
Cx got the amount back, also sending a new set to keep him happy.",helpdesk,0,6174.0,Arjun Kumar,Escalations & Warranty,2,VA-SW-NX2,2450,True,False,0,0.0,WTY-BUYBACK,True,2025-11
TK-247448,2025-11-25 12:08:00,2025-11-25 12:08,2025-11-27 12:42,resolved,chat,C106967,VR887651,VA-SP-MINI,Billing & Payments,Normal,Billing,A3034,0,,2374.0,RETURN-QC-OK,N,"hey, this is regarding orbit mini. where is the money for the return. i checked bank. please advise","see prev (sop 4.2)
rplc was offered earlier by chat team, cx opted for rfnd.",helpdesk,0,2374.0,Tanvi Rathore,Billing,1,VA-SP-MINI,980,True,False,0,0.0,PRICE-ADJ,True,2025-11
TK-247468,2025-11-26 01:42:00,2025-11-26 01:43,2025-11-26 01:55,resolved,chat,C104672,VR888965,VA-AC-CASE,Other,Normal,Chat Frontline,A3003,0,4.0,1104.0,GW-OTHER,N,"honestly regretting this purchase. i bouught the charging case i ordered on 25/11. cancel ordr vr888965. i already tried cancel button, greyed out. this is the last time i buy from you.",Cust contacted re cancellation request. Cancelled before dispatch. Refunded Rs 1104. Follow-up not required. (SOP 5.4) -KS,helpdesk,0,1104.0,Komal Singh,Chat Frontline,1,VA-AC-CASE,620,True,False,0,0.0,CANCEL,True,2025-11
TK-247487,2025-11-26 15:37:00,2025-11-26 15:42,2025-11-28 16:06,resolved,chat,C107689,VR891006,VA-EB-PL2,Returns & Refunds,Normal,Returns Desk,A3036,0,,3499.0,GW-OTHER,N,"hello
refund was promised 5 days ago & nothing
help",cx: refund pending | checked reverse pickup qc status -> refund of rs 3499 initiated to source,helpdesk,0,3499.0,Ritika D'Souza,Returns Desk,1,VA-EB-PL2,1480,True,False,0,0.0,RETURN-QC-OK,True,2025-11
TK-247489,2025-11-26 16:08:00,2025-11-26 18:24,2025-11-26 18:36,resolved,email,C103464,VR904128,VA-EB-AIR,Other,Normal,Email Frontline,A3018,0,,180.0,GW-OTHER,N,"hi sir
want to cancel my order
2 weeks ago se
help","cx: cancellation request | checked shipmnt status -> refund approved, rs 180, 5-7 working dasy",helpdesk,0,180.0,Krishna Bhatt,Email Frontline,1,VA-EB-AIR,760,True,False,0,0.0,CANCEL,True,2025-11
TK-247492,2025-11-26 16:23:00,2025-11-26 17:30,2025-12-01 17:55,resolved,social,C101398,,VA-SW-FIT,Delivery & Shipping,High,Logistics,A3030,0,,1999.0,GW-OTHER,Y,"to the vireo customer care team,

i am writing with reference to my order of nexa fit placed on 26-11-2025. the parcel looked like it was kicked here form the warehouse, and the unit has a crack. i have refused nothing as i didn't notice till later. i request you to look inot this matter at the earliest.

regards,
sai jain","issue: transit damage | photos received, damage confirmed -> reverse pkp arranged. Processed FR and raised RMA for new set. //AIS",helpdesk,0,1999.0,Aishwarya Trivedi,Logistics,1,VA-SW-FIT,850,True,True,1190,3189.0,DOA-REPL,True,2025-11
TK-247493,2025-11-26 17:13:00,2025-11-26 21:55,2025-11-26 22:25,resolved,email,C108589,,VA-EB-PL2,Delivery & Shipping,High,Logistics,A3030,0,,3499.0,GW-OTHER,N,"order not delivered, tracking not updating","Cust contacted re shipment not rcvd. conf address with cx. RTO conf, reshipped. //AIS",helpdesk,0,3499.0,Aishwarya Trivedi,Logistics,1,VA-EB-PL2,1480,True,False,0,0.0,LOST-TRANSIT,True,2025-11
TK-247503,2025-11-27 07:20:00,2025-11-27 07:31,2025-11-27 07:49,resolved,chat,C100820,,VA-EB-AIR,Other,Normal,Chat Frontline,A3013,0,3.0,1709.0,GW-OTHER,N,Veyr por quality. Got the AiLrite buds from vireo.in around Diwali. I was charged twice for one order. I already waited a week. Escalate this to someone senior,duplicate refunded to source. issue: charged twice. checked pg for duplicate txn. ~Rohit,helpdesk,0,1709.0,Rohit Nair,Chat Frontline,1,VA-EB-AIR,760,True,False,0,0.0,DUP-PAYMENT,True,2025-11
TK-247504,2025-11-27 08:26:00,2025-11-27 09:20,2025-11-27 10:00,resolved,voice,C103893,VR886627,VA-EB-PL1,Charging & Battery,Normal,Voice Frontline,A3025,0,3.0,212.0,DOA-REPL,N,[IVR transcript] very poor quality. ordered my pulse in september. dies by lunchtime with light use. i already updated the app. fix this or i am posting on twitter.,refunded rs 212. issue: battery draining fast. chk usage pattern with cx. //KOM,helpdesk,0,212.0,Komal Malhotra,Voice Frontline,1,VA-EB-PL1,1120,True,False,0,0.0,WTY-BUYBACK,True,2025-11
TK-247506,2025-11-27 08:36:00,2025-11-27 08:39,2025-11-27 09:15,resolved,chat,C102221,VR892720,VA-EB-PL1,Billing & Payments,Low,Billing,A3033,0,3.0,2124.0,GW-OTHER,N,"Hi Vireo support, my Pulse purchased in November, order VR892720. Two entries of Rs 4999 on my statement for one pair of earbuds. I checked wih bank. Nothing changed. Need this sorted this week.","1. double charge
2. checked pg for duplicate txn
3. refund processed",helpdesk,0,2124.0,Vikram Banerjee,Billing,1,VA-EB-PL1,1120,True,False,0,0.0,DUP-PAYMENT,True,2025-11
TK-247523,2025-11-27 12:03:00,2025-11-27 12:12,2025-12-02 12:24,resolved,chat,C109382,,VA-EB-PL1,Delivery & Shipping,High,Logistics,A3029,0,,1000.0,GW-OTHER,N,received dmaaged product. i want a replacement,"refunded rs 1000. issue: damaged in transit. photos received, damage confirmed. -- refunded. replacement request rejected as per policy. -RM",helpdesk,0,1000.0,Rajat Mukherjee,Logistics,1,VA-EB-PL1,1120,True,False,0,0.0,DOA-REPL,True,2025-11
TK-247560,2025-11-28 15:14:00,2025-11-28 15:34,,open,chat,C107275,VR907112,VA-EB-PL2,Delivery & Shipping,High,Logistics,A3030,0,3.0,3149.0,GW-OTHER,N,"sir ji
product arrived damaged
itna paisa diya hai
hello??",Customer reached out - unit received damaged. chk with courier for damage claim. rfnd of Rs 3149 initiated to source. //AIS,helpdesk,0,3149.0,Aishwarya Trivedi,Logistics,1,VA-EB-PL2,1480,True,False,0,0.0,DOA-REPL,True,2025-11
TK-247568,2025-11-28 16:37:00,2025-11-28 18:08,2025-11-29 22:51,resolved,email,C107845,VR896562,VA-EB-AIR,Warranty & Repair,Low,Escalations & Warranty,A3041,0,4.0,1439.0,GW-OTHER,Y,warranty claim pending for 15 days,"1. RMA status query
2. Checked RMA status
3. Cx updated, ETA shared. | Refunded Rs 1439 and also raised rplc, cx was very upset.",helpdesk,0,1439.0,Mohammed Mehta,Escalations & Warranty,2,VA-EB-AIR,760,True,True,1100,2539.0,WTY-BUYBACK,True,2025-11
TK-247584,2025-11-28 21:13:00,2025-11-28 21:17,2025-11-28 21:50,resolved,chat,C101807,VR895455,VA-SW-NX2,Billing & Payments,High,Billing,A3035,0,3.0,975.0,GW-OTHER,N,"hi,
got the nexa 2 from vireo.in 10 days ago. paid once, statement disagrees.
i waited a week. nothing changed.
what do i do now?
please revert",Cust contacted re charged twice. conf UTRs. Full rfnd processed (975). Case closed w/ cx consent.,helpdesk,0,975.0,Dev Kulkarni,Billing,1,VA-SW-NX2,2450,True,False,0,0.0,DUP-PAYMENT,True,2025-11
TK-247587,2025-11-28 22:07:00,2025-11-28 22:37,2025-11-30 22:52,resolved,chat,C102246,VR881136,VA-EB-PL2,Returns & Refunds,Normal,Returns Desk,A3037,0,2.0,2799.0,RETURN-QC-OK,N,"Dear Sir/Madam, Bought pulse 2 buds around November 25 from vireo.in. The app said pickup today, that was on November 25. I rescheduled pickup twice. Nothing changed. How do I get this fixed?","pickup done, refund initiated. issue: pickup not done. re-raised pickup w/ crr. ~Manish",helpdesk,0,2799.0,Manish Iyer,Returns Desk,1,VA-EB-PL2,1480,True,False,0,0.0,DUP-PAYMENT,True,2025-11
TK-247610,2025-11-29 12:38:00,2025-11-29 14:13,2025-11-30 14:29,closed,email,C103797,VR891560,VA-EB-PL2,Returns & Refunds,Low,Returns Desk,A3036,0,,2974.0,GW-OTHER,N,"where is the money for the return
VR891560
please resolve asap",Refund confirmed credited. Issue: refund delay. Checked reverse pickup QC status. (SOP 3.1),helpdesk,0,2974.0,Ritika D'Souza,Returns Desk,1,VA-EB-PL2,1480,True,False,0,0.0,RETURN-QC-OK,True,2025-11
TK-247621,2025-11-29 17:49:00,2025-11-29 19:48,2025-11-29 20:11,closed,email,C108345,VR894277,VA-HP-ST2,Returns & Refunds,Normal,Returns Desk,A3036,0,,4999.0,GW-OTHER,Y,"to the vireo customer care team,

i am wriitng with reference to my order of strata 2 (vr894277) placed on 15 nov.  refund not received yet. i have checkde bank. i request you to process a refund to my original payment method.

regards,
amit pawar","Cx reported refund not credited. Checked reverse pickup QC status. Full refund processed (4999). Case colsed with cx consent.
Refunded Rs 4999 and also raised replacement, cx was very upset.",helpdesk,0,4999.0,Ritika D'Souza,Returns Desk,1,VA-HP-ST2,2100,True,True,2440,7439.0,RETURN-QC-OK,True,2025-11
TK-247642,2025-11-30 08:52:00,2025-11-30 09:43,2025-12-03 10:15,resolved,social,C101477,VR882242,VA-EB-PL2,Returns & Refunds,Normal,Returns Desk,A3037,0,3.0,1750.0,GW-OTHER,N,"helo
refund not received yet
urgent","1. rfnd pending
2. checked rfnd status on pg
3. rfnd conf credited ~Manish",helpdesk,0,1750.0,Manish Iyer,Returns Desk,1,VA-EB-PL2,1480,True,False,0,0.0,LOST-TRANSIT,True,2025-11
TK-247661,2025-11-30 17:11:00,2025-11-30 17:44,2025-11-30 18:16,resolved,voice,C106694,VR882515,VA-HP-ST3,Audio Quality,Normal,Voice Frontline,A3026,0,,6999.0,GW-OTHER,N,[IVR transcript] microphone is very low on the my Strata 3 headphones,"issue: mic not working on calls | tested on call with cx -> rplc raised. -- Cx got the amount back, also sending a new set to keep him happy. //AAD",helpdesk,0,6999.0,Aadhya Deshpande,Voice Frontline,1,VA-HP-ST3,2650,True,False,0,0.0,DOA-REPL,True,2025-11
TK-247664,2025-11-30 17:42:00,2025-11-30 21:28,2025-11-30 21:46,closed,social,C100455,VR893226,VA-EB-PL2,Returns & Refunds,Normal,Returns Desk,A3036,0,,3499.0,GW-OTHER,N,"Really frustrating.  Pulse2 pucrhased around Diwali, order VR893226. you picked up the item 14 days ago and my money hasn't come back. I alreayd emailed twice. Fix this or I am posting on twitter.",Full rfnd processed (3499). Issue: rfnd not credited. Checked rfnd status on PG.,helpdesk,0,3499.0,Ritika D'Souza,Returns Desk,1,VA-EB-PL2,1480,True,False,0,0.0,DUP-PAYMENT,True,2025-11
TK-247752,2025-12-03 04:54:00,2025-12-03 05:07,2025-12-03 05:17,resolved,chat,C100393,,VA-SP-ORB,Billing & Payments,High,Billing,A3034,0,4.0,570.0,GW-OTHER,N,"PRODUCT: MY ORBIT
PURCHASED: 23/11
ISSUE: DISCOUNT WAS NOT APPLIED AT CHECKOUT
TRIED: TRIED ON APP AND WEBSITE
EXPECTED: FIX","1. coupon not applied
2. chk coupon validity
3. full refund processed (570) (sop 2.7)",helpdesk,0,570.0,Tanvi Rathore,Billing,1,VA-SP-ORB,2300,True,False,0,0.0,PRICE-ADJ,True,2025-12
TK-247763,2025-12-03 09:14:00,2025-12-03 10:09,2025-12-04 10:23,resolved,voice,C108589,VR883623,VA-EB-PL2,Returns & Refunds,Normal,Returns Desk,A3038,0,2.0,525.0,GW-OTHER,N,"team,
you picked up the item 13 days ago and my money hasn't come back
urgent","1. Refund not credited
2. Checked refund status on PG
3. Refund confirmed credited",helpdesk,0,525.0,Ankit Dhillon,Returns Desk,1,VA-EB-PL2,1480,True,False,0,0.0,RETURN-QC-OK,True,2025-12
TK-247764,2025-12-03 09:59:00,2025-12-03 14:39,2025-12-06 15:10,resolved,email,C100049,,VA-SP-MINI,Billing & Payments,High,Billing,A3035,0,,2499.0,GW-OTHER,N,not acceptable at this price. i bought the mini speaker on 07/11. refund was promised 16 days ago and nothing. i already emailed twice. refund. now.,"Reported: rfnd not credited. Checked reverse pkp QC status. Refunded Rs 2499. Follow-up not required.
rplc declined by cx, rfnd issued instead.",helpdesk,0,2499.0,Dev Kulkarni,Billing,1,VA-SP-MINI,980,True,False,0,0.0,RETURN-QC-OK,True,2025-12
TK-247767,2025-12-03 11:40:00,2025-12-03 11:52,2025-12-04 12:23,resolved,voice,C100239,VR885111,VA-EB-PL2,Returns & Refunds,Low,Returns Desk,A3038,0,3.0,3499.0,GW-OTHER,N,"[IVR transcript] Hey, I bought Pulse2 on November 25.  Where is the money for the return. I want a replacement. Regards,","1. Refund delay
2. Checked reverse pickup QC status
3. Refund of Rs 3499 initiated to source",helpdesk,0,3499.0,Ankit Dhillon,Returns Desk,1,VA-EB-PL2,1480,True,False,0,0.0,RETURN-QC-OK,True,2025-12
TK-247768,2025-12-03 12:48:00,2025-12-03 13:10,2025-12-03 13:25,resolved,voice,C103422,VR901569,VA-EB-PL1,Billing & Payments,High,Billing,A3033,0,2.0,2249.0,GW-OTHER,N,"Hi Vireo support, Got the Pulse buds from Amazon last month. You picked up the item 8 days ago & my money hasn't come back. I checked bank. Nothing changed. Please call me on my registered number. THANK U, ANJALI","1. refund not credited
2. checked reverse pickup qc status
3. refunded rs 2249. -- replacement was offered earlier by chat team, cx opted for refund.",helpdesk,0,2249.0,Vikram Banerjee,Billing,1,VA-EB-PL1,1120,True,False,0,0.0,RETURN-QC-OK,True,2025-12
TK-247823,2025-12-04 17:56:00,2025-12-05 07:08,2025-12-05 07:39,resolved,email,C104018,VR886489,VA-NB-ARC,Charging & Battery,Normal,Email Frontline,A3022,0,3.0,117.0,GW-OTHER,N,"Hi Vireo support, This is regarding my Arc.  Charging case dead, tried 3 cables. I want my money back",Refunded Rs 117. Issue: case not charging. Confirmed case LED dead. (SOP 3.1),helpdesk,0,117.0,Daniel Arora,Email Frontline,1,VA-NB-ARC,540,True,False,0,0.0,DOA-REPL,True,2025-12
TK-247827,2025-12-04 19:30:00,2025-12-04 20:24,2025-12-06 20:52,resolved,social,C106921,VR896994,VA-EB-PL1,Returns & Refunds,High,Returns Desk,A3036,0,3.0,2499.0,RETURN-QC-OK,N,"Dear Sir/Madam, Ordered the Pulse buds 2 weeks ago. Refund not received yet. I emailed twice. I want a replacement. Thanks in advance, Jaspreet",as discussed (SOP 2.7),helpdesk,0,2499.0,Ritika D'Souza,Returns Desk,1,VA-EB-PL1,1120,True,False,0,0.0,DUP-PAYMENT,True,2025-12
TK-247844,2025-12-05 09:28:00,2025-12-05 10:03,2025-12-05 10:17,resolved,email,C101250,,VA-EB-PL2,Connectivity,Normal,Email Frontline,A3021,0,4.0,2799.0,GW-OTHER,N,"hii
it connects for a second and then vanishes from the device list
the pulse 2 earbuds
help","cx: pairing failure | chk phone os version -> refund approved, rs 2799, 5-7 working days ~Meera",helpdesk,0,2799.0,Meera Mathew,Email Frontline,1,VA-EB-PL2,1480,True,False,0,0.0,WTY-BUYBACK,True,2025-12
TK-247854,2025-12-05 11:02:00,2025-12-05 11:39,2025-12-06 12:06,resolved,social,C100543,,VA-SW-NX2,Returns & Refunds,High,Returns Desk,A3038,0,,6499.0,GW-OTHER,N,I am losing patience. This is regarding the Nexa 2. still waiting for my refund. I already emailed twice. Escalate this to someone senior.,"1. Refund pending
2. Checked refund status on PG
3. Refund of Rs 6499 initiated to source",helpdesk,0,6499.0,Ankit Dhillon,Returns Desk,1,VA-SW-NX2,2450,True,False,0,0.0,DUP-PAYMENT,True,2025-12
TK-247882,2025-12-06 09:34:00,2025-12-06 09:36,2025-12-06 09:48,resolved,chat,C108913,,VA-EB-PL2,Other,Normal,Chat Frontline,A3010,0,,2799.0,GW-OTHER,N,"Bought Pulse2 around 23/11 from vireo.in.  Canecl order. I tried cancel button, greyed out. Nothing changed. Please help. Regads Sunita Kapoor","cancel ord | chk shipment status -> cancelled, rfnd initiated ~Tenzin",helpdesk,0,2799.0,Tenzin Mathew,Chat Frontline,1,VA-EB-PL2,1480,True,False,0,0.0,CANCEL,True,2025-12
TK-247885,2025-12-06 10:57:00,2025-12-06 10:59,2025-12-09 11:24,resolved,chat,C104580,VR891953,VA-EB-AIR,Delivery & Shipping,Low,Logistics,A3031,0,,3418.0,RETURN-QC-OK,N,"Hello, Bought airlite earbuds around 18-11-2025 from Amazon. Pickup scheduled but no one showed up. I rescheduled pickup twice. I want my money back. Thanks & regards","Refund approved, Rs 3418, 5-7 working days. Issue: pickup missed. Checked pickup AWB.",helpdesk,0,3418.0,Zaid Desai,Logistics,1,VA-EB-AIR,760,True,False,0,0.0,DUP-PAYMENT,True,2025-12
TK-247905,2025-12-06 18:55:00,2025-12-06 23:55,2025-12-07 00:19,resolved,email,C105509,,VA-EB-PL1,Billing & Payments,High,Billing,A3032,2,4.0,237.0,GW-OTHER,N,"UPI shosw success, your app shows nothing","1. amount deducted without order
2. confirmed with payment gateway
3. refunded rs 237 ~Sneha",helpdesk,0,237.0,Sneha Bansal,Billing,1,VA-EB-PL1,1120,True,False,0,0.0,DUP-PAYMENT,True,2025-12
TK-247933,2025-12-07 19:25:00,2025-12-07 21:03,2025-12-07 21:33,resolved,voice,C101427,VR890543,VA-EB-AIR,Audio Quality,Normal,Voice Frontline,A3026,0,,1619.0,WTY-BUYBACK,Y,[IVR transcript] a hiss that wasn't there when i bouught it. vr890543,"cx: crackling/distortion | asked for a recording -> adv eq reset, rslvd. Sent a new unit & released the money as well, cx was in tears on call. //AAD",helpdesk,0,1619.0,Aadhya Deshpande,Voice Frontline,1,VA-EB-AIR,760,True,True,1100,2719.0,DOA-REPL,True,2025-12
TK-247935,2025-12-07 21:35:00,2025-12-07 21:44,2025-12-07 22:22,resolved,chat,C108844,VR904553,VA-EB-PL2,Audio Quality,Normal,Chat Frontline,A3015,0,,3499.0,DOA-REPL,N,"Hey,
Pulse 2 purchased 10 days ago, order VR904553. Everything sounds like it is coming from one direction now.
I reset the buds.
Need this sorted this week.
Thanks & regards, Sunita","rplc raised, RMA shared w/ cx. Issue: left side silent. Checked balance settings w/ cx.
Refund done and new unit sent as one-time gesture. [closed]",helpdesk,0,3499.0,Sameer Jadhav,Chat Frontline,1,VA-EB-PL2,1480,True,False,0,0.0,WTY-BUYBACK,True,2025-12
TK-247941,2025-12-07 21:39:00,2025-12-07 23:34,2025-12-08 00:03,resolved,voice,C104804,,VA-HP-ST3,Connectivity,Normal,Voice Frontline,A3002,0,3.0,6299.0,GW-OTHER,Y,[IVR transcript] Ths is very disappointing. Bought my Strata 3 headphones aronud 17/09 from vireo.in. not pairing with my phone. I already tried on another phone. This is the last time I buy from you.,"cx: pairing failure | checked phone os version -> re-pair successful, resolved on chat. -- refund done and new unit sent as one-time gesture. [closed]",helpdesk,0,6299.0,Steven Ansari,Chat Frontline,1,VA-HP-ST3,2650,True,True,2990,9289.0,WTY-BUYBACK,True,2025-12
TK-247945,2025-12-07 22:59:00,2025-12-07 23:05,2025-12-07 23:15,resolved,chat,C103331,VR906145,VA-HP-ST3,Other,Normal,Chat Frontline,A3002,0,4.0,6299.0,GW-OTHER,N,"Hi Vireo support, I bouught Strata 3 on 24 Nov.  Cancel order. I tried cancel button, greyed out. Nothign changed. This is very disappointing. Please advise.",cx: order cancellation | cancelled before dispatch -> refund of rs 6299 initiated to source [closed],helpdesk,0,6299.0,Steven Ansari,Chat Frontline,1,VA-HP-ST3,2650,True,False,0,0.0,CANCEL,True,2025-12
TK-247961,2025-12-08 11:25:00,2025-12-08 11:27,2025-12-11 11:44,closed,chat,C108204,VR899407,VA-EB-PL2,Returns & Refunds,Normal,Returns Desk,A3037,0,3.0,3499.0,GW-OTHER,Y,"bhai
nobody came for teh pickup
the pulse 2 earbuds
kindly do the needful",pickup rescheduled for 09 dec. issue: reverse pickup pending. checked pickup awb. | refund done and new unit sent as one-time gesture. ~Manish,helpdesk,0,3499.0,Manish Iyer,Returns Desk,1,VA-EB-PL2,1480,True,True,1820,5319.0,RETURN-QC-OK,True,2025-12
TK-247969,2025-12-08 12:37:00,2025-12-08 12:39,2025-12-08 13:13,resolved,chat,C100467,VR907000,VA-SW-NX2,Connectivity,Normal,Chat Frontline,A3007,0,3.0,6499.0,GW-OTHER,Y,"product: nexa 2
order: vr907000
purchased: 28-10-2025
issue: not pairing with my phone
tried: restarted the phone
expected: resolution","reset done. issued rfnd + rplc both, tl aware.",helpdesk,0,6499.0,Abhishek Gupta,Chat Frontline,1,VA-SW-NX2,2450,True,True,2790,9289.0,WTY-BUYBACK,True,2025-12
TK-247981,2025-12-08 15:37:00,2025-12-08 23:36,2025-12-09 00:14,closed,email,C105818,VR885236,VA-SW-NX1,Billing & Payments,Normal,Billing,A3032,0,2.0,4999.0,GW-OTHER,N,"two entries of rs 3499 on my statement for one pair of eaarbuds
vr885236
need this sorted this week","1. duplicate payment
2. checked pg for duplicate txn
3. refunded rs 4999 ~Sneha",helpdesk,0,4999.0,Sneha Bansal,Billing,1,VA-SW-NX1,1900,True,False,0,0.0,DUP-PAYMENT,True,2025-12
TK-247997,2025-12-09 08:37:00,2025-12-09 09:20,2025-12-09 10:03,resolved,voice,C101974,,VA-SP-MINI,Other,Normal,Voice Frontline,A3025,0,,2499.0,GW-OTHER,Y,"hello
the app finds the speaker and then gives up at the network step
kindly do the needful","2.4ghz worked, rslvd. issue: unable to connect to wifi. chk app version.
both rfnd and rplc given as cx threatened social media. //KOM",helpdesk,0,2499.0,Komal Malhotra,Voice Frontline,1,VA-SP-MINI,980,True,True,1320,3819.0,REVIEW,False,2025-12
TK-248011,2025-12-09 15:00:00,2025-12-09 15:14,,open,voice,C105524,,VA-EB-PL2,Returns & Refunds,Low,Returns Desk,A3031,1,4.0,525.0,GW-OTHER,N,"pathetic experience honestly. got pulse 2 buds from vireo.in last week. nobody came for the pickup. i already rescheduled pickup twice. i want a replacement or refund, nothing else.","Refund approved, Rs 525, 5-7 working days. Issue: pickup not done. Checked pickup AWB. Via Logistics.",helpdesk,0,525.0,Zaid Desai,Logistics,1,VA-EB-PL2,1480,True,False,0,0.0,DUP-PAYMENT,True,2025-12
TK-248027,2025-12-09 20:22:00,2025-12-09 22:55,2025-12-12 23:15,resolved,social,C103238,VR901053,VA-AC-CBL,Returns & Refunds,Normal,Returns Desk,A3037,0,,200.0,RETURN-QC-OK,N,"hello vireo, ordered the cable 10 days ago. the return was accepted but the amount is nowhere in my account. i emailed twice. nothing changed. please call me on my registered number. awaiting response,","rfnd of rs 200 initiated to source. issue: rfnd pending. checked rfnd status on pg. replacement declined by cx, refund issued instead. ~Manish",helpdesk,0,200.0,Manish Iyer,Returns Desk,1,VA-AC-CBL,90,True,False,0,0.0,DUP-PAYMENT,True,2025-12
TK-248070,2025-12-10 21:39:00,2025-12-10 23:39,2025-12-11 23:50,closed,email,C105840,VR886122,VA-EB-PL2,Returns & Refunds,High,Returns Desk,A3038,0,,3499.0,GW-OTHER,N,"Hello Vireo, Order VR886122 (my Pulse 2). I have been sitting at home for 3 das waiting for your courier. I called courier. Nothing changed. Honestly regretting this purchase. Waiting for your reply. PLEASE REVERT,","1. pkp not done
2. Re-raised pkp with crr
3. rfnd approved, Rs 3499, 5-7 working days. Replacement was offered earlier by chat team, cx opted for refund.",helpdesk,0,3499.0,Ankit Dhillon,Returns Desk,1,VA-EB-PL2,1480,True,False,0,0.0,PRICE-ADJ,True,2025-12
TK-248071,2025-12-10 22:06:00,2025-12-10 22:48,2025-12-10 22:58,resolved,chat,C107051,VR895679,VA-SW-NX2,Other,Normal,Chat Frontline,A3021,1,,6174.0,GW-OTHER,N,"hi sir
want to cancel my order
bhaut pareshan hu
my nexa 2 watch VR895679",cancel ord | checked shipment status -> rfnd of rs 6174 initiated to source | xfer email frontline ~Meera,helpdesk,0,6174.0,Meera Mathew,Email Frontline,1,VA-SW-NX2,2450,True,False,0,0.0,CANCEL,True,2025-12
TK-248082,2025-12-11 10:36:00,2025-12-11 11:24,2025-12-11 11:50,resolved,email,C103727,VR886568,VA-EB-PL2,Charging & Battery,Low,Email Frontline,A3022,0,4.0,3499.0,GW-OTHER,Y,"Dear team, Pulse2 purchased last month, order VR886568. The L bud is basically a paperweight now, R is fine. I tried another charger. Not acceptable at this price. How do I get this fixed? Awaitnig response","Cx says left earbud not taking charge. Tested w/ cx on call. Reset rslvd, cx confirmed left bud charging. (SOP 3.1) | Processed FR and raised RMA for new set.",helpdesk,0,3499.0,Daniel Arora,Email Frontline,1,VA-EB-PL2,1480,True,True,1820,5319.0,WTY-BUYBACK,True,2025-12
TK-248103,2025-12-11 20:30:00,2025-12-11 20:34,2025-12-11 20:55,resolved,voice,C103667,VR905641,VA-EB-PL2,Billing & Payments,Normal,Billing,A3035,0,,630.0,GW-OTHER,N,"[IVR transcript] very poor quality. order vr905641 (my pulse 2). i was promised a discount on the call, invoice shows none. i already tried in caps. fix this or i am posting on twitter.",Cust contacted re coupon not applied. chk cart eligibility. rfnd of Rs 630 initiated to source. Will monitor.,helpdesk,0,630.0,Dev Kulkarni,Billing,1,VA-EB-PL2,1480,True,False,0,0.0,PRICE-ADJ,True,2025-12
TK-248104,2025-12-11 21:19:00,2025-12-11 21:20,2025-12-11 21:37,resolved,chat,C101749,VR881337,VA-EB-PL2,Other,Normal,Chat Frontline,A3015,0,,560.0,GW-OTHER,N,payment went through but I got no order id,Refunded Rs 560. Issue: amount deducted without order. Asked for UTR.,helpdesk,0,560.0,Sameer Jadhav,Chat Frontline,1,VA-EB-PL2,1480,True,False,0,0.0,DUP-PAYMENT,True,2025-12
TK-248113,2025-12-12 07:58:00,2025-12-12 08:05,2025-12-19 09:50,resolved,chat,C105673,VR900803,VA-SP-MINI,Connectivity,Normal,Chat Frontline,A3043,1,,1999.0,DOA-REPL,N,"hello
cannot pair orbit mini with my laptop
hello??","re-pair successful, rslvd on chat. -- Processed FR and raised RMA for new set. //NIK",helpdesk,0,1999.0,Nikhil Gupta,Escalations & Warranty,2,VA-SP-MINI,980,True,False,0,0.0,WTY-BUYBACK,True,2025-12
TK-248138,2025-12-12 19:15:00,2025-12-12 19:35,2025-12-12 19:48,resolved,chat,C101749,VR881337,VA-EB-PL2,Other,Normal,Chat Frontline,A3014,0,,2799.0,GW-OTHER,N,"Product: my Pulse 2
Order: VR881337
Purchased: 29 Nov
Issue: cancel order VR881337
Tried: tried cancel button, greyed out
Expected: callback",rfnd of Rs 2799 initiated to source. Issue: order cancellation. Cancelled before dispatch. -AD,helpdesk,0,2799.0,Anjali D'Souza,Chat Frontline,1,VA-EB-PL2,1480,True,False,0,0.0,CANCEL,True,2025-12
TK-248145,2025-12-12 22:48:00,2025-12-12 23:09,2025-12-12 23:30,resolved,chat,C101547,VR881736,VA-EB-PL2,Delivery & Shipping,Normal,Logistics,A3027,0,2.0,350.0,GW-OTHER,N,"Hi Vireo support, Got Pulse 2 from Amazon last week. Packed the box a week ago and it's still here. I rescheduled pickup twice. Nothing changed. Waiting for your reply.","1. Reverse pkp pending
2. Re-raised pkp w/ crr
3. Refund of Rs 350 iniiated to source. Refunded. rplc request rejected as per policy.",helpdesk,0,350.0,Priya Agarwal,Logistics,1,VA-EB-PL2,1480,True,False,0,0.0,DUP-PAYMENT,True,2025-12
TK-248161,2025-12-13 11:50:00,2025-12-13 13:25,2025-12-15 13:40,resolved,voice,C103673,VR900228,VA-EB-PL2,Billing & Payments,High,Billing,A3032,0,3.0,3149.0,GW-OTHER,N,"hello vireo, i bought pulse2 on 07-12-2025. the return was accepted but the amount is nowhere in my account. i want a replacement. regards, bhavna","1. refund not credited
2. checked refund status on pg
3. full refund processed (3149) ~Sneha",helpdesk,0,3149.0,Sneha Bansal,Billing,1,VA-EB-PL2,1480,True,False,0,0.0,RETURN-QC-OK,True,2025-12
TK-248168,2025-12-13 13:33:00,2025-12-13 13:36,2025-12-13 13:53,resolved,chat,C108046,VR882290,VA-SW-NX2,Returns & Refunds,Normal,Returns Desk,A3037,0,4.0,6174.0,RETURN-QC-OK,N,"Product: my Nexa 2 watch
Order: VR882290
Purchased: 16-11-2025
Issue: refund was promised 14 days ago and nothing
Tried: emailed twice
Expected: fix",re: rfnd pending | checked reverse pkp qc status -> refunded rs 6174,helpdesk,0,6174.0,Manish Iyer,Returns Desk,1,VA-SW-NX2,2450,True,False,0,0.0,DUP-PAYMENT,True,2025-12
TK-248183,2025-12-13 21:16:00,2025-12-13 21:33,2025-12-14 21:46,resolved,voice,C101447,VR881391,VA-AC-CASE,Returns & Refunds,Normal,Returns Desk,A3036,0,,234.0,GW-OTHER,N,refund not received yet.  VR881391. kindly look into it,cx: refund delay | chk refund status on pg -> refuund of rs 234 initiated to source (SOP 2.7),helpdesk,0,234.0,Ritika D'Souza,Returns Desk,1,VA-AC-CASE,620,True,False,0,0.0,RETURN-QC-OK,True,2025-12
TK-248190,2025-12-14 01:18:00,2025-12-14 01:23,2025-12-14 01:40,resolved,chat,C109228,VR903100,VA-EB-PL2,Billing & Payments,High,Billing,A3032,0,5.0,3149.0,GW-OTHER,N,"dear sir/madam,

i am writing with reference to my order of pulse 2 buds (vr903100) placed on 01-12-2025. two entries of rs 2499 on my statement for one pair of earbuds. i have waited a week. i request you to look into this matter at the earliest.

sincerely,
tarun singh","1. double charge
2. checked pg for duplicate txn
3. rfnd approved, rs 3149, 5-7 working days ~Sneha",helpdesk,0,3149.0,Sneha Bansal,Billing,1,VA-EB-PL2,1480,True,False,0,0.0,DUP-PAYMENT,True,2025-12
TK-248213,2025-12-15 01:31:00,2025-12-15 10:20,2025-12-15 10:36,resolved,email,C103685,,VA-EB-PL2,Other,Normal,Email Frontline,A3019,0,,700.0,GW-OTHER,N,"Product: Pulse2
Order: VR887446
Purchased: 14/12
Issue: cancel order 
Tried: tried cancel button, greyed out
Expected: refund",cx: cancellation request | cancelled before dispatch -> rfdn of rs 700 initiated to source,helpdesk,0,700.0,Kavya Agarwal,Email Frontline,1,VA-EB-PL2,1480,True,False,0,0.0,CANCEL,True,2025-12
TK-248237,2025-12-16 12:23:00,2025-12-16 14:36,2025-12-18 15:01,resolved,email,C108520,,VA-EB-PL2,Returns & Refunds,Normal,Returns Desk,A3036,0,,3499.0,GW-OTHER,N,Not acceptable at this price. This is regarding my Pulse 2. refund not received yet. I already emailed twice. Fix this or I am posting on twitter,Ticket raised for refund pending. Checked refund status on PG. Refund of Rs 3499 initiated to source. Cx informed.,helpdesk,0,3499.0,Ritika D'Souza,Returns Desk,1,VA-EB-PL2,1480,True,False,0,0.0,DUP-PAYMENT,True,2025-12
TK-248252,2025-12-16 20:42:00,2025-12-16 20:56,2025-12-16 21:11,closed,voice,C108004,VR893444,VA-EB-PL1,Connectivity,Normal,Voice Frontline,A3026,0,,2499.0,GW-OTHER,Y,Not acceptable at this price. Bought the Pulse buds around October 15 from Flipkart. the pairing light blinks but nothing ever shows up on my OnePlus. I already restarted the phone. Refund. Now.,"Cust contacted re pairing failure. Walked through forget + re-pair. adv FW update via app, rslvd.
Both rfnd & rplc given as cx threatened social media. //AAD",helpdesk,0,2499.0,Aadhya Deshpande,Voice Frontline,1,VA-EB-PL1,1120,True,True,1460,3959.0,WTY-BUYBACK,True,2025-12
TK-248262,2025-12-17 10:51:00,2025-12-17 12:22,2025-12-17 12:49,closed,social,C107316,VR894970,VA-SP-MINI,Delivery & Shipping,High,Logistics,A3028,0,4.0,375.0,GW-OTHER,N,"helo
screen has a crack before i even switched it on
hello??",reported: transit damage. chk w/ courier for damage claim. refunded rs 375.,helpdesk,0,375.0,Sameer Kapoor,Logistics,1,VA-SP-MINI,980,True,False,0,0.0,DOA-REPL,True,2025-12
TK-248268,2025-12-17 11:56:00,2025-12-17 11:58,2025-12-20 12:12,resolved,chat,C102037,,VA-EB-PL1,Other,Normal,Chat Frontline,A3013,0,3.0,2499.0,DOA-REPL,N,my order has not been delivered yet. please call me on my registered number,"courier confirmed delivery for 19 dec, cx informed. issue: order not delivered. checked awb with courier. | sent a new unit and released the money as well, cx was in tears on call. ~Rohit",helpdesk,0,2499.0,Rohit Nair,Chat Frontline,1,VA-EB-PL1,1120,True,False,0,0.0,LOST-TRANSIT,True,2025-12
TK-248270,2025-12-17 12:12:00,2025-12-17 20:10,2025-12-17 20:20,resolved,social,C100089,VR909099,VA-EB-PL2,Billing & Payments,High,Billing,A3035,0,4.0,3324.0,GW-OTHER,N,"Dear Sir/Madam,

I am writing w/ reference to my order of puse 2 buds (VR909099) placed on 17 Dec.  Coupon code not working. I have tried on app & website. I request you to look into this matter at the earliest.

Sincerely,
Nehha Desai
Vadodara",issue: promo code invalid | chk cart eligibility -> refunded rs 3324,helpdesk,0,3324.0,Dev Kulkarni,Billing,1,VA-EB-PL2,1480,True,False,0,0.0,PRICE-ADJ,True,2025-12
TK-248288,2025-12-17 22:15:00,2025-12-17 22:20,2025-12-17 22:45,resolved,chat,C107871,VR909022,VA-HP-ST3,Returns & Refunds,Normal,Returns Desk,A3038,0,4.0,6649.0,GW-OTHER,N,refund not received yet - VR909022 - kindyl look into it,"1. Refund delay
2. Checked refund status on PG
3. Refunded Rs 6649",helpdesk,0,6649.0,Ankit Dhillon,Returns Desk,1,VA-HP-ST3,2650,True,False,0,0.0,RETURN-QC-OK,True,2025-12
TK-248306,2025-12-18 17:59:00,2025-12-18 18:39,2025-12-18 19:01,resolved,voice,C101072,,VA-EB-AIR,Charging & Battery,Normal,Voice Frontline,A3026,0,,1799.0,GW-OTHER,N,[IVR transcript] sir ji battery life has dropped to almost nothing,"re: battery draining fast | checked usage pattern w/ cx -> rplc approved, reverse pickup arranged.
Payment reversed Rs 1799. New piece dispatched same day. //AAD",helpdesk,0,1799.0,Aadhya Deshpande,Voice Frontline,1,VA-EB-AIR,760,True,False,0,0.0,RETURN-QC-OK,True,2025-12
TK-248319,2025-12-19 07:48:00,2025-12-19 07:54,2025-12-19 08:09,resolved,chat,C106828,VR903670,VA-EB-PL2,Audio Quality,Normal,Chat Frontline,A3007,1,,3324.0,WTY-BUYBACK,Y,"PRODUCT: PULSE 2 BUDS
ORDER: VR903670
PURCHASED: AUGUST 30
ISSUE: I HEAR MUSIC IN ONE EAR ONLY, OTHER IS MUTE
TRIED: TRIED DIFFERENT PHONE
EXPECTED: REFUND","rslvd on call.
both rfnd & rplc given as cx threatened social media.",helpdesk,0,3324.0,Abhishek Gupta,Chat Frontline,1,VA-EB-PL2,1480,True,True,1820,5144.0,REVIEW,False,2025-12
TK-248322,2025-12-19 08:27:00,2025-12-19 08:28,2025-12-19 08:40,resolved,chat,C105438,,VA-EB-AIR,Billing & Payments,Normal,Billing,A3033,0,4.0,1709.0,GW-OTHER,N,"To the Vireo Customer Care Team,

I am writing with reference to my order of airlite earbuds placed on December 08. Coupon code not working. I have tried in caps. I request you to provide a resolution within 3 working days.

Sincerely,
Zoya Pillai
Noida","1. promo code invalid
2. checked cart eligibility
3. rfnd approved, rs 1709, 5-7 working days",helpdesk,0,1709.0,Vikram Banerjee,Billing,1,VA-EB-AIR,760,True,False,0,0.0,PRICE-ADJ,True,2025-12
TK-248327,2025-12-19 09:54:00,2025-12-19 10:26,2025-12-21 10:44,resolved,voice,C101511,VR881307,VA-EB-PL2,Delivery & Shipping,High,Logistics,A3027,0,,2974.0,GW-OTHER,N,package not delivered even atfer 7 days - VR881307 - pleease call me on my registered number,"1. ord not delivered
2. conf address with cx
3. Refund initiated as lost in transit",helpdesk,0,2974.0,Priya Agarwal,Logistics,1,VA-EB-PL2,1480,True,False,0,0.0,LOST-TRANSIT,True,2025-12
TK-248329,2025-12-19 10:21:00,2025-12-19 13:49,2025-12-19 14:20,resolved,email,C102313,VR907017,VA-EB-AIR,Returns & Refunds,Low,Returns Desk,A3037,0,,1529.0,RETURN-QC-OK,N,"Pathetic experience honestly. Bought airlite earbuds around 15 Dec from Amazon. the return was accepted but the amount is nowhere in my account. I already emailed twice. I want a replacement or refund, nothing else.","refund approved, rs 1529, 5-7 working days. issue: refund pending. checked refund status on pg. ~Manish",helpdesk,0,1529.0,Manish Iyer,Returns Desk,1,VA-EB-AIR,760,True,False,0,0.0,DUP-PAYMENT,True,2025-12
TK-248342,2025-12-19 18:03:00,2025-12-19 18:51,2025-12-20 19:16,resolved,voice,C107579,VR885021,VA-EB-PL2,Returns & Refunds,Low,Returns Desk,A3036,0,,6998.0,GW-OTHER,N,"hi vireo support, i bougth pulse2 on decebmer 14.  where is teh monney for the return. i cehcked bank. need this sorted this week. regards, imran george","cx reached out - refund delay. Checked reverse pickup QC status. Refund approved, Rs 6998, 5-7 working days. Cx informed.",helpdesk,0,6998.0,Ritika D'Souza,Returns Desk,1,VA-EB-PL2,1480,True,False,0,0.0,RETURN-QC-OK,True,2025-12
TK-248349,2025-12-19 20:53:00,2025-12-19 20:59,2025-12-21 21:34,resolved,chat,C106822,VR888988,VA-EB-AIR,Returns & Refunds,Low,Returns Desk,A3036,0,3.0,1799.0,RETURN-QC-OK,N,"refund not received yet, VR888988",refunded Rs 1799,helpdesk,0,1799.0,Ritika D'Souza,Returns Desk,1,VA-EB-AIR,760,True,False,0,0.0,LOST-TRANSIT,True,2025-12
TK-248352,2025-12-19 22:08:00,2025-12-19 22:08,2025-12-19 22:37,resolved,chat,C109405,VR889940,VA-HP-ST3,Audio Quality,Normal,Chat Frontline,A3002,0,,6999.0,GW-OTHER,N,"Hello Vireo, This is regarding Strata 3. Works for music but useless for meetings. I tried different apps. I watn a replacement.","cx: low mic pickup | tested on call with cx -> new unit shipped under doa.
amount returned to card; fresh unit shipped from blr warehouse. [closed]",helpdesk,0,6999.0,Steven Ansari,Chat Frontline,1,VA-HP-ST3,2650,True,False,0,0.0,DOA-REPL,True,2025-12
TK-248358,2025-12-20 10:36:00,2025-12-20 12:09,2025-12-23 12:35,resolved,email,C107685,VR907817,VA-EB-PL2,Billing & Payments,Normal,Billing,A3034,0,,3149.0,RETURN-QC-OK,N,"refund not received yet
VR907817
need this sorted this week",as discussed (sop 2.7) | rfnd issued; replacement not applicable (out of stock).,helpdesk,0,3149.0,Tanvi Rathore,Billing,1,VA-EB-PL2,1480,True,False,0,0.0,LOST-TRANSIT,True,2025-12
TK-248394,2025-12-21 12:26:00,2025-12-21 14:24,2025-12-21 15:04,resolved,social,C104016,,VA-SW-NX2,Billing & Payments,High,Billing,A3035,0,,6499.0,GW-OTHER,N,"Hi there, I bought the Nexa 2 on December 09. Payment was deducted but no order was created. Please help. Thanks in advance,","Conact re payment debited, no ord. conf w/ payment gateway. Full refund procesed (6499). Will monitor.",helpdesk,0,6499.0,Dev Kulkarni,Billing,1,VA-SW-NX2,2450,True,False,0,0.0,DUP-PAYMENT,True,2025-12
TK-248413,2025-12-22 05:51:00,2025-12-22 05:55,2025-12-25 06:20,resolved,chat,C103498,,VA-EB-PL2,Delivery & Shipping,Normal,Logistics,A3029,0,3.0,3499.0,DOA-REPL,Y,"not acceptable at this price. got pulse2 from amazon recently. my order has not been delivered yet. i already checked with neighbours. i want a replacement or refund, nothing else",refund initiated as lost in transit. issue: delivery delayed. raised ticket with courier partner. | refund done and new unit sent as one-time gesture. -RM,helpdesk,0,3499.0,Rajat Mukherjee,Logistics,1,VA-EB-PL2,1480,True,True,1820,5319.0,LOST-TRANSIT,True,2025-12
TK-248418,2025-12-22 07:32:00,2025-12-22 08:03,2025-12-22 08:19,resolved,email,C101250,,VA-AC-CASE,Returns & Refunds,Normal,Returns Desk,A3037,0,,1104.0,GW-OTHER,N,"hi team,
ordered replacement case a month ago. i have been sitting at home for 3 days waiting for your courier.
i rescheduled pickup twice. nothing changed.
i want a replacement.","full rfnd processed (1104). issue: pickup not done. chk pickup awb. | replacement was offered earlier by chat team, cx opted for refund. ~Manish",helpdesk,0,1104.0,Manish Iyer,Returns Desk,1,VA-AC-CASE,620,True,False,0,0.0,DUP-PAYMENT,True,2025-12
TK-248426,2025-12-22 11:22:00,2025-12-22 11:32,2025-12-22 11:44,resolved,chat,C107280,,VA-AC-CBL,Other,Normal,Chat Frontline,A3006,0,5.0,160.0,GW-OTHER,N,"ordered teh worng colour, don't ship it","refund approved, rs 160, 5-7 working days. issue: order cancellation. cancelled before dispatch. -VB",helpdesk,0,160.0,Varun Bhatt,Chat Frontline,1,VA-AC-CBL,90,True,False,0,0.0,CANCEL,True,2025-12
TK-248438,2025-12-22 15:11:00,2025-12-22 17:10,2025-12-22 17:34,resolved,email,C103626,VR896637,VA-EB-AIR,Billing & Payments,High,Billing,A3035,0,,306.0,GW-OTHER,N,"Product: the AirLite buds
Order: VR896637
Purchased: 08/12
Issue: promo code shows invalid
Tried: tried on app and website
Expected: refund","Contact re promo code invalid. chk coupon validity. rfnd approved, Rs 306, 5-7 working days. Cx informed.",helpdesk,0,306.0,Dev Kulkarni,Billing,1,VA-EB-AIR,760,True,False,0,0.0,PRICE-ADJ,True,2025-12
TK-248481,2025-12-23 19:54:00,2025-12-23 20:30,2025-12-28 20:54,resolved,voice,C106636,VR899445,VA-EB-AIR,Returns & Refunds,Normal,Returns Desk,A3036,0,,1439.0,GW-OTHER,N,"product arrived damaged, VR899445",Contact re damaged in transit. Checked with crr for damage claim. rfnd of Rs 1439 initiated to source. Cx informed. (SOP 4.2),helpdesk,0,1439.0,Ritika D'Souza,Returns Desk,1,VA-EB-AIR,760,True,False,0,0.0,DOA-REPL,True,2025-12
TK-248485,2025-12-23 22:51:00,2025-12-23 22:51,2025-12-23 23:02,resolved,chat,C101612,,VA-EB-PL2,Delivery & Shipping,Normal,Logistics,A3033,1,,350.0,GW-OTHER,N,my order has not been delivered yet,"1. shipment not rcvd
2. raised ticket with courier partner
3. xfer to billing
4. refund of rs 350 initiated to source",helpdesk,0,350.0,Vikram Banerjee,Billing,1,VA-EB-PL2,1480,True,False,0,0.0,LOST-TRANSIT,True,2025-12
TK-248507,2025-12-24 18:11:00,2025-12-24 18:16,2025-12-24 18:54,resolved,chat,C101145,VR891628,VA-EB-PL2,Connectivity,Normal,Chat Frontline,A3009,0,4.0,2799.0,GW-OTHER,Y,it goes silent for a second every few minutes and comes back. vr891628. can someone fix this?,"1. BT dropouts
2. chk interference sources
3. rplc raised.
Sent a new unit & released the money as well, cx was in tears on call. //SUK",helpdesk,0,2799.0,Sukhwinder Singh,Chat Frontline,1,VA-EB-PL2,1480,True,True,1820,4619.0,REVIEW,False,2025-12
TK-248519,2025-12-24 20:55:00,2025-12-24 20:58,2025-12-24 21:09,resolved,chat,C103672,,VA-SW-NX2,Other,Normal,Chat Frontline,A3008,1,3.0,6499.0,GW-OTHER,Y,"dear sir/madam,

i am writing with reference to my order of nexa 2 placed on 19-12-2025. order not delivered, tracking not updating. i have called the courier. i request you to kindly arrange a replacement.

sincerely,
meera ghosh
jaipur","cx reached out - ord not delivered. chk AWB w/ courier. rfnd initiated as lost in transit. -- Issued rfnd + rplc both, TL aware. //MEE",helpdesk,0,6499.0,Meera Malhotra,Chat Frontline,1,VA-SW-NX2,2450,True,True,2790,9289.0,LOST-TRANSIT,True,2025-12
TK-248525,2025-12-25 07:36:00,2025-12-25 09:24,2026-01-06 10:17,resolved,email,C105299,VR894438,VA-EB-PL2,Other,Normal,Email Frontline,A3022,0,,3499.0,GW-OTHER,N,"hi,
bought my pulse 2 around 26 nov from vireo.in. i sennt the unit in 21 days ago and have herad nothing.
i clled service centre.
need this sorted thhis week.","cx states repair status follow-up. chk RMA status. Refund approved, Rs 3499, 5-7 working days. (SOP 3.1)",helpdesk,0,3499.0,Daniel Arora,Email Frontline,1,VA-EB-PL2,1480,True,False,0,0.0,WTY-BUYBACK,True,2025-12
TK-248537,2025-12-25 14:12:00,2025-12-25 14:33,2025-12-25 14:51,resolved,voice,C105264,,VA-EB-PL2,Billing & Payments,High,Billing,A3035,0,4.0,3499.0,GW-OTHER,N,[IVR transcript] hii my bakn shoows the sme amount twice on the same day,cx states duplicate payment. conf UTRs. Duplicate refunded to source. Cx informed.,helpdesk,0,3499.0,Dev Kulkarni,Billing,1,VA-EB-PL2,1480,True,False,0,0.0,DUP-PAYMENT,True,2025-12
TK-248560,2025-12-25 21:58:00,2025-12-26 01:34,2025-12-26 01:53,resolved,email,C109495,,VA-HP-ST3,Audio Quality,Normal,Email Frontline,A3002,0,3.0,6999.0,DOA-REPL,Y,"Dear Sir/Madam,

I am wriing with reference to my order of my Strata 3 headphones placed on 13 Jun. Everyone on my calls says I sound like I'm underwater. I have checked mic permissions. I requset you to provide a resoolution within 3 worknig days.

Yours faithfully,
Saanvi Malhotra
Mysuru",see prev. | refund processed to source; replacement unit also shipped. [closed],helpdesk,0,6999.0,Steven Ansari,Chat Frontline,1,VA-HP-ST3,2650,True,True,2990,9989.0,REVIEW,False,2025-12
TK-248563,2025-12-26 03:58:00,2025-12-26 06:46,2025-12-27 07:17,resolved,social,C101831,VR901048,VA-EB-PL2,Returns & Refunds,Low,Returns Desk,A3037,0,4.0,3149.0,GW-OTHER,N,really frustrating. this is regarding pulse2. u picked up the item 11 days ago and my money hasn't come back. i already emailed twice. escalate this to someone senior.,"refund approved, rs 3149, 5-7 working days. issue: refund delay. checked refund status on pg. ~Manish",helpdesk,0,3149.0,Manish Iyer,Returns Desk,1,VA-EB-PL2,1480,True,False,0,0.0,DUP-PAYMENT,True,2025-12
TK-248569,2025-12-26 09:43:00,2025-12-26 09:49,2025-12-29 10:13,resolved,chat,C109384,VR908521,VA-EB-PL2,Returns & Refunds,Normal,Returns Desk,A3038,0,,1662.0,GW-OTHER,N,Really frustrating. This is regrading Pulse 2. still waiting for my refund. I already checked bank. Escalate this to someone senior,"1. Refund not credited
2. chk refund status on PG
3. Refund approved, Rs 1662, 5-7 working days",helpdesk,0,1662.0,Ankit Dhillon,Returns Desk,1,VA-EB-PL2,1480,True,False,0,0.0,RETURN-QC-OK,True,2025-12
TK-248575,2025-12-26 14:57:00,2025-12-26 18:33,2025-12-26 19:00,resolved,email,C101593,VR886265,VA-EB-AIR,Billing & Payments,Normal,Billing,A3035,0,5.0,1799.0,GW-OTHER,N,"hii
payment was deducted but no order was created
airlite earbuds VR886265","Reported: failed ord affter payment. chk PG dashboard for txn. rfd approved, Rs 1799, 5-7 working days. Follow-up not required.",helpdesk,0,1799.0,Dev Kulkarni,Billing,1,VA-EB-AIR,760,True,False,0,0.0,DUP-PAYMENT,True,2025-12
TK-248597,2025-12-27 07:10:00,2025-12-27 09:34,2025-12-30 10:01,resolved,email,C107844,VR881663,VA-EB-PL2,Returns & Refunds,Normal,Returns Desk,A3037,0,2.0,2974.0,RETURN-QC-OK,N,This is very disappointing. I bought my Pulse 2 on 21 Dec. refnd not received yet. I already checked bank. Refund. Now.,refunded rs 2974. issue: refund pending. chk refund status on pg. ~Manish,helpdesk,0,2974.0,Manish Iyer,Returns Desk,1,VA-EB-PL2,1480,True,False,0,0.0,LOST-TRANSIT,True,2025-12
TK-248605,2025-12-27 13:30:00,2025-12-27 14:35,2025-12-27 15:11,resolved,email,C104353,VR901391,VA-SW-FIT,Billing & Payments,High,Billing,A3035,0,3.0,1699.0,GW-OTHER,N,Not what I expected from Vireo. Buoght my Neax Fit band around 20 Dec from vireo.in. payment was deducted but no order was created. I already waited 24 hours. This is the last time I buy frmo you.,"1. Payment debited, no ord
2. chk PG dashboard for txn
3. Refunded Rs 1699",helpdesk,0,1699.0,Dev Kulkarni,Billing,1,VA-SW-FIT,850,True,False,0,0.0,DUP-PAYMENT,True,2025-12
TK-248633,2025-12-28 13:15:00,2025-12-29 06:21,2025-12-30 06:39,closed,email,C101130,,VA-AC-CBL,Returns & Refunds,Low,Returns Desk,A3037,0,,40.0,GW-OTHER,N,still waiting for my refund,"refunded rs 40. issue: refund delay. chk refund status on pg. | offered replacement, cx preferred refund. refund processed. ~Manish",helpdesk,0,40.0,Manish Iyer,Returns Desk,1,VA-AC-CBL,90,True,False,0,0.0,PRICE-ADJ,True,2025-12
TK-248650,2025-12-29 01:18:00,2025-12-29 02:59,2025-12-30 03:19,resolved,social,C105055,VR906124,VA-EB-PL1,Returns & Refunds,Normal,Returns Desk,A3038,0,2.0,250.0,RETURN-QC-OK,N,"Hey, Ordered Pulse earbuds recently. Return pickup has not happened. I rescheduled pickup twice. Please advise.","1. Reverse pkp pending
2. Checked pkp AWB
3. Refunded Rs 250",helpdesk,0,250.0,Ankit Dhillon,Returns Desk,1,VA-EB-PL1,1120,True,False,0,0.0,DUP-PAYMENT,True,2025-12
TK-248652,2025-12-29 08:02:00,2025-12-29 10:55,2026-01-01 11:06,closed,email,C107439,VR884439,VA-EB-PL2,Returns & Refunds,Normal,Returns Desk,A3037,0,,700.0,GW-OTHER,N,I bought my Pulse 2 on 29/11. Nobody camme for the pickup. I rescheduled pickup twice. Nothing changed. Honestly regretting this purchase. Please call me on my registered number. Please revert,"1. reverse pkp pending
2. checked pkp awb
3. refunded rs 700 ~Manish",helpdesk,0,700.0,Manish Iyer,Returns Desk,1,VA-EB-PL2,1480,True,False,0,0.0,DUP-PAYMENT,True,2025-12
TK-248668,2025-12-29 16:21:00,2025-12-29 17:08,2025-12-30 17:31,resolved,email,C104924,VR907161,VA-EB-PL2,Delivery & Shipping,Normal,Logistics,A3030,0,3.0,2799.0,LOST-TRANSIT,N,"my order has not been delivered yet
VR907161
please call me on my registered number","Reported: order not delivered. Raised ticket with courier partner. Full refund processed (2799). -- Offered replacement, cx preferred rfnd. rfnd processed. //AIS",helpdesk,0,2799.0,Aishwarya Trivedi,Logistics,1,VA-EB-PL2,1480,True,False,0,0.0,PRICE-ADJ,True,2025-12
TK-248701,2025-12-30 18:25:00,2025-12-30 18:32,2025-12-31 19:02,resolved,chat,C106900,VR893246,VA-EB-PL2,Returns & Refunds,Normal,Returns Desk,A3036,0,,2799.0,GW-OTHER,N,"Product: my Pulse 2
Order: VR893246
Purchased: December 26
Issue: refund was promised 15 days ago and nothing
Tried: emailed twiec
Expected: refund",cx reached out - rfnd pending. Checked rfnd status on PG. rfnd confirmed credited. Csae closed with cx consent. (SOP 5.4),helpdesk,0,2799.0,Ritika D'Souza,Returns Desk,1,VA-EB-PL2,1480,True,False,0,0.0,RETURN-QC-OK,True,2025-12
TK-248705,2025-12-30 18:56:00,2025-12-30 19:02,2025-12-30 19:32,resolved,chat,C101864,,VA-EB-PL1,Delivery & Shipping,Normal,Logistics,A3030,0,,2499.0,GW-OTHER,N,"hi
the box says my pulse but what's inside is not what i paid for
my pulse","Contact re incorrect product shipped. Raised w/ warehouse. Replacement raised, RMA shared w/ cx. | Money back to source & a fresh pair shipped. //AIS",helpdesk,0,2499.0,Aishwarya Trivedi,Logistics,1,VA-EB-PL1,1120,True,False,0,0.0,WTY-BUYBACK,True,2025-12
TK-248743,2025-12-31 20:45:00,2025-12-31 20:58,2026-01-02 23:08,resolved,chat,C108706,VR894080,VA-EB-PL1,Connectivity,Normal,Chat Frontline,A3039,1,4.0,1999.0,DOA-REPL,N,"Hi, Order VR894080 (pulse 1). RANDOM DISCONNECTS DURING CALLS. Please call me on my registered number. Rgds Faisal","cx: intermittent disconnects | checked interference sources -> advised, cx will monitor | xfer escalations & warranty (sop 2.7) refund + rplc, cx escalation avoided. ~Reyansh",helpdesk,0,1999.0,Reyansh Mishra,Escalations & Warranty,2,VA-EB-PL1,1120,True,False,0,0.0,WTY-BUYBACK,True,2025-12
TK-248744,2025-12-31 20:55:00,2025-12-31 22:04,2025-12-31 22:19,resolved,social,C101478,,VA-EB-PL2,Other,Normal,Chat Frontline,A3016,0,,525.0,GW-OTHER,N,"Dear team, Got Pulse 2 form vireo.in in December. Ordered teh wrong colour, don't shp it. Can someonne fix this? Please revert",Contact re order cancellation. Cancelled before dispatch. rfnd of Rs 525 initiated to source. -TK,helpdesk,0,525.0,Thomas Kumar,Email Frontline,1,VA-EB-PL2,1480,True,False,0,0.0,CANCEL,True,2025-12
TK-248762,2026-01-01 13:40:00,2026-01-01 13:50,2026-01-04 14:11,resolved,chat,C102034,,VA-EB-PL1,Delivery & Shipping,Normal,Logistics,A3028,0,,2499.0,GW-OTHER,Y,pathetic experience honestly. bought pulse earbuds around 27/12 from vireo.in. it has been 15 days and i have nothing in hand. i alrready checked with neighbours. fix this or i am posting on twitter.,"cx repported shipment not rcvd. conf address w/ cx. rto conf, reshipped. -- full rfnd issued and rplc dispatched as goodwill.",helpdesk,0,2499.0,Sameer Kapoor,Logistics,1,VA-EB-PL1,1120,True,True,1460,3959.0,LOST-TRANSIT,True,2026-01
TK-248772,2026-01-01 18:19:00,2026-01-01 19:33,2026-01-02 19:51,resolved,email,C102638,VR888256,VA-SW-NX2,Returns & Refunds,Normal,Returns Desk,A3004,1,2.0,5199.0,GW-OTHER,N,"hii
nobody came for the pickup",cust contacted re pickup not done. checked pickup awb. transferred to chat frontline. full refund processed (5199).,helpdesk,0,5199.0,Geeta Dutta,Chat Frontline,1,VA-SW-NX2,2450,True,False,0,0.0,RETURN-QC-OK,True,2026-01
TK-248774,2026-01-01 19:01:00,2026-01-01 20:03,2026-01-14 02:48,resolved,email,C106091,VR889756,VA-NB-ARC,Warranty & Repair,Normal,Escalations & Warranty,A3043,0,,1039.0,DOA-REPL,N,"Product: the neckband
Order: VR889756
Purchased: 07/10
Issue: I sent the unit in 11 days ago and have heard nothing
Tried: emailed twice
Expected: resolution","sorted. -- Refunded Rs 1039 & also raised rplc, cx was very upset. //NIK",helpdesk,0,1039.0,Nikhil Gupta,Escalations & Warranty,2,VA-NB-ARC,540,True,False,0,0.0,DUP-PAYMENT,True,2026-01
TK-248782,2026-01-02 06:38:00,2026-01-02 14:12,2026-01-02 14:28,resolved,email,C106484,,VA-EB-PL2,Other,Normal,Email Frontline,A3018,0,4.0,3149.0,GW-OTHER,N,"team,
watn to cancel my ordder
kuch kaor",Reported: cancel order. Checked shipment status. Refund of Rs 3149 initiated to source. ~Krishna,helpdesk,0,3149.0,Krishna Bhatt,Email Frontline,1,VA-EB-PL2,1480,True,False,0,0.0,CANCEL,True,2026-01
TK-248794,2026-01-02 13:47:00,2026-01-02 13:51,2026-01-05 14:03,resolved,chat,C107834,VR905052,VA-AC-CH65,Returns & Refunds,Low,Returns Desk,A3037,0,,1499.0,GW-OTHER,N,"Product: your charger
Order: VR905052
Purchased: 05 Dec
Issue: return pickup has not happened
Tried: rescheduled pickup twice
Expected: fix","refunded rs 1499. issue: pickup not done. re-raised pickup with courier. | replacement was offered earlier by chat team, cx opted for refund. ~Manish",helpdesk,0,1499.0,Manish Iyer,Returns Desk,1,VA-AC-CH65,610,True,False,0,0.0,DUP-PAYMENT,True,2026-01
TK-248803,2026-01-02 16:35:00,2026-01-02 20:00,2026-01-02 20:14,resolved,email,C104063,,VA-SW-NX2,Returns & Refunds,Normal,Returns Desk,A3036,0,,926.0,GW-OTHER,N,"Product: my Nexa 2 watch
Order: VR899547
Purchased: 10-12-2025
Issue: where is the money for the return
Tried: emailed twice
Expected: resolution","Contact re refund delay. Checked refund status on PG. Refund approved, Rs 926, 5-7 working days. Cx informed.",helpdesk,0,926.0,Ritika D'Souza,Returns Desk,1,VA-SW-NX2,2450,True,False,0,0.0,DUP-PAYMENT,True,2026-01
TK-248814,2026-01-03 08:16:00,2026-01-03 08:17,,pending,chat,C106275,,VA-HP-ST2,Returns & Refunds,High,Returns Desk,A3037,0,2.0,4249.0,RETURN-QC-OK,N,"Product: Strata 2
Purchased: 29 Dec
Issue: refund not received yet
Tried: emailed twice
Expected: fix",full rfnd processed (4249). issue: rfnd not credited. checked rfnd status on pg. ~Manish,helpdesk,0,4249.0,Manish Iyer,Returns Desk,1,VA-HP-ST2,2100,True,False,0,0.0,DUP-PAYMENT,True,2026-01
TK-248821,2026-01-03 10:46:00,2026-01-03 11:14,2026-01-03 11:25,resolved,social,C107959,VR899197,VA-SP-MINI,Billing & Payments,High,Billing,A3033,0,4.0,2499.0,GW-OTHER,N,"hey, i bought the mini speaker on 27-12-2025. please cancel, ordered by mistake. i tried cancel button, greyed out. waiting for your reply. rgds, lakshmi",as discussed,helpdesk,0,2499.0,Vikram Banerjee,Billing,1,VA-SP-MINI,980,True,False,0,0.0,CANCEL,True,2026-01
TK-248839,2026-01-03 19:01:00,2026-01-03 20:22,2026-01-03 20:42,resolved,email,C101114,,VA-EB-PL2,Connectivity,Normal,Email Frontline,A3018,0,,3149.0,WTY-BUYBACK,Y,"hi vireo support, ordered the plse 2 earbuds in november. bluetooth pairing fails every time. please resolve asap.","re: pairing failure | checked phone os version -> re-pair successful, resolved on chat. | Amount returned to card; fresh unit shipped from BLR warehouse. ~Krishna",helpdesk,0,3149.0,Krishna Bhatt,Email Frontline,1,VA-EB-PL2,1480,True,True,1820,4969.0,WTY-BUYBACK,False,2026-01
TK-248840,2026-01-03 19:17:00,2026-01-03 21:26,2026-01-03 21:51,resolved,email,C100767,,VA-HP-ST3,Connectivity,High,Email Frontline,A3029,1,4.0,12598.0,GW-OTHER,N,"hi sir
it connects for a second and then vanishes from the device liist
the strata 3
??","advised fw update via app, resolved. issue: device not discoverable. checked phone os version. via logistics. | reversed the payment and dispatched a new one under rma. -RM",helpdesk,0,12598.0,Rajat Mukherjee,Logistics,1,VA-HP-ST3,2650,True,False,0,0.0,WTY-BUYBACK,True,2026-01
TK-248849,2026-01-04 00:00:00,2026-01-04 00:07,2026-01-04 00:28,resolved,chat,C107129,VR891083,VA-EB-PL2,Delivery & Shipping,Normal,Logistics,A3031,0,,3499.0,GW-OTHER,N,"sir ji
order not delivered, tracking not updating
please jaldi",Refunded Rs 3499. Issue: order not delivered. Checked AWB with courier.,helpdesk,0,3499.0,Zaid Desai,Logistics,1,VA-EB-PL2,1480,True,False,0,0.0,LOST-TRANSIT,True,2026-01
TK-248859,2026-01-04 10:29:00,2026-01-04 15:14,2026-01-04 15:27,resolved,social,C104673,VR899705,VA-EB-PL2,Connectivity,Normal,Chat Frontline,A3009,0,2.0,2974.0,GW-OTHER,Y,Really frustrating. THIS IS REGARDING PULSE 2 BUDS. wors for music but useless for meetings. I already checked mic permissions. Escalate this to someone senior.,"Contact re low mic pickup. chk mic permissions on phone. rplc raised, RMA shared with cx. (SOP 3.1) -- Reversed the payment & dispatched a new one under RMA. //SUK",helpdesk,0,2974.0,Sukhwinder Singh,Chat Frontline,1,VA-EB-PL2,1480,True,True,1820,4794.0,WTY-BUYBACK,True,2026-01
TK-248911,2026-01-06 16:47:00,2026-01-06 17:14,2026-01-06 17:35,resolved,voice,C100980,VR904023,VA-SW-NX2,Other,Normal,Voice Frontline,A3026,0,,6499.0,GW-OTHER,N,[IVR transcript] discount was not applied at checkout. VR904023,issue: coupon not applied | chk cart eligibility -> refunded rs 6499,helpdesk,0,6499.0,Aadhya Deshpande,Voice Frontline,1,VA-SW-NX2,2450,True,False,0,0.0,PRICE-ADJ,True,2026-01
TK-248916,2026-01-06 18:11:00,2026-01-06 20:02,2026-01-06 20:20,resolved,email,C106622,,VA-AC-CASE,Other,Normal,Email Frontline,A3018,0,,1299.0,GW-OTHER,N,"To the Vireo Customer Care Team,

I am writing with reference to my order of spare case placed on 04-01-2026. Want to cancel my order. I have tried cancel button, greyed out. I request you to look into this matter at the earliest.

Sincerely,
Om Gupta",cancel order | checked shipmnt status -> refund of rs 1299 initiated to source,helpdesk,0,1299.0,Krishna Bhatt,Email Frontline,1,VA-AC-CASE,620,True,False,0,0.0,CANCEL,True,2026-01
TK-248945,2026-01-07 14:01:00,2026-01-07 14:05,2026-01-07 14:33,resolved,chat,C101016,VR906555,VA-SW-NX1,Charging & Battery,Normal,Chat Frontline,A3009,0,,4249.0,GW-OTHER,N,"hello
batetry backup is terrible now
nexa watch
urent","1. Rapid battery drain
2. chk usage pattern with cx
3. rplc unit dispatched (SOP 3.1) Both refund and replacement given as cx threatened social media. //SUK",helpdesk,0,4249.0,Sukhwinder Singh,Chat Frontline,1,VA-SW-NX1,1900,True,False,0,0.0,WTY-BUYBACK,True,2026-01
TK-248974,2026-01-08 17:13:00,2026-01-08 22:46,2026-01-08 22:59,resolved,email,C107561,VR904464,VA-EB-PL2,Connectivity,Normal,Email Frontline,A3003,0,,3499.0,WTY-BUYBACK,Y,"hi
random disconnects during calls
help","1. Intermittent disconnects
2. Checked FW 2.5.6
3. Advised, cx will monitor (SOP 5.4) Issued refund + replacement both, TL aware. -KS",helpdesk,0,3499.0,Komal Singh,Chat Frontline,1,VA-EB-PL2,1480,True,True,1820,5319.0,REVIEW,False,2026-01
TK-248991,2026-01-08 20:33:00,2026-01-08 23:50,2026-01-09 00:18,closed,social,C106653,VR902991,VA-SP-MINI,Billing & Payments,High,Billing,A3034,0,3.0,1000.0,GW-OTHER,N,"hey
card charged two times
??",closed (sop 2.7),helpdesk,0,1000.0,Tanvi Rathore,Billing,1,VA-SP-MINI,980,True,False,0,0.0,DUP-PAYMENT,True,2026-01
TK-249020,2026-01-09 21:19:00,2026-01-11 11:57,2026-01-12 13:06,resolved,email,C108856,VR907973,VA-SW-NX2,Warranty & Repair,Normal,Escalations & Warranty,A3039,0,3.0,6499.0,GW-OTHER,N,"Dear Sir/Madam,

I am writing with reference to my order of my Nexa 2 watch (VR907973) placed on December 28. Watch strap broke within a month. I have tried to fix pin. I request you to provide a resolution within 3 working days.

Regards,
Faisal Kulkarni",re: strap damage | checked warranty eligibility -> refund of rs 6499 initiated to source (sop 4.2) ~Reyansh,helpdesk,0,6499.0,Reyansh Mishra,Escalations & Warranty,2,VA-SW-NX2,2450,True,False,0,0.0,WTY-BUYBACK,True,2026-01
TK-249033,2026-01-10 14:24:00,2026-01-10 14:28,2026-01-13 14:56,resolved,chat,C104597,VR887308,VA-HP-ST3,Returns & Refunds,Low,Returns Desk,A3036,0,,945.0,GW-OTHER,N,"hi vireo support, got the strata 3 from vireo.in last month. i have been sitting at home for 3 das waiting for your courier. i rescheduled pickup twice. nothing changed. need ths sorted this week. awaiting response harsh",Cx reported pkp missed. Re-raised pkp w/ crr. Full refund processed (945). Cx satisfied on chat. (SOP 2.7),helpdesk,0,945.0,Ritika D'Souza,Returns Desk,1,VA-HP-ST3,2650,True,False,0,0.0,DUP-PAYMENT,True,2026-01
TK-249092,2026-01-12 12:15:00,2026-01-13 17:37,2026-01-14 18:03,closed,email,C106778,VR883713,VA-EB-PL2,Delivery & Shipping,Normal,Logistics,A3030,0,,3499.0,GW-OTHER,N,"Product: pulse 2 buds
Order: VR883713
Purchased: January 12
Issue: package not delivered even afteer 9 days
Tried: called the courier
Expected: replacement","Refund approved, Rs 3499, 5-7 working days. Issue: order not delivered. Confirmed address w/ cx. //AIS",helpdesk,0,3499.0,Aishwarya Trivedi,Logistics,1,VA-EB-PL2,1480,True,False,0,0.0,LOST-TRANSIT,True,2026-01
TK-249095,2026-01-12 13:55:00,2026-01-12 17:28,2026-01-13 17:59,resolved,email,C102241,VR906363,VA-SP-ORB,Returns & Refunds,Normal,Returns Desk,A3036,0,4.0,5699.0,RETURN-QC-OK,N,"dera team,
bought orbit speaker around 30/12 from vireo.in. the return was accepted but the amount is nowhere in my account.
i emailed twice. nothing changed.
can someone fix this?
thanks & regards lakshmi naidu","Ticket raised for rfnd delay. chk rfd status on PG. Full rfnd processed (5699). Follow-up not required. (SOP 3.1) -- Replacement declined by cx, refund issued instead.",helpdesk,0,5699.0,Ritika D'Souza,Returns Desk,1,VA-SP-ORB,2300,True,False,0,0.0,DUP-PAYMENT,True,2026-01
TK-249106,2026-01-12 20:26:00,2026-01-12 20:27,2026-01-18 01:12,resolved,chat,C102497,VR901663,VA-NB-ARC,Warranty & Repair,Normal,Escalations & Warranty,A3042,0,,1169.0,DOA-REPL,N,"Product: my Arc
Order: VR901663
Purchased: October 07
Issue: I sent the unit in 10 days ago and have heard nothing
Tried: emailed twice
Expected: replacement","warranty claim status | chk qc report -> repair completed, shipped back.
rfnd processed to source; replacement unit also shipped.",helpdesk,0,1169.0,Swati Bhatia,Escalations & Warranty,2,VA-NB-ARC,540,True,False,0,0.0,WTY-BUYBACK,True,2026-01
TK-249130,2026-01-13 17:24:00,2026-01-13 18:01,2026-01-13 18:19,resolved,social,C103787,VR898468,VA-SP-MINI,Other,Normal,Chat Frontline,A3004,0,,2499.0,GW-OTHER,N,"Hello Vireo, Orbit Mini purchased 2 weeks ago, order VR898468.  Cancel order VR898468. What do I do now?",see prev,helpdesk,0,2499.0,Geeta Dutta,Chat Frontline,1,VA-SP-MINI,980,True,False,0,0.0,CANCEL,True,2026-01
TK-249134,2026-01-13 21:29:00,2026-01-13 22:33,2026-01-14 23:01,closed,email,C108696,VR882000,VA-EB-PL2,Delivery & Shipping,High,Logistics,A3027,0,,2799.0,GW-OTHER,N,"product: my pulse 2
purchased: 08 nov
issue: the parcel looked like it was kicked here from the warehouse, and the unit has a crack
tried: took photos
expected: replacement","Refunded Rs 2799. Issue: transit damage. Checked w/ crr for damage claim. -- Cx asked for rplc + refund, explained policy, refund only.",helpdesk,0,2799.0,Priya Agarwal,Logistics,1,VA-EB-PL2,1480,True,False,0,0.0,DOA-REPL,True,2026-01
TK-249161,2026-01-14 17:04:00,2026-01-14 19:35,2026-01-14 20:08,resolved,email,C103888,,VA-EB-PL1,Charging & Battery,Normal,Email Frontline,A3018,0,,1999.0,GW-OTHER,Y,Not acceptalbe at this price. Ordered my Pulse 3 weeks back. battery life has dropped to almost nothing. I already fully charged and discharged twice. This is the last tiem I buy from you,"cx: rapid battery drain | checked usage pattern with cx -> replacement raised after test.
Refund processed to source; replacement unit also shipped. ~Krishna",helpdesk,0,1999.0,Krishna Bhatt,Email Frontline,1,VA-EB-PL1,1120,True,True,1460,3459.0,DUP-PAYMENT,True,2026-01
TK-249163,2026-01-14 17:21:00,2026-01-14 17:22,2026-01-14 18:02,resolved,chat,C106965,VR883775,VA-HP-ST3,Billing & Payments,Normal,Billing,A3035,0,,6999.0,GW-OTHER,N,"Product: the strata 3
Order: VR883775
Purchased: 03 Jan
Issue: double payment deducted
Tried: waited a week
Expected: refund",Customer states duplicate payment. Coonfirmed UTRs. Duplicate refunded to source. Closing.,helpdesk,0,6999.0,Dev Kulkarni,Billing,1,VA-HP-ST3,2650,True,False,0,0.0,DUP-PAYMENT,True,2026-01
TK-249167,2026-01-14 20:03:00,2026-01-14 22:36,2026-01-14 22:53,resolved,email,C104329,,VA-EB-PL1,Charging & Battery,Normal,Email Frontline,A3016,0,,1999.0,GW-OTHER,N,Not acceptable at this price. Ordered my Pulse in December. battery backup is terrible now. I already fully charged and discharged twice. Fix this or I am posting on twitter.,re: battery draining fast | chk usage pattern with cx -> escalated to wty (SOP 3.1),helpdesk,0,1999.0,Thomas Kumar,Email Frontline,1,VA-EB-PL1,1120,True,False,0,0.0,DUP-PAYMENT,True,2026-01
TK-249172,2026-01-14 21:41:00,2026-01-14 23:27,2026-01-19 23:53,closed,voice,C102871,,VA-EB-PL1,Delivery & Shipping,Low,Logistics,A3029,0,5.0,2499.0,GW-OTHER,Y,"hey
ordre status stck on shipped since 04-01-2026
my pulse","re-shipped from warehouse. issue: delivery delayed. raised ticket with courier partner. -- issued refund + replacement both, tl aware. -RM",helpdesk,0,2499.0,Rajat Mukherjee,Logistics,1,VA-EB-PL1,1120,True,True,1460,3959.0,LOST-TRANSIT,True,2026-01
TK-249195,2026-01-15 17:59:00,2026-01-15 19:19,2026-01-15 19:41,resolved,social,C101740,VR890649,VA-SP-ORB,Delivery & Shipping,Low,Logistics,A3030,0,,5399.0,GW-OTHER,Y,"the parcel looked like it was kicked here from the warehouse, and the unit has a crack - VR890649 - kindly look into it","Cx says transit damage. chk with courier for damage claim. Replacement unit dispatched.
Both refund and replacement given as cx threatened social media. //AIS",helpdesk,0,5399.0,Aishwarya Trivedi,Logistics,1,VA-SP-ORB,2300,True,True,2640,8039.0,DOA-REPL,True,2026-01
TK-249196,2026-01-15 19:00:00,2026-01-15 19:08,2026-01-15 19:45,resolved,chat,C101757,,VA-HP-ST2,Billing & Payments,Low,Billing,A3035,0,,4999.0,GW-OTHER,N,"Product: my Strata 2 headphones
Purchased: 01 Jan
Issue: I was charged tiwce for one order
Tried: checked with bank
Expected: refund",Ticket raised for double charge. Confirmed UTRs. Refund of Rs 4999 initiated to source. Follow-up not required.,helpdesk,0,4999.0,Dev Kulkarni,Billing,1,VA-HP-ST2,2100,True,False,0,0.0,DUP-PAYMENT,True,2026-01
TK-249198,2026-01-15 23:40:00,2026-01-16 00:31,2026-01-16 00:47,resolved,email,C104009,VR895401,VA-EB-PL1,Delivery & Shipping,Normal,Logistics,A3027,0,4.0,2499.0,GW-OTHER,N,"Really frustrating. the Pulse bus purchased 3 weeks back, ordre VR895401. screen has a crack before I evne switched it on. I already tok photos. This is the lsat time I buy from you.","1. Transit damage
2. chk w/ crr for damage claim
3. Replacement raised, RMA shared w/ cx. Amount returned to card; fresh unit shipped from BLR warehouse.",helpdesk,0,2499.0,Priya Agarwal,Logistics,1,VA-EB-PL1,1120,True,False,0,0.0,DOA-REPL,True,2026-01
TK-249200,2026-01-16 08:50:00,2026-01-16 11:00,2026-01-17 11:34,resolved,email,C105785,VR889455,VA-SP-ORB,Returns & Refunds,Low,Returns Desk,A3038,0,3.0,5399.0,GW-OTHER,N,where is the money for the return. i want my money back,"1. Refund pending
2. chk reverse pickup QC status
3. Refund of Rs 5399 initiated to source",helpdesk,0,5399.0,Ankit Dhillon,Returns Desk,1,VA-SP-ORB,2300,True,False,0,0.0,RETURN-QC-OK,True,2026-01
TK-249213,2026-01-16 20:20:00,2026-01-16 20:27,2026-01-16 21:01,resolved,chat,C105366,,VA-SW-FIT,Billing & Payments,High,Billing,A3035,0,,180.0,GW-OTHER,N,"Product: my Nexa Fit band
Purchased: 09/01
Issue: double payment deducted
Tried: checked with bank
Expected: fix",Reported: double charge. conf UTRs. Refunded Rs 180. Closing.,helpdesk,0,180.0,Dev Kulkarni,Billing,1,VA-SW-FIT,850,True,False,0,0.0,DUP-PAYMENT,True,2026-01
TK-249217,2026-01-16 20:50:00,2026-01-16 21:13,2026-01-19 21:46,resolved,voice,C107701,VR901137,VA-AC-CASE,Billing & Payments,High,Billing,A3035,0,,1104.0,GW-OTHER,N,"not acceptable at this price. spare case purchased 10 days ago, order vr901137. where is the money for the return. i already emailed twice. refund. now.","Cust contacted re rnfd pending. chk rnd status on PG. rfnd approved, Rs 1104, 5-7 working days. Follow-up not required.",helpdesk,0,1104.0,Dev Kulkarni,Billing,1,VA-AC-CASE,620,True,False,0,0.0,DUP-PAYMENT,True,2026-01
TK-249228,2026-01-17 13:21:00,2026-01-17 13:40,2026-01-17 13:52,resolved,voice,C105183,VR883801,VA-EB-PL2,Returns & Refunds,Normal,Returns Desk,A3038,0,4.0,2799.0,GW-OTHER,N,"[IVR transcript] pickup scheduled but no one showed up, VR883801, i want a replacement","Contact re reverse pkp pending. Re-raised pkp with crr. pkp done, rfnd initiated.",helpdesk,0,2799.0,Ankit Dhillon,Returns Desk,1,VA-EB-PL2,1480,True,False,0,0.0,RETURN-QC-OK,True,2026-01
TK-249291,2026-01-19 15:48:00,2026-01-19 23:09,2026-01-19 23:51,resolved,email,C108038,,VA-EB-PL2,Charging & Battery,Normal,Email Frontline,A3016,0,,1400.0,GW-OTHER,N,Pathetic experience honestly. Bouught the Pulse 2 earbuds around 27/12 from vireo.in. the left one stpoped charging since last week. I alerady tried a different cable. Fix this or I am posting on twitter.,re: left bud not charging | tested w/ cx on call -> rfnd of rs 1400 initiated to source (SOP 3.1) -TK,helpdesk,0,1400.0,Thomas Kumar,Email Frontline,1,VA-EB-PL2,1480,True,False,0,0.0,DOA-REPL,True,2026-01
TK-249324,2026-01-20 13:27:00,2026-01-20 14:50,2026-01-20 15:27,resolved,voice,C103408,VR903336,VA-SW-FIT,Connectivity,Normal,Voice Frontline,A3021,1,,1699.0,GW-OTHER,N,"helo
cannot pair nexa fit with my laptop
nexa fit","cx: pairing failure | asked cx to reset the device -> re-pair successful, rslvd on chat | xfer email frontline. Processed FR & raised RMA for new set. ~Meera",helpdesk,0,1699.0,Meera Mathew,Email Frontline,1,VA-SW-FIT,850,True,False,0,0.0,WTY-BUYBACK,True,2026-01
TK-249329,2026-01-20 15:36:00,2026-01-20 17:17,2026-01-22 17:46,resolved,social,C102340,,VA-EB-PL2,Other,Normal,Chat Frontline,A3004,0,3.0,2799.0,GW-OTHER,Y,"hi
tracking has sadi out for delivery for a week now","cx ok. issued refund + replacement both, tl aware.",helpdesk,0,2799.0,Geeta Dutta,Chat Frontline,1,VA-EB-PL2,1480,True,True,1820,4619.0,LOST-TRANSIT,True,2026-01
TK-249338,2026-01-21 10:27:00,2026-01-21 10:29,2026-01-21 10:56,resolved,chat,C108314,VR896636,VA-SP-MINI,Billing & Payments,Normal,Billing,A3033,0,,2499.0,GW-OTHER,N,payment was deducted but no order was created - VR896636,see prev,helpdesk,0,2499.0,Vikram Banerjee,Billing,1,VA-SP-MINI,980,True,False,0,0.0,DUP-PAYMENT,True,2026-01
TK-249353,2026-01-21 18:40:00,2026-01-21 19:31,2026-01-21 20:00,resolved,email,C101236,VR881902,VA-EB-PL2,Audio Quality,Normal,Email Frontline,A3018,0,,3499.0,GW-OTHER,Y,"Product: Pulse 2
Order: VR881902
Purchased: October 23
Issue: buzzing sound from the speaker
Tried: tied different apps
Expected: resolution","crackling/distortion | asked for a recording -> replacement raised, rma shared with cx.
Cx got the amount back, also sending a new set to keep him happy. ~Krishna",helpdesk,0,3499.0,Krishna Bhatt,Email Frontline,1,VA-EB-PL2,1480,True,True,1820,5319.0,DOA-REPL,True,2026-01
TK-249358,2026-01-21 20:39:00,2026-01-21 20:54,2026-01-21 21:31,resolved,chat,C103582,VR899322,VA-EB-PL1,Other,High,Chat Frontline,A3005,0,,1999.0,DOA-REPL,Y,"dear sir/madam,
ordered pulse 1 around diwali. keeps losing my phone if i walk to the other room.
please help.
please revert, harsh","issue: connection dropping | chk fw 2.6.0 -> replacement raised.
Sent a new unit & released the money as well, cx was in tears on call.",helpdesk,0,1999.0,Payal Bhatia,Chat Frontline,1,VA-EB-PL1,1120,True,True,1460,3459.0,REVIEW,False,2026-01
TK-249373,2026-01-22 09:31:00,2026-01-22 09:33,2026-01-24 09:54,resolved,chat,C102340,,VA-EB-PL1,Returns & Refunds,Normal,Returns Desk,A3038,0,3.0,2374.0,GW-OTHER,N,"this is regarding teh pulse buds. packd the box a week ago and it's still here. i rescheduled pickup twice. i want my money back. thanks & regards, mohammed roy",Refund of Rs 2374 initiated to source. Issue: pkp missed. Re-raised pkp w/ courier.,helpdesk,0,2374.0,Ankit Dhillon,Returns Desk,1,VA-EB-PL1,1120,True,False,0,0.0,DUP-PAYMENT,True,2026-01
TK-249418,2026-01-23 11:48:00,2026-01-23 11:54,,pending,chat,C103505,,VA-EB-PL1,Billing & Payments,Normal,Billing,A3033,0,,475.0,GW-OTHER,N,"this is regarding pulse earbuds. card charged two times. i checked witth bank. i am losing patience. please resolve asap. thanks, tenzin patil","1. double charge
2. checked pg for duplicate txn
3. refund of rs 475 initiated to source",helpdesk,0,475.0,Vikram Banerjee,Billing,1,VA-EB-PL1,1120,True,False,0,0.0,DUP-PAYMENT,True,2026-01
TK-249427,2026-01-23 15:35:00,2026-01-23 15:36,2026-01-23 15:59,resolved,chat,C103667,VR905641,VA-EB-PL2,Charging & Battery,Normal,Chat Frontline,A3012,0,,3149.0,GW-OTHER,N,honestly regretting this purchase. this is regarding pulse2. left side not charging in the case. i alreday tried a different cable. refund. now.,cx states l bud no charge in case. asked cx to clean charging pins. escalated to warranty for inspection. -- both refund & replacement given as cx threatened social media.,helpdesk,0,3149.0,Lakshmi Srivastava,Chat Frontline,1,VA-EB-PL2,1480,True,False,0,0.0,DOA-REPL,True,2026-01
TK-249441,2026-01-23 22:40:00,2026-01-24 01:58,2026-01-24 02:17,resolved,email,C106218,VR904979,VA-SW-NX2,Charging & Battery,Normal,Email Frontline,A3001,0,,5524.0,DOA-REPL,Y,"battery draining even when not in use, vr904979","battery draining fast | checked usage pattern with cx -> replacement approved, reverse pickup arranged. -- sent a new unit and released the money as well, cx was in tears on call. ~Suresh",helpdesk,0,5524.0,Suresh Kaur,Chat Frontline,1,VA-SW-NX2,2450,True,True,2790,8314.0,WTY-BUYBACK,True,2026-01
TK-249447,2026-01-24 08:30:00,2026-01-24 14:13,2026-01-26 14:36,resolved,email,C100965,VR893667,VA-EB-PL2,Delivery & Shipping,Normal,Logistics,A3030,0,,630.0,RETURN-QC-OK,N,"Product: the Pulse 2 earbuds
Order: VR893667
Purchased: 25 Dec
Issue: the app said picukp today, that was on 25 Dec
Tried: rescheduled pickup twice
Expected: refund",Ticket raised for pkp missed. Re-raised pkp with courier. Refund of Rs 630 initiated to source. //AIS,helpdesk,0,630.0,Aishwarya Trivedi,Logistics,1,VA-EB-PL2,1480,True,False,0,0.0,DUP-PAYMENT,True,2026-01
TK-249488,2026-01-25 09:47:00,2026-01-25 09:50,2026-01-25 10:11,resolved,chat,C105453,VR888054,VA-EB-PL2,Charging & Battery,Normal,Chat Frontline,A3006,0,,3499.0,GW-OTHER,N,"Product: pulse 2 buds
Order: VR888054
Purchased: December 06
Issue: the charging case is not charging
Tried: tried 3 different cables
Expected: replacement","refund approved, rs 3499, 5-7 working days. issue: case no led / no charge. checked for lint in port. | replacement was offered earlier by chat team, cx opted for refund. -VB",helpdesk,0,3499.0,Varun Bhatt,Chat Frontline,1,VA-EB-PL2,1480,True,False,0,0.0,PRICE-ADJ,True,2026-01
TK-249527,2026-01-26 08:14:00,2026-01-26 08:41,2026-01-27 08:56,resolved,voice,C101905,VR891339,VA-EB-PL2,Returns & Refunds,Normal,Returns Desk,A3038,0,4.0,2799.0,GW-OTHER,N,[IVR transcript] refund not received yet. please advise,"1. rfnd pending
2. chk reverse pkp QC status
3. Refunded Rs 2799. | Refunded. Replacement request rejected as per policy.",helpdesk,0,2799.0,Ankit Dhillon,Returns Desk,1,VA-EB-PL2,1480,True,False,0,0.0,RETURN-QC-OK,True,2026-01
TK-249577,2026-01-27 19:07:00,2026-01-27 21:03,2026-01-27 21:22,resolved,email,C106008,,VA-NB-ARC,Audio Quality,Normal,Email Frontline,A3018,0,,1299.0,WTY-BUYBACK,N,mic not working on calls,cx: mic issue | checked mic permissions on phone -> refund of rs 1299 initiated to source ~Krishna,helpdesk,0,1299.0,Krishna Bhatt,Email Frontline,1,VA-NB-ARC,540,True,False,0,0.0,DOA-REPL,True,2026-01
TK-249585,2026-01-28 07:33:00,2026-01-28 07:37,2026-01-31 08:03,resolved,chat,C108392,VR888532,VA-SW-NX2,Returns & Refunds,Normal,Returns Desk,A3038,0,,520.0,GW-OTHER,N,"product: the nexa 2
purchased: 04-01-2026
issue: packed the box a week ago and it's sitll here
tried: rescheduled pickup twice
expected: resolution",re: pickup not done | re-raised pickup with courier -> full refund processed (520),helpdesk,0,520.0,Ankit Dhillon,Returns Desk,1,VA-SW-NX2,2450,True,False,0,0.0,DUP-PAYMENT,True,2026-01
TK-249591,2026-01-28 10:23:00,2026-01-28 10:32,2026-01-28 11:03,resolved,chat,C101017,VR907951,VA-HP-ST3,Connectivity,Low,Chat Frontline,A3011,0,,6299.0,GW-OTHER,N,"everyone on my calls says I sound like I'm underwater, VR907951",FW update adv. Issue: mic not working on calls. chk mic permissions on phone. rfnd done & new unit sent as one-time gesture.,helpdesk,0,6299.0,Rohit Gill,Chat Frontline,1,VA-HP-ST3,2650,True,False,0,0.0,DOA-REPL,True,2026-01
TK-249599,2026-01-28 15:13:00,2026-01-28 15:23,2026-01-29 15:42,resolved,chat,C109452,VR897652,VA-EB-PL2,Delivery & Shipping,Low,Logistics,A3030,0,,3499.0,RETURN-QC-OK,N,"Dear Sir/Madam, This is regarding Pulse 2. Pickup scehduled but no one showed up. I rescheduled pickup twice. Nothing changed. Please resolve asap.","Cx says pickup not done. Checked pickup AWB. Refund approved, Rs 3499, 5-7 working days. //AIS",helpdesk,0,3499.0,Aishwarya Trivedi,Logistics,1,VA-EB-PL2,1480,True,False,0,0.0,DUP-PAYMENT,True,2026-01
TK-249630,2026-01-29 19:58:00,2026-01-30 02:41,2026-02-02 03:11,resolved,email,C106135,VR904809,VA-SP-MINI,Returns & Refunds,Normal,Returns Desk,A3037,0,2.0,2499.0,GW-OTHER,N,pathetic experience honestly.  i bought orbit mini on 23-01-2026. refund was promised 11 days ago and nothing. i already emailed twice. fix this or i am posting on twitter,"refund confirmed credited. issue: refund pending. chk reverse pkp qc status. | replacement was offered earlier by chat team, cx opted for refund. ~Manish",helpdesk,0,2499.0,Manish Iyer,Returns Desk,1,VA-SP-MINI,980,True,False,0,0.0,RETURN-QC-OK,True,2026-01
TK-249707,2026-02-01 10:05:00,2026-02-01 10:06,2026-02-02 10:35,resolved,chat,C106606,VR902521,VA-EB-PL2,Returns & Refunds,Normal,Returns Desk,A3037,0,5.0,3149.0,RETURN-QC-OK,N,"Dear Sir/Madam,

I am writing with reference to my order of Pulse2 (VR902521) placed on 26 Jan.  I have been siting at home for 3 days waiting for your courier. I hvae rescheduled pickup twice. I request you to look into this matter at the earliest.

Yours faithfully,
Aadhya Shinde","refunded rs 3149. issue: reverse pkp pending. checked pkp awb. | cx asked for rplc + rfnd, explained policy, rfnd only. ~Manish",helpdesk,0,3149.0,Manish Iyer,Returns Desk,1,VA-EB-PL2,1480,True,False,0,0.0,DUP-PAYMENT,True,2026-02
TK-249713,2026-02-01 11:44:00,2026-02-01 11:55,2026-02-04 12:22,closed,chat,C109100,,VA-EB-PL2,Delivery & Shipping,High,Logistics,A3031,0,2.0,3499.0,GW-OTHER,N,"hii
product arrived damaged
pls reply","Reverse pickup arranged. Issue: unit received damaged. Photos received, damage confirmed. Full refund issued and replacement dispatched as goodwill.",helpdesk,0,3499.0,Zaid Desai,Logistics,1,VA-EB-PL2,1480,True,False,0,0.0,DOA-REPL,True,2026-02
TK-249725,2026-02-01 17:48:00,2026-02-01 17:52,2026-02-01 18:06,resolved,chat,C108783,VR894670,VA-SW-FIT,Delivery & Shipping,Normal,Logistics,A3030,0,,1699.0,GW-OTHER,N,"Namaste, Ordered my Nexa Fit band a month ago. Package not delivered eevn after 10 days. Can someone fix this?","Cx reported ord not delivered. Checked AWB with courier. Refund initiated as lost in transit. | Refunded Rs 1699 and also raised replacement, cx was very upset. //AIS",helpdesk,0,1699.0,Aishwarya Trivedi,Logistics,1,VA-SW-FIT,850,True,False,0,0.0,LOST-TRANSIT,True,2026-02
TK-249730,2026-02-01 20:22:00,2026-02-01 23:13,2026-02-01 23:41,resolved,social,C101467,VR891984,VA-EB-PL2,Connectivity,Normal,Chat Frontline,A3002,0,3.0,3499.0,GW-OTHER,N,Got Pulse 2 fom vireo.in a month ago. The pairing light blinks but nothing ever shows up on my Vivo. I forgot the device & tried again. Nothing changed. Please help.,"reset done, paired ok. issue: device not discoverable. asked cx to reset the device. issued refund + replacement both, tl aware. [closed]",helpdesk,0,3499.0,Steven Ansari,Chat Frontline,1,VA-EB-PL2,1480,True,False,0,0.0,WTY-BUYBACK,True,2026-02
TK-249741,2026-02-02 08:37:00,2026-02-02 09:17,2026-02-02 09:48,resolved,social,C102331,VR882979,VA-SW-NX2,Billing & Payments,High,Billing,A3017,1,3.0,650.0,GW-OTHER,N,"Hi Vireo support, I bought the Nexa 2 on 25-01-2026. Paid once, statement disagrees. I checked with bank. Can someone fix this?",customer states duplicate payment. confirmed utrs. xfer to email frontline. rfnd of rs 650 initiated to source. -KS,helpdesk,0,650.0,Kabir Singh,Email Frontline,1,VA-SW-NX2,2450,True,False,0,0.0,DUP-PAYMENT,True,2026-02
TK-249761,2026-02-02 19:32:00,2026-02-02 23:00,2026-02-04 23:32,resolved,email,C101097,VR882333,VA-AC-CASE,Billing & Payments,High,Billing,A3032,0,3.0,1299.0,GW-OTHER,Y,"Product: the charging case I ordered
Order: VR882333
Purchased: 29 Jan
Issue: refund was promised 7 days ago and nothing
Tried: emailed twice
Expected: fix","1. refund not credited
2. chk refund status on pg
3. arn shared with cx.
issued refund + rplc both, tl aware. ~Sneha",helpdesk,0,1299.0,Sneha Bansal,Billing,1,VA-AC-CASE,620,True,True,960,2259.0,RETURN-QC-OK,True,2026-02
TK-249774,2026-02-03 09:05:00,2026-02-03 14:02,2026-02-03 14:24,resolved,email,C101195,VR897826,VA-EB-PL2,Charging & Battery,Normal,Email Frontline,A3018,0,3.0,3149.0,GW-OTHER,Y,"hi there, got teh pulse 2 earbuds from amazon last week. app shows the left at 0 percennt no matter how long its in the case. i tried a different cable. i want a replacement. pleaes revert, zoya","re: l bud no charge in case | asked for photo of the bud contacts -> advised pin cleaning, cx confirmed ok. | Credited full amount, new unit also going out tomorrow. ~Krishna",helpdesk,0,3149.0,Krishna Bhatt,Email Frontline,1,VA-EB-PL2,1480,True,True,1820,4969.0,REVIEW,False,2026-02
TK-249788,2026-02-03 14:11:00,2026-02-03 15:05,2026-02-03 15:30,resolved,email,C104566,VR900270,VA-SW-NX2,Returns & Refunds,Normal,Returns Desk,A3036,0,,6174.0,GW-OTHER,N,"hi there,
ordered my nexa 2 watch 10 days ago. still waiting for my refund.
please call me on my registered number.
thank you","Contact re refund delay. Checked refund status on PG. Refund of Rs 6174 initiated to source. Cx informed. | Cx asked for rplc + rfnd, explained policy, rfnd only.",helpdesk,0,6174.0,Ritika D'Souza,Returns Desk,1,VA-SW-NX2,2450,True,False,0,0.0,RETURN-QC-OK,True,2026-02
TK-249790,2026-02-03 16:18:00,2026-02-03 16:36,2026-02-03 16:56,resolved,chat,C102329,,VA-EB-PL2,Billing & Payments,Normal,Billing,A3035,0,,350.0,GW-OTHER,N,the festive offer vanished when I clicked pay - can someone fix this?,"Ticket raised for discount not applied. chk cart eligibility. adv coupon terms, rslvd. Cx satisfied on chat.",helpdesk,0,350.0,Dev Kulkarni,Billing,1,VA-EB-PL2,1480,True,False,0,0.0,PRICE-ADJ,True,2026-02
TK-249803,2026-02-03 21:44:00,2026-02-03 22:25,2026-02-03 22:41,resolved,social,C108836,,VA-SW-NX2,Billing & Payments,Normal,Billing,A3032,0,,5199.0,GW-OTHER,N,"hi there, this is regarding nexa 2. promo code shows invalid. i tried on app & website. what do i do now? thanks & regards manish patel","1. coupon not applied
2. chk cart eligibility
3. refund approved, rs 5199, 5-7 working days ~Sneha",helpdesk,0,5199.0,Sneha Bansal,Billing,1,VA-SW-NX2,2450,True,False,0,0.0,PRICE-ADJ,True,2026-02
TK-249810,2026-02-04 07:02:00,2026-02-04 07:57,2026-02-04 08:31,resolved,social,C102226,VR901731,VA-EB-PL2,Other,Normal,Chat Frontline,A3010,0,4.0,3324.0,DOA-REPL,Y,"hello
goes from full to empty during one commute
pulse 2 buds VR901731","Ticket raised for batteyr draining fast. Checked FW 1.4.12. Replacement approved, reverse pickup arranged. Cx informed. | Cx got the amount back, also sending a new set to keep him happy. ~Tenzin",helpdesk,0,3324.0,Tenzin Mathew,Chat Frontline,1,VA-EB-PL2,1480,True,True,1820,5144.0,RETURN-QC-OK,True,2026-02
TK-249811,2026-02-04 11:06:00,2026-02-04 11:06,2026-02-04 11:35,closed,chat,C103935,VR881716,VA-EB-AIR,Delivery & Shipping,High,Logistics,A3027,0,5.0,1799.0,GW-OTHER,N,"helo
received damaged product
airlite VR881716","rplc dispatched. Issue: transit damage. Photos received, damage confirmed.",helpdesk,0,1799.0,Priya Agarwal,Logistics,1,VA-EB-AIR,760,True,False,0,0.0,DOA-REPL,True,2026-02
TK-249812,2026-02-04 11:21:00,2026-02-04 11:26,2026-02-04 11:39,resolved,chat,C104235,,VA-EB-PL2,Connectivity,Normal,Chat Frontline,A3007,0,4.0,3499.0,DOA-REPL,Y,"Hi Vireo support,
This is regarding my Pulse 2. It connects for a scond & then vanishes from the device list.
I tried on another phone. Nothing changed.
Please help.
Rgds Tarun",sorted. | rfnd done & new unit sent as one-time gesture.,helpdesk,0,3499.0,Abhishek Gupta,Chat Frontline,1,VA-EB-PL2,1480,True,True,1820,5319.0,REVIEW,False,2026-02
TK-249833,2026-02-04 18:17:00,2026-02-04 18:20,2026-02-04 18:43,resolved,chat,C104236,VR893934,VA-EB-PL1,Delivery & Shipping,Normal,Logistics,A3030,0,4.0,1250.0,GW-OTHER,N,"Hi, pulse 1 purchased 10 days ago, order VR893934. The app said pickup today, that was on 27-01-2026. I called courier. Nothing changed. PLEASE HELP.",Contact re reverse pkp pending. Checked pkp AWB. Refund of Rs 1250 initiated to source. //AIS,helpdesk,0,1250.0,Aishwarya Trivedi,Logistics,1,VA-EB-PL1,1120,True,False,0,0.0,RETURN-QC-OK,True,2026-02
TK-249853,2026-02-05 12:36:00,2026-02-05 13:55,2026-02-08 14:14,resolved,email,C104403,,VA-EB-PL2,Delivery & Shipping,Normal,Logistics,A3028,0,,700.0,GW-OTHER,N,"Dear team,
Bought Pulse 2 around October 11 from vireo.in. I haven't received my order.
Kindly look into it.","cx reached out - ord not delivered. conf address with cx. refund of rs 700 initiated to source. | offered rplc, cx preferred rfnd. rfnd processed.",helpdesk,0,700.0,Sameer Kapoor,Logistics,1,VA-EB-PL2,1480,True,False,0,0.0,LOST-TRANSIT,True,2026-02
TK-249890,2026-02-06 13:25:00,2026-02-06 19:31,2026-02-07 19:50,resolved,email,C108356,,VA-EB-PL2,Billing & Payments,High,Billing,A3035,0,,3499.0,GW-OTHER,N,"Hi Vireo support, Bought Pulse 2 around 15/01 from vireo.in. Where is the money for the return. Need this sorted this week. Thanks in advance",cx states rfnd delay. Checked reverse pkp QC status. Full rfnd processed (3499). Will monitor.,helpdesk,0,3499.0,Dev Kulkarni,Billing,1,VA-EB-PL2,1480,True,False,0,0.0,RETURN-QC-OK,True,2026-02
TK-249896,2026-02-06 15:59:00,2026-02-06 16:02,2026-02-06 16:29,resolved,chat,C105449,VR892907,VA-SP-MINI,Returns & Refunds,Normal,Returns Desk,A3036,0,,2499.0,GW-OTHER,N,"namaste,
i bought the mni speaker on 26 mar. the return was accepted but the amount is nowhere in my account.
what do i do now?
rgds","1. rfnd delay
2. Checked reverse pkp QC status
3. rfdn of Rs 2499 initiated to source. -- Money back to source and a fresh pair shipped.",helpdesk,0,2499.0,Ritika D'Souza,Returns Desk,1,VA-SP-MINI,980,True,False,0,0.0,RETURN-QC-OK,True,2026-02
TK-249897,2026-02-06 16:40:00,2026-02-06 18:40,,open,email,C101483,,VA-EB-PL1,Other,Normal,Email Frontline,A3018,0,,475.0,GW-OTHER,N,"Namaste,
Ordered the Pulse buds 10 days ago. My ordeer has not been delivered yet.
I checked with neighbours.
Nede this sorted this week.",issue: delivery delayed | checked awb with courier -> full refund processed (475) ~Krishna,helpdesk,0,475.0,Krishna Bhatt,Email Frontline,1,VA-EB-PL1,1120,True,False,0,0.0,LOST-TRANSIT,True,2026-02
TK-249912,2026-02-07 00:18:00,2026-02-07 08:36,2026-02-10 09:01,resolved,email,C102236,VR892788,VA-EB-PL2,Returns & Refunds,Normal,Returns Desk,A3037,0,,3149.0,GW-OTHER,N,pathetic experience honestly. this is regarding my pulse 2. refund not received yet. i already checked bank. fix this or i am posting on twitter.,refund of rs 3149 initiated to source. issue: refund not credited. checked refund status on pg. ~Manish,helpdesk,0,3149.0,Manish Iyer,Returns Desk,1,VA-EB-PL2,1480,True,False,0,0.0,RETURN-QC-OK,True,2026-02
TK-249931,2026-02-07 17:23:00,2026-02-07 17:28,2026-02-09 17:43,resolved,chat,C106345,,VA-EB-AIR,Returns & Refunds,Low,Returns Desk,A3028,1,,1619.0,RETURN-QC-OK,N,"Hi,
This is regarding the AirLite buds. PICKUP SCHEDULED BUT NO ONE SHOWED UP.
I RESCHEDULED PICKUP TWICE.
WAITING FOR YOUR REPLY.","contact re pickup not done. chk pickup awb. xfer to logistics. rfnd of rs 1619 initiated to source. -- cx asked for rplc + rfnd, explained policy, rfnd only.",helpdesk,0,1619.0,Sameer Kapoor,Logistics,1,VA-EB-AIR,760,True,False,0,0.0,DUP-PAYMENT,True,2026-02
TK-249952,2026-02-08 07:40:00,2026-02-08 08:49,2026-02-10 09:01,resolved,email,C104419,,VA-EB-PL2,Returns & Refunds,Normal,Returns Desk,A3038,0,,2974.0,GW-OTHER,N,"hi vireo support, i bought pulse 2 buds on 17-01-2026.  reffund was promised 19 days ago and nothing. i emailed twice. can someone fix this? rgds pooja",Cx says rfnd delay. Checked reverse pickup QC status. rfnd of Rs 2974 initiated to source.,helpdesk,0,2974.0,Ankit Dhillon,Returns Desk,1,VA-EB-PL2,1480,True,False,0,0.0,RETURN-QC-OK,True,2026-02
TK-249960,2026-02-08 10:55:00,2026-02-08 12:51,2026-02-09 13:08,resolved,voice,C103273,,VA-EB-PL2,Returns & Refunds,Normal,Returns Desk,A3038,0,,3499.0,GW-OTHER,N,"I am losing patience. Ordered the Pulse 2 earbuds last month. still waiting for my refund. I already emailed twice. I want a replacement or refund, nothing else.","1. rfnd pending
2. Checked rfnd status on PG
3. rfnd conf credited",helpdesk,0,3499.0,Ankit Dhillon,Returns Desk,1,VA-EB-PL2,1480,True,False,0,0.0,DUP-PAYMENT,True,2026-02
TK-249977,2026-02-08 19:09:00,2026-02-08 22:42,2026-02-09 23:14,resolved,email,C107084,,VA-EB-PL2,Delivery & Shipping,Low,Logistics,A3028,0,,3324.0,WTY-BUYBACK,Y,ordered pulse 2 buds 2 weeks ago. opened the parcel and it is a completely different thing. i rechecked my order. nothing changed. can someone fix this?,"cust contacted re incorrect product shipped. raised w/ warehouse. replacement approved, reverse pkp arranged. processed fr & raised rma for new set.",helpdesk,0,3324.0,Sameer Kapoor,Logistics,1,VA-EB-PL2,1480,True,True,1820,5144.0,WTY-BUYBACK,False,2026-02
TK-250008,2026-02-09 10:57:00,2026-02-09 11:58,2026-02-09 12:21,resolved,voice,C103982,VR896388,VA-EB-PL2,Returns & Refunds,High,Returns Desk,A3038,0,,3499.0,GW-OTHER,N,where is the money for the return - need this sorted this week,"Cx reported refund not credited. Checked reverse pkp QC status. Refund of Rs 3499 initiated to source. Offered replacement, cx preferred refund. Refund processed.",helpdesk,0,3499.0,Ankit Dhillon,Returns Desk,1,VA-EB-PL2,1480,True,False,0,0.0,RETURN-QC-OK,True,2026-02
TK-250022,2026-02-09 20:34:00,2026-02-09 20:39,2026-02-09 21:22,resolved,chat,C104086,,VA-EB-PL2,Charging & Battery,Normal,Chat Frontline,A3005,0,,3324.0,GW-OTHER,Y,"To the Vireo Customer Care Team,

I am writing w/ reference to my order of Pulse2 placed on October 21. The case has been at the same battery level for a week. I have tried wireless charging pad. I request you to provide a resolution within 3 working days.

Sincerely,
Arjun Shah","Cx reported caase not charging. Checked for lint in port. adv porrt cleaning, rslvd. -- Full refund issued & replacement dispatched as goodwill.",helpdesk,0,3324.0,Payal Bhatia,Chat Frontline,1,VA-EB-PL2,1480,True,True,1820,5144.0,DOA-REPL,True,2026-02
TK-250044,2026-02-10 18:16:00,2026-02-10 18:26,2026-02-10 18:45,resolved,chat,C100535,,VA-EB-AIR,Charging & Battery,High,Chat Frontline,A3036,2,,1619.0,GW-OTHER,N,the charging case is not charging,"Customer reached out - case not charging. Checked for lint in port. xfer to Returns Desk. adv prt cleaning, rslvd. Case closed with cx consent. (SOP 5.4)
Issued refund + replacement both, TL aware.",helpdesk,0,1619.0,Ritika D'Souza,Returns Desk,1,VA-EB-AIR,760,True,False,0,0.0,DOA-REPL,True,2026-02
TK-250085,2026-02-12 10:28:00,2026-02-12 10:32,2026-02-13 10:55,resolved,social,C104357,VR884337,VA-SW-NX2,Returns & Refunds,Normal,Returns Desk,A3037,0,3.0,6174.0,RETURN-QC-OK,N,"pathetic experience honestly.  i bouhgt my nexa 2 wtach on 19/01. the return was accepted but the amount is nowhere in my account. i already emailed twice. i want a replacement or refund, nothing else.","1. refund pending
2. checked refund status on pg
3. refund of rs 6174 initiated to source ~Manish",helpdesk,0,6174.0,Manish Iyer,Returns Desk,1,VA-SW-NX2,2450,True,False,0,0.0,DUP-PAYMENT,True,2026-02
TK-250094,2026-02-12 14:37:00,2026-02-12 15:00,2026-02-12 15:18,resolved,email,C105517,VR882222,VA-SP-MINI,Billing & Payments,Normal,Billing,A3035,0,3.0,2124.0,GW-OTHER,N,"Very poor quality. This is regarding Orbit Mini. my son ordered this without asking, please reverse. I already tred cncel button, grreyed out. Refund. Now.",Cx says cancellation request. Cancelled before dispatch. rfnd of Rs 2124 initiated to source. Follow-up not required.,helpdesk,0,2124.0,Dev Kulkarni,Billing,1,VA-SP-MINI,980,True,False,0,0.0,CANCEL,True,2026-02
TK-250108,2026-02-12 23:03:00,2026-02-13 01:03,2026-02-13 01:17,resolved,email,C105545,VR903241,VA-SP-MINI,Billing & Payments,High,Billing,A3029,1,4.0,319.0,GW-OTHER,N,"Ordered Orbit Mini around Diwali. Ordered the wrong colour, don't ship it.
I tried cancel button, greyed out. Nothing changed.
I have been a loyal customer and this is how u treat me.
Need this sorted this week.
Thanks in advance",refunded rs 319. issue: order cancellation. cancelled before dispatch. via logistics. -RM,helpdesk,0,319.0,Rajat Mukherjee,Logistics,1,VA-SP-MINI,980,True,False,0,0.0,CANCEL,True,2026-02
TK-250120,2026-02-13 12:55:00,2026-02-14 03:22,2026-02-14 03:35,resolved,social,C109058,,VA-EB-AIR,Returns & Refunds,Normal,Returns Desk,A3037,0,,270.0,GW-OTHER,N,"hi
still waiting for my refund
airlite","1. refund delay
2. checked refund status on pg
3. refunded rs 270.
refund issued; rplc not applicable (out of stock). ~Manish",helpdesk,0,270.0,Manish Iyer,Returns Desk,1,VA-EB-AIR,760,True,False,0,0.0,RETURN-QC-OK,True,2026-02
TK-250140,2026-02-13 22:35:00,2026-02-13 22:37,2026-02-13 23:06,resolved,chat,C105978,,VA-EB-PL2,Billing & Payments,High,Billing,A3033,0,3.0,3499.0,GW-OTHER,N,"double payment deducted, what do i do now?",cx reported charged twice. confirmed utrs. refunded rs 3499.,helpdesk,0,3499.0,Vikram Banerjee,Billing,1,VA-EB-PL2,1480,True,False,0,0.0,DUP-PAYMENT,True,2026-02
TK-250155,2026-02-14 15:36:00,2026-02-14 15:38,2026-02-15 16:03,resolved,chat,C104549,VR885047,VA-EB-PL2,Returns & Refunds,Low,Returns Desk,A3036,0,3.0,2799.0,GW-OTHER,N,"Daer Sir/Madam,
This is regarding my Pulse 2. Still waiting for my refund.
Please help.
Regards, Saanvi Goyal",issue: refund pending | chk reverse pickup qc status -> full refund processed (2799),helpdesk,0,2799.0,Ritika D'Souza,Returns Desk,1,VA-EB-PL2,1480,True,False,0,0.0,RETURN-QC-OK,True,2026-02
TK-250207,2026-02-16 01:25:00,2026-02-16 01:37,2026-02-24 08:09,resolved,chat,C109308,VR887285,VA-SP-ORB,Warranty & Repair,Normal,Escalations & Warranty,A3039,0,4.0,5099.0,DOA-REPL,N,"dear sir/madam,

i am writing w/ reference to my order of the orbit smart speaker (vr887285) placed on november 22. service centre took it, now silence. i have called service centre. i request u to provide a resolution within 3 working days.

sincerely,
ritika d'souza","refund approved, rs 5099, 5-7 working days. issue: warranty claim status. followed up with service centre. -- money back to source and a fresh pair shipped. ~Reyansh",helpdesk,0,5099.0,Reyansh Mishra,Escalations & Warranty,2,VA-SP-ORB,2300,True,False,0,0.0,WTY-BUYBACK,True,2026-02
TK-250209,2026-02-16 07:03:00,2026-02-16 07:06,2026-02-18 07:28,resolved,chat,C106223,VR898060,VA-EB-PL2,Other,Normal,Chat Frontline,A3007,0,5.0,2974.0,GW-OTHER,N,"Hi, I bought Pulse2 on February 13. Order not delivered, tracking not updating. I called the courier. Nothing changed. Pathetic experience honestly. Need this sorted this week. Thanks Tenzin","closed. rfnd + rplc, cx escalation avoided.",helpdesk,0,2974.0,Abhishek Gupta,Chat Frontline,1,VA-EB-PL2,1480,True,False,0,0.0,LOST-TRANSIT,True,2026-02
TK-250234,2026-02-16 16:09:00,2026-02-17 05:40,2026-02-17 06:07,resolved,email,C101865,,VA-SW-NX2,Returns & Refunds,Normal,Returns Desk,A3038,0,3.0,5524.0,DOA-REPL,Y,"Hello, I bought Nexa 2 on 27-01-2026. You picked up the item 17 days ago and my money hasn't come back. I checked bank. Nothing changed. Need this sorted this week. Rgds, Shreya","1. Refund not credited
2. chk reverse pickup QC status
3. Refund approved, Rs 5524, 5-7 working days.
Both refund and replacement given as cx threatened social media.",helpdesk,0,5524.0,Ankit Dhillon,Returns Desk,1,VA-SW-NX2,2450,True,True,2790,8314.0,RETURN-QC-OK,True,2026-02
TK-250251,2026-02-16 22:32:00,2026-02-17 06:43,2026-02-17 06:53,resolved,email,C108958,,VA-EB-PL2,Product Enquiry,Normal,Email Frontline,A3020,0,,2799.0,GW-OTHER,N,"Hello Vireo, Got the Pulse 2 earbuds from Flipkart last month.  Your ad said 20% off and the cart says full price. I tried in caps. I want a replacement. Rgds Sai Banerjee",ticket raised for promo code invalid. chk cart eligibility. refund of rs 2799 initiated to source.,helpdesk,0,2799.0,Aadhya Singh,Email Frontline,1,VA-EB-PL2,1480,True,False,0,0.0,PRICE-ADJ,True,2026-02
TK-250314,2026-02-18 15:59:00,2026-02-18 18:10,2026-02-21 18:31,resolved,email,C108856,VR907973,VA-SW-NX2,Returns & Refunds,Normal,Returns Desk,A3036,0,4.0,6499.0,RETURN-QC-OK,N,"To the Vireo Customer Care Team,

I am writing with reference to my order of the Nexa 2 (VR907973) placed on 28/12. The return was accpeted but the amount is nowhere in my account. I have emailed twice. I request you to kindly arrange a replacement.

Regards,
Faisal Kulkarni
Noida",Cusstomer reached out - rfnd pending. Checked rfnd status on PG. Full rfnd processed (6499). Case closed w/ cx consent. (SOP 3.1) Refund issued; rplc not applicable (out of stock).,helpdesk,0,6499.0,Ritika D'Souza,Returns Desk,1,VA-SW-NX2,2450,True,False,0,0.0,DUP-PAYMENT,True,2026-02
TK-250345,2026-02-19 11:18:00,2026-02-19 11:20,2026-02-19 11:39,resolved,chat,C109063,VR886780,VA-SW-FIT,Delivery & Shipping,Normal,Logistics,A3028,0,,1899.0,GW-OTHER,N,"hi vireo support, bought nexa fit around february 12 from amazon. tracking has said out for delivery for a week now. please call me on my registered number. regards","cx reached out - dlvry delayed. raised ticket w/ courier partner. refund approved, rs 1899, 5-7 working days.",helpdesk,0,1899.0,Sameer Kapoor,Logistics,1,VA-SW-FIT,850,True,False,0,0.0,LOST-TRANSIT,True,2026-02
TK-250359,2026-02-19 18:38:00,2026-02-19 18:51,2026-02-21 19:42,resolved,voice,C101342,VR881833,VA-EB-PL1,Other,Low,Voice Frontline,A3026,0,4.0,1999.0,GW-OTHER,Y,[IVR transcript] honestly regrettting this purchase. bougth the pulse buds arround 30 dec from flipkart. i sent the unnit in 13 days ago and have heard nothing. i already emailed twice. refund. now.,"issue: wty claim status | followed up w/ service centre -> repair completed, shipped back. Processed FR & raised RMA for new set. //AAD",helpdesk,0,1999.0,Aadhya Deshpande,Voice Frontline,1,VA-EB-PL1,1120,True,True,1460,3459.0,WTY-BUYBACK,True,2026-02
TK-250370,2026-02-19 22:49:00,2026-02-20 01:17,2026-02-20 01:37,resolved,social,C105384,VR901768,VA-EB-PL2,Connectivity,High,Chat Frontline,A3016,0,4.0,3149.0,GW-OTHER,Y,"hi
cannot pair my pulse 2 w/ my laptop
my pulse 2 VR901768","Cx says unable to pair with phone. Checked phone OS version. Re-pair successful, resolved on chat. (SOP 4.2)
Refund processed to source; replacement unit also shipped. -TK",helpdesk,0,3149.0,Thomas Kumar,Email Frontline,1,VA-EB-PL2,1480,True,True,1820,4969.0,REVIEW,False,2026-02
TK-250375,2026-02-20 10:37:00,2026-02-20 14:16,2026-02-23 14:39,closed,social,C108179,VR905037,VA-SW-NX2,Returns & Refunds,Normal,Returns Desk,A3036,0,3.0,2924.0,RETURN-QC-OK,N,"Product: Nexa 2
Order: VR905037
Purchased: February 10
Issue: the app said pickup today, thhat was on February 10
Tried: rescheduled pickup twice
Expected: callback","Ticket raised for pickup missed. Checekd pickup AWB. Refund approved, Rs 2924, 5-7 working days. Case closed with cx consent.",helpdesk,0,2924.0,Ritika D'Souza,Returns Desk,1,VA-SW-NX2,2450,True,False,0,0.0,DUP-PAYMENT,True,2026-02
TK-250422,2026-02-21 15:18:00,2026-02-21 18:38,2026-02-21 18:57,resolved,social,C103997,VR887607,VA-SW-NX1,Billing & Payments,High,Billing,A3035,0,5.0,4999.0,GW-OTHER,N,"Hi team, I bought Nexa watch on 20-02-2026. Two entries of Rs 2499 on my statement for one pair of earbuds. I waited a week. Please call me on my registred number. Please revert Abhishek Mittal",Cust contacted re double charge. conf UTRs. Full rfnd processed (4999). Cx satisfied on chat.,helpdesk,0,4999.0,Dev Kulkarni,Billing,1,VA-SW-NX1,1900,True,False,0,0.0,DUP-PAYMENT,True,2026-02
TK-250428,2026-02-21 17:02:00,2026-02-21 17:03,2026-02-24 17:32,closed,chat,C105922,VR887572,VA-AC-CH65,Delivery & Shipping,Normal,Logistics,A3030,0,,1274.0,GW-OTHER,N,"paid on 18/02, still waiting for something to show up - VR887572 - waiting for your reply","Customer reached out - shipment not received. Checked AWB with courier. RTO confirmed, reshipped. rfnd processed to source; replacement unit also shipped. //AIS",helpdesk,0,1274.0,Aishwarya Trivedi,Logistics,1,VA-AC-CH65,610,True,False,0,0.0,LOST-TRANSIT,True,2026-02
TK-250471,2026-02-22 20:19:00,2026-02-22 20:48,,open,voice,C105862,VR886378,VA-HP-ST3,Warranty & Repair,Normal,Escalations & Warranty,A3042,0,,5949.0,GW-OTHER,N,"hii
service centre took it, now silence
pls reply",issue: warranty claim status | checked rma status -> rfnd of rs 5949 initiated to source,helpdesk,0,5949.0,Swati Bhatia,Escalations & Warranty,2,VA-HP-ST3,2650,True,False,0,0.0,WTY-BUYBACK,True,2026-02
TK-250489,2026-02-23 17:42:00,2026-02-23 19:00,2026-02-26 19:18,resolved,voice,C106605,VR884809,VA-EB-PL1,Returns & Refunds,High,Returns Desk,A3036,0,,500.0,GW-OTHER,N,the return was accepted but the amonut is nowhere in my account - VR884809 - please advise,Cx reported refund pending. Checked reveerse pickup QC status. Reffund of Rs 500 initiated to source. Follow-up not required.,helpdesk,0,500.0,Ritika D'Souza,Returns Desk,1,VA-EB-PL1,1120,True,False,0,0.0,RETURN-QC-OK,True,2026-02
TK-250499,2026-02-23 20:42:00,2026-02-23 20:49,2026-02-23 21:13,resolved,chat,C105451,,VA-EB-AIR,Connectivity,Normal,Chat Frontline,A3005,0,,1439.0,GW-OTHER,Y,"dear sir/madam,

i am writing wtih reference to my order of the airlite buds placed on 10 feb. cannoot pair the airlite buds with my laptop. i have tried on another phone. i request you to process a refund to my original payment method.

yours faithfully,
ananya sethi","Contact re pairing failure. Asked cx to reset the device. Reset done, paired ok. | Money back to source and a fresh pair shipped.",helpdesk,0,1439.0,Payal Bhatia,Chat Frontline,1,VA-EB-AIR,760,True,True,1100,2539.0,WTY-BUYBACK,True,2026-02
TK-250542,2026-02-25 09:13:00,2026-02-25 09:18,2026-02-28 09:45,resolved,chat,C103265,VR885641,VA-EB-PL2,Returns & Refunds,Normal,Returns Desk,A3037,0,,3149.0,RETURN-QC-OK,N,REFUND NOT RECEIVED YET - VR885641 - PLEASE HELP,full rfnd processed (3149). issue: rfnd pending. checked rfnd status on pg. ~Manish,helpdesk,0,3149.0,Manish Iyer,Returns Desk,1,VA-EB-PL2,1480,True,False,0,0.0,LOST-TRANSIT,True,2026-02
TK-250576,2026-02-26 10:12:00,2026-02-26 12:10,2026-03-03 12:23,resolved,email,C100994,VR887988,VA-AC-CBL,Other,Low,Email Frontline,A3022,0,3.0,319.0,DOA-REPL,Y,"to the vireo customer care team,

i am writing w/ reference to my order of usb-c cable (vr887988) placed on 13-02-2026. it has been 19 days and i have nothing in hand. i have checked the tracking page daily. i request u to process a refund to my original payment method.

regards,
nikhil agarwal","Customer states shipment not received. Checked AWB w/ courier. RTO confirmed, reshipped.
Refund done & new unit sent as one-time gesture.",helpdesk,0,319.0,Daniel Arora,Email Frontline,1,VA-AC-CBL,90,True,True,430,749.0,LOST-TRANSIT,True,2026-02
TK-250580,2026-02-26 11:00:00,2026-02-26 12:16,2026-02-27 12:39,resolved,email,C101455,VR889252,VA-SW-NX2,Delivery & Shipping,Normal,Logistics,A3027,0,,12348.0,GW-OTHER,N,"hii
got a different colour than ordered
my nexa 2 watch VR889252
pls reply","1. Incorrect product shipped
2. Raised with warehouse
3. rfnd approved, Rs 12348, 5-7 working days. Offered replacement, cx preferred refund. Refund processed.",helpdesk,0,12348.0,Priya Agarwal,Logistics,1,VA-SW-NX2,2450,True,False,0,0.0,PRICE-ADJ,True,2026-02
TK-250584,2026-02-26 11:43:00,2026-02-26 13:14,2026-02-26 13:32,resolved,email,C104183,VR881994,VA-SW-NX2,Connectivity,Low,Email Frontline,A3021,0,4.0,6499.0,DOA-REPL,N,"Hi, Order VR881994 (the Nexa 2). Not pairing with my phone. Please help. Regards,","issue: device not discoverable | walked through forget + re-pair -> re-pair successful, rslvd on chat.
rfnd processed to source; rplc unit also shipped. ~Meera",helpdesk,0,6499.0,Meera Mathew,Email Frontline,1,VA-SW-NX2,2450,True,False,0,0.0,WTY-BUYBACK,True,2026-02
TK-250592,2026-02-26 14:38:00,2026-02-26 21:37,2026-02-28 21:59,resolved,email,C108818,VR907471,VA-HP-ST2,Returns & Refunds,Normal,Returns Desk,A3036,0,5.0,4749.0,RETURN-QC-OK,N,"Hello, Got my Strata 2 headphones from Amazon around Diwali. The app said pickup today, that was on 07-02-2026. I rescheduled pickup twice. I want my money back. Please revert Dev","Customer states reverse pkp pending. Re-raised pkp w/ courier. pkp done, refund initiated. Cx informed. | Refunded. Replacement request rejected as per policy.",helpdesk,0,4749.0,Ritika D'Souza,Returns Desk,1,VA-HP-ST2,2100,True,False,0,0.0,DUP-PAYMENT,True,2026-02
TK-250604,2026-02-26 19:28:00,2026-02-26 21:06,2026-02-26 21:20,resolved,chat,C106866,,VA-EB-PL2,Delivery & Shipping,Normal,Logistics,A3021,1,,3499.0,GW-OTHER,N,"cancel order 
please resolve asap","1. ord cancellation
2. Cancelled before dispatch
3. xfer to Email Frontline
4. Full rfnd processed (3499) ~Meera",helpdesk,0,3499.0,Meera Mathew,Email Frontline,1,VA-EB-PL2,1480,True,False,0,0.0,CANCEL,True,2026-02
TK-250608,2026-02-26 21:24:00,2026-02-26 21:45,2026-02-26 22:11,resolved,voice,C101467,VR898000,VA-NB-ARC,Billing & Payments,Normal,Billing,A3035,0,4.0,247.0,GW-OTHER,N,"paid once, statement disagrees
VR898000
kindly look into it",Contact re chargged twice. chk PG for duplicate txn. rfnd of Rs 247 initiated to source. Cx satisfied on chat.,helpdesk,0,247.0,Dev Kulkarni,Billing,1,VA-NB-ARC,540,True,False,0,0.0,DUP-PAYMENT,True,2026-02
TK-250624,2026-02-27 10:16:00,2026-02-27 10:18,2026-03-02 12:23,resolved,chat,C107407,VR909946,VA-EB-AIR,Warranty & Repair,Normal,Escalations & Warranty,A3039,0,,1619.0,GW-OTHER,N,I am losing patience.  This is regarding airlite earbuds. I sent the unit in 8 days ago and have heard nothing. I already emailed twice. This is the last tmie I buy from you.,"cx: rma status query | checked rma status -> replacement raised, rma shared with cx (sop 4.2) | issued refund + replacement both, tl aware. ~Reyansh",helpdesk,0,1619.0,Reyansh Mishra,Escalations & Warranty,2,VA-EB-AIR,760,True,False,0,0.0,WTY-BUYBACK,True,2026-02
TK-250626,2026-02-27 12:07:00,2026-02-27 12:11,2026-02-27 12:44,resolved,chat,C105242,VR906022,VA-AC-CASE,Billing & Payments,Normal,Billing,A3033,0,3.0,1299.0,GW-OTHER,N,"refund not recieved yet, VR906022, need this sorted this week","1. refund not credited
2. checked refund status on pg
3. full refund processed (1299)",helpdesk,0,1299.0,Vikram Banerjee,Billing,1,VA-AC-CASE,620,True,False,0,0.0,RETURN-QC-OK,True,2026-02
TK-250633,2026-02-27 14:27:00,2026-02-27 14:44,2026-02-27 15:14,resolved,voice,C108561,,VA-SW-FIT,Connectivity,Normal,Voice Frontline,A3026,0,4.0,1699.0,GW-OTHER,Y,"hi
pairing is not working
hello??","issue: device not discoverable | walked through forget + re-pair -> adv fw update via app, rslvd.
Money back to source & a fresh pair shipped. //AAD",helpdesk,0,1699.0,Aadhya Deshpande,Voice Frontline,1,VA-SW-FIT,850,True,True,1190,2889.0,DOA-REPL,True,2026-02
TK-250681,2026-03-01 07:19:00,2026-03-01 09:52,2026-03-01 10:15,closed,email,C101534,,VA-AC-CASE,Returns & Refunds,Normal,Returns Desk,A3037,0,3.0,2078.0,RETURN-QC-OK,N,"Dear team,
I bought spare cse on 13/02.  Packed teh box a week ago and it's still here.
I reschedulled pickup twice. Nothing changed.
Please advise.
Thanks Riya Shah","1. pickup missed
2. chk pickup awb
3. full rfnd processed (2078) ~Manish",helpdesk,0,2078.0,Manish Iyer,Returns Desk,1,VA-AC-CASE,620,True,False,0,0.0,DUP-PAYMENT,True,2026-03
TK-250694,2026-03-01 14:47:00,2026-03-02 01:06,2026-03-02 01:44,resolved,email,C104336,,VA-EB-AIR,Charging & Battery,Normal,Email Frontline,A3003,0,3.0,1799.0,DOA-REPL,Y,"Dear Sir/Madam,

I am writing with reference to my order of AirLite placed on 23/12. Left bud won't charge even after keeping it in the caes overnight. I hvae did the reset from the manual. I request you to look into this matter at the earliest.

Sincerely,
Komal Tiwari
Pune","Cx reported L bud no carge in case. Confirmed FW 3.1.2. Reset rslvd, cx confirmeed left bud charging. Cx satisfied on chat. (SOP 4.2) | Issued rfnd + replacement both, TL aware. -KS",helpdesk,0,1799.0,Komal Singh,Chat Frontline,1,VA-EB-AIR,760,True,True,1100,2899.0,DOA-REPL,False,2026-03
TK-250701,2026-03-01 20:06:00,2026-03-01 20:36,,pending,voice,C102295,VR899037,VA-EB-PL1,Charging & Battery,Normal,Voice Frontline,A3010,1,3.0,2249.0,GW-OTHER,Y,"hi team, pulse earbuds purchased recently, order vr899037.  only the right one lights up when i put them in the case. i did the reset from the manual. nothing changed. waiting for your reply. regards,","l bud no charge in case | asked cx to clean charing pins -> reset resolved, cx conf left bud charging | xfer chat frontline. -- refund + rplc, cx escalation avoided. ~Tenzin",helpdesk,0,2249.0,Tenzin Mathew,Chat Frontline,1,VA-EB-PL1,1120,True,True,1460,3709.0,REVIEW,False,2026-03
TK-250703,2026-03-01 20:58:00,2026-03-01 21:00,2026-03-01 21:25,resolved,chat,C109338,VR909721,VA-EB-PL1,Audio Quality,Normal,Chat Frontline,A3009,0,,2374.0,GW-OTHER,N,"bhai
microphone is very low on teh pulse earbuds
pls jldi
pulse earbuds",cx states mic not working on calls. Tested on call w/ cx. Refunded Rs 2374. //SUK,helpdesk,0,2374.0,Sukhwinder Singh,Chat Frontline,1,VA-EB-PL1,1120,True,False,0,0.0,DOA-REPL,True,2026-03
TK-250704,2026-03-01 21:26:00,2026-03-01 21:29,2026-03-01 21:53,resolved,chat,C106779,,VA-SP-MINI,Delivery & Shipping,Normal,Logistics,A3030,0,,1999.0,WTY-BUYBACK,Y,"hi
order status stuck on sipped since 28 feb
kindly do the needful","Cx says order not delivered. Raised ticket w/ crr partner. crr confirmed delivery for 03 Mar, cx informed. | rfnd + rplc, cx escalation avoided. //AIS",helpdesk,0,1999.0,Aishwarya Trivedi,Logistics,1,VA-SP-MINI,980,True,True,1320,3319.0,LOST-TRANSIT,True,2026-03
TK-250720,2026-03-02 13:50:00,2026-03-02 15:19,2026-03-02 15:46,resolved,email,C101594,,VA-HP-ST3,Billing & Payments,High,Billing,A3035,0,,5599.0,GW-OTHER,N,"To the Vireo Customer Care Team,

I am writing with reference to my order of Strata 3 placed on February 25. The return was accepted but the amount is nowhere in my account. I have emailed twice. I REQUEST YOU TO PROCESS A REFUND TO MY ORIGINAL PAYMENT METHOD.

SINCERELY,
VIVAAN GUPTA",Full rfnd processed (5599). Issue: rfnd delay. Checed reverse pkp QC status.,helpdesk,0,5599.0,Dev Kulkarni,Billing,1,VA-HP-ST3,2650,True,False,0,0.0,RETURN-QC-OK,True,2026-03
TK-250722,2026-03-02 14:34:00,2026-03-02 18:47,2026-03-04 19:15,resolved,email,C104764,VR891655,VA-EB-PL2,Delivery & Shipping,Normal,Logistics,A3030,0,,560.0,GW-OTHER,N,"dera team,
ordered my pulse 2 last week. i haven't recieved my order.
please help.","1. Shipment not rcvd
2. Raised ticket with courier partner
3. RTO conf, reshipped //AIS",helpdesk,0,560.0,Aishwarya Trivedi,Logistics,1,VA-EB-PL2,1480,True,False,0,0.0,LOST-TRANSIT,True,2026-03
TK-250745,2026-03-02 22:10:00,2026-03-02 22:12,2026-03-05 22:26,resolved,chat,C106402,VR907531,VA-EB-PL1,Returns & Refunds,Normal,Returns Desk,A3037,0,,500.0,RETURN-QC-OK,N,"product: my pulse
order: vr907531
purchased: 22 feb
issue: packed the box a week ago and it's still here
tried: rescheduled pickup twice
expected: refund","refund of rs 500 initiated to source. issue: reverse pkp pending. re-raised pkp with courier. -- replacement was offered earlier by chat team, cx opted for rfnd. ~Manish",helpdesk,0,500.0,Manish Iyer,Returns Desk,1,VA-EB-PL1,1120,True,False,0,0.0,DUP-PAYMENT,True,2026-03
TK-250754,2026-03-03 05:35:00,2026-03-03 06:08,2026-03-04 06:23,resolved,email,C104223,VR903080,VA-EB-PL2,Returns & Refunds,Normal,Returns Desk,A3038,0,,5598.0,GW-OTHER,N,"To the Vireo Customer Care Team,

I am writing with reference to my order of Pules 2 (VR903080) placed on February 27.  Nobody came for the pickup. I have called courier. I request you to kindly arrange a replacement.

Sincerely,
Isha Mehta
Delhi","1. Reverse pickup pending
2. Checked pickup AWB
3. Refund approved, Rs 5598, 5-7 working days",helpdesk,0,5598.0,Ankit Dhillon,Returns Desk,1,VA-EB-PL2,1480,True,False,0,0.0,RETURN-QC-OK,True,2026-03
TK-250758,2026-03-03 08:11:00,2026-03-03 10:06,2026-03-03 10:24,resolved,social,C106402,VR907531,VA-EB-PL1,Other,Normal,Chat Frontline,A3007,0,,500.0,GW-OTHER,N,"dear sir/madam,

i am writing w/ reference to my order of pulse 1 (vr907531) placed on 22 feb.  please cancel, ordered by mistake. i have tried cancel button, greyed out. i request u to kindly arrange a replacement.

regards,
megha bansal",cx reported cancel order. cancelled before dispatch. rfnd of rs 500 initiated to source.,helpdesk,0,500.0,Abhishek Gupta,Chat Frontline,1,VA-EB-PL1,1120,True,False,0,0.0,CANCEL,True,2026-03
TK-250792,2026-03-04 09:19:00,2026-03-04 09:27,2026-03-06 09:44,resolved,voice,C105704,VR899230,VA-AC-CASE,Returns & Refunds,Normal,Returns Desk,A3002,1,,156.0,RETURN-QC-OK,N,I am losing patience. Got spare case from Amazon a month ago. whee is the money for the return. I already emailed twice. Fix this or I am posting on twitter,cx: refund pending | checked refund status on pg -> refund of rs 156 initiated to source | xfer chat frontline,helpdesk,0,156.0,Steven Ansari,Chat Frontline,1,VA-AC-CASE,620,True,False,0,0.0,DUP-PAYMENT,True,2026-03
TK-250813,2026-03-05 09:39:00,2026-03-05 09:42,2026-03-05 09:59,resolved,chat,C101845,,VA-SW-NX2,Other,Normal,Chat Frontline,A3010,0,,926.0,GW-OTHER,N,"hii
want to cancel my order
my nexa 2 watch",re: cancel order | checked shipment status -> rfnd of rs 926 initiated to source ~Tenzin,helpdesk,0,926.0,Tenzin Mathew,Chat Frontline,1,VA-SW-NX2,2450,True,False,0,0.0,CANCEL,True,2026-03
TK-250823,2026-03-05 20:00:00,2026-03-05 20:38,2026-03-06 21:01,resolved,voice,C102550,,VA-SP-MINI,Billing & Payments,Normal,Billing,A3035,0,,1999.0,GW-OTHER,N,[IVR transcript] I AM LOSING PATIENCE.  Bought Orbit Mini around 23 Feb from vireo.in. refund not received yet. I already emailed twice. Refund. Now,Contact re rfnd not credited. chk rfnd status on PG. rfnd confirmed credited. Closing.,helpdesk,0,1999.0,Dev Kulkarni,Billing,1,VA-SP-MINI,980,True,False,0,0.0,RETURN-QC-OK,True,2026-03
TK-250827,2026-03-05 21:41:00,2026-03-05 22:09,2026-03-05 22:37,resolved,social,C104620,,VA-EB-PL1,Charging & Battery,Normal,Chat Frontline,A3016,0,5.0,1999.0,DOA-REPL,Y,"batteery drains very fast, barely lasts 2 hours. please resolve asap","Contact re battery draining fast. Advised disabling ANC/AOD to test. Advised settings change, cx satisfied. (SOP 4.2) | Amount returned to card; fresh unit shipped from BLR warehouse. -TK",helpdesk,0,1999.0,Thomas Kumar,Email Frontline,1,VA-EB-PL1,1120,True,True,1460,3459.0,WTY-BUYBACK,True,2026-03
TK-250833,2026-03-06 08:56:00,2026-03-06 11:22,2026-03-08 11:41,resolved,email,C101634,VR891600,VA-SW-FIT,Delivery & Shipping,Normal,Logistics,A3029,0,,1999.0,WTY-BUYBACK,Y,"not acceptable at this price. ordered the fit band in february. paid on 28/02, still waiting for something to show up. i already checked w/ neighbours. fix this or i am posting on twitter.","refund initiated as lost in transit. issue: delivery delayed. checked awb with courier.
sent a new unit and released the money as well, cx was in tears on call. -RM",helpdesk,0,1999.0,Rajat Mukherjee,Logistics,1,VA-SW-FIT,850,True,True,1190,3189.0,LOST-TRANSIT,True,2026-03
TK-250880,2026-03-07 11:19:00,2026-03-07 13:30,2026-03-07 13:44,resolved,email,C109473,VR898548,VA-EB-PL2,Other,Normal,Email Frontline,A3021,0,5.0,525.0,GW-OTHER,N,"change of mind, pls stop the shipment - VR898548 - pls advise",Ticket raised for cancel order. Checked shipment status. rfnd of Rs 525 initiated to source. ~Meera,helpdesk,0,525.0,Meera Mathew,Email Frontline,1,VA-EB-PL2,1480,True,False,0,0.0,CANCEL,True,2026-03
TK-250886,2026-03-07 13:14:00,2026-03-07 16:30,2026-03-15 18:02,resolved,email,C100155,VR900202,VA-SW-NX2,Warranty & Repair,Normal,Escalations & Warranty,A3041,0,5.0,12348.0,GW-OTHER,Y,"watch strap broke within a month, i want a replacement","1. Strap pin issue
2. Asked for photo
3. Escalated to wty. | Sent a new unit and released the money as well, cx was in tears on call.",helpdesk,0,12348.0,Mohammed Mehta,Escalations & Warranty,2,VA-SW-NX2,2450,True,True,2790,15138.0,REVIEW,False,2026-03
TK-250891,2026-03-07 19:48:00,2026-03-07 20:41,2026-03-07 21:21,resolved,social,C104147,VR898389,VA-SW-FIT,Billing & Payments,Normal,Billing,A3035,0,,3198.0,GW-OTHER,N,I was charged twice for one order,Ticket raised for duplicate payment. chk PG for duplicate txn. Full refund processed (3198). Case closed w/ cx consent.,helpdesk,0,3198.0,Dev Kulkarni,Billing,1,VA-SW-FIT,850,True,False,0,0.0,DUP-PAYMENT,True,2026-03
TK-250906,2026-03-08 16:02:00,2026-03-08 16:04,2026-03-10 16:21,closed,chat,C105672,VR892272,VA-SP-ORB,Delivery & Shipping,Normal,Logistics,A3030,0,3.0,5999.0,GW-OTHER,N,"To the Vireo Customer Care Team,

I am writing wiht reference to my order of my Orbit (VR892272) placed on 25/02. It has been 9 days and I have nothing in hand. I have checked the tarcking page daily. I request you to procses a refund to my original payment method.

Sincerely,
Karan Malhotra","Reported: delivery delayed. Confirmed address with cx. RTO confirmed, reshipped.
Refund done and new unit sent as one-time gesture. //AIS",helpdesk,0,5999.0,Aishwarya Trivedi,Logistics,1,VA-SP-ORB,2300,True,False,0,0.0,LOST-TRANSIT,True,2026-03
TK-250948,2026-03-10 08:25:00,2026-03-10 08:28,2026-03-11 13:41,resolved,chat,C100251,,VA-EB-PL1,Warranty & Repair,Low,Escalations & Warranty,A3039,0,,2499.0,GW-OTHER,N,"hi
no update on my repair
help","warranty claim status | followed up with service centre -> refund approved, rs 2499, 5-7 working days (sop 5.4) replacement declined by cx, refund issued instead. ~Reyansh",helpdesk,0,2499.0,Reyansh Mishra,Escalations & Warranty,2,VA-EB-PL1,1120,True,False,0,0.0,WTY-BUYBACK,True,2026-03
TK-250974,2026-03-11 06:44:00,2026-03-11 06:46,2026-03-14 07:09,resolved,chat,C107176,,VA-EB-PL2,Delivery & Shipping,Normal,Logistics,A3028,0,,3499.0,GW-OTHER,Y,"BHAI
PACKAGE NOT DELIVERED EVEN AFTER 8 DAYS
THE PULSE 2 EARUBDS","cx says order not delivered. raised ticket with crr partner. replacement raised, rma shared with cx. -- both rfnd and rplc given as cx threatened social media.",helpdesk,0,3499.0,Sameer Kapoor,Logistics,1,VA-EB-PL2,1480,True,True,1820,5319.0,LOST-TRANSIT,True,2026-03
TK-250977,2026-03-11 10:25:00,2026-03-11 10:27,2026-03-11 10:55,resolved,chat,C107855,VR882817,VA-EB-PL2,Audio Quality,Normal,Chat Frontline,A3006,0,4.0,3499.0,GW-OTHER,Y,"helo
no sound from the right earbud
hello??","reset resolved. issue: right side silent. checked balance settings with cx.
issued refund + replacement both, tl aware. -VB",helpdesk,0,3499.0,Varun Bhatt,Chat Frontline,1,VA-EB-PL2,1480,True,True,1820,5319.0,REVIEW,False,2026-03
TK-250988,2026-03-11 15:44:00,2026-03-11 15:48,2026-03-11 15:56,resolved,chat,C107481,,VA-SW-NX2,Delivery & Shipping,Normal,Logistics,A3030,0,,6174.0,GW-OTHER,N,"product: the nexa 2
order: vr888103
purchased: march 10
issue: cancel order 
tried: tried cancel button, greyed out
expected: resolution","1. Cancellation request
2. Cancelled before dispatch
3. Refunded Rs 6174 //AIS",helpdesk,0,6174.0,Aishwarya Trivedi,Logistics,1,VA-SW-NX2,2450,True,False,0,0.0,CANCEL,True,2026-03
TK-251001,2026-03-11 20:07:00,2026-03-11 21:59,2026-03-11 22:09,resolved,social,C105077,VR887003,VA-EB-PL2,Billing & Payments,High,Billing,A3035,0,,3499.0,GW-OTHER,N,"Product: pulse 2 buds
Order: VR887003
Purchased: February 28
Issue: change of mind, please stop the shipment
Tried: tried cancel button, greyed out
Expected: fix",Cust contacted re cancel ord. Canceleld before dispatch. rffnd of Rs 3499 initiiated to source. Cx informed.,helpdesk,0,3499.0,Dev Kulkarni,Billing,1,VA-EB-PL2,1480,True,False,0,0.0,CANCEL,True,2026-03
TK-251021,2026-03-12 12:35:00,2026-03-12 18:50,2026-03-12 19:09,closed,email,C102291,VR894524,VA-EB-PL1,Billing & Payments,Normal,Billing,A3035,0,,500.0,GW-OTHER,N,"Hello,
the Pulse buds purchased 10 days ago, order VR894524. Change of mind, please stop the shipment.
I tried cancel button, greyed out. Nothing changed.
How do I get this fixed?
Thanks, Priya Khan","Cust contacted re cancel ord. Cancelled before dispatch. rfnd approved, Rs 500, 5-7 working days. Will monitor.",helpdesk,0,500.0,Dev Kulkarni,Billing,1,VA-EB-PL1,1120,True,False,0,0.0,CANCEL,True,2026-03
TK-251031,2026-03-12 19:42:00,2026-03-12 19:48,2026-03-12 20:15,resolved,chat,C102393,VR902518,VA-HP-ST3,Charging & Battery,Normal,Chat Frontline,A3014,0,,6649.0,GW-OTHER,Y,"sir ji
battery draining even when not in use
strata 3 VR902518
pls reply",Replacement raised after test. Issue: poor battery backup. Checked usage pattern w/ cx. | Reversed the payment & dispatched a new one under RMA. -AD,helpdesk,0,6649.0,Anjali D'Souza,Chat Frontline,1,VA-HP-ST3,2650,True,True,2990,9639.0,WTY-BUYBACK,True,2026-03
TK-251042,2026-03-13 08:02:00,2026-03-13 08:08,2026-03-14 08:20,resolved,chat,C104099,,VA-SP-MINI,Delivery & Shipping,High,Logistics,A3028,0,2.0,2499.0,GW-OTHER,N,Not what I expected from Vireo. Got Orbit Mini from Amazon 10 days ago. box was crushed and the Orbit Mini is cracked. I already refused nothing as I didn't notice till later. Refund. Now.,"ticket raised for damaged in transit. photos received, damage conf. reverse pickup arranged. | reversed the payment & dispatched a new one under rma.",helpdesk,0,2499.0,Sameer Kapoor,Logistics,1,VA-SP-MINI,980,True,False,0,0.0,DOA-REPL,True,2026-03
TK-251070,2026-03-13 18:08:00,2026-03-13 19:40,2026-03-13 19:49,resolved,email,C105295,VR882068,VA-EB-PL2,Other,High,Email Frontline,A3018,0,,3499.0,GW-OTHER,N,"very poor quality. i bought pulse2 on 04 mar. want to cancel my order. i already tried canecl button, greyed out. i want a replacement or refund, nothing else",issue: cancellation request | cancelled beore dispatch -> full refund processed (3499) ~Krishna,helpdesk,0,3499.0,Krishna Bhatt,Email Frontline,1,VA-EB-PL2,1480,True,False,0,0.0,CANCEL,True,2026-03
TK-251094,2026-03-14 12:15:00,2026-03-14 12:19,2026-03-14 12:40,resolved,chat,C109041,VR881747,VA-EB-PL2,Billing & Payments,High,Billing,A3033,0,,3499.0,GW-OTHER,N,"To the Vireo Customer Care Team,

I am writing with reference to my order of pulse 2 buds (VR881747) placed on 10/03. Double payment deducted. I have checked with bank. I request you to kindly arrange a replacement.

Regards,
Pranav Singh
Thiruvananthapuram","1. charged twice
2. chk pg for duplicate txn
3. full refund processed (3499)",helpdesk,0,3499.0,Vikram Banerjee,Billing,1,VA-EB-PL2,1480,True,False,0,0.0,DUP-PAYMENT,True,2026-03
TK-251115,2026-03-15 02:22:00,2026-03-15 04:02,2026-03-15 04:37,resolved,email,C105886,VR891153,VA-EB-PL2,Delivery & Shipping,Low,Logistics,A3031,0,3.0,665.0,GW-OTHER,N,"Hi team,
Order VR891153 (Pulse2). Received the wrong item.
I checked the invoice. Nothing changed.
Please resolve asap.
Thanks, Dev","1. Incorrect product shipped
2. Verified order vs delivered item photos
3. Refund issued, cx did not want replacement. Replacement was offered earlier by chat team, cx opted for refund.",helpdesk,0,665.0,Zaid Desai,Logistics,1,VA-EB-PL2,1480,True,False,0,0.0,PRICE-ADJ,True,2026-03
TK-251139,2026-03-15 14:23:00,2026-03-15 14:24,2026-03-15 14:52,resolved,chat,C100608,,VA-EB-PL2,App & Firmware,Normal,Chat Frontline,A3009,0,4.0,3149.0,GW-OTHER,N,"dear sir/madam,

i am writing with reference to my order of pule 2 buds placed on 04 mar. battery backup is terrible now. i have turned off always-on display. i request you to process a reund to my original payment method.

regards,
kunal kulkarni","Customer states poor battery backup. adv disabling ANC/AOD to test. Replacement approved, reverse pickup arranged. rfnd done & new unit sent as one-time gesture. //SUK",helpdesk,0,3149.0,Sukhwinder Singh,Chat Frontline,1,VA-EB-PL2,1480,True,False,0,0.0,RETURN-QC-OK,True,2026-03
TK-251146,2026-03-15 18:13:00,2026-03-15 18:46,2026-03-15 19:07,resolved,voice,C107415,VR899541,VA-EB-PL2,Audio Quality,Low,Voice Frontline,A3026,0,,3499.0,GW-OTHER,N,"Hi team, Bought pulse 2 buds around 21 Feb from Amazon. People cannot hear me on calls. I want my money back. Rgds","cx: mic not working on calls | tested on call w/ cx -> rplc raised. rfnd + rplc, cx escalation avoided. //AAD",helpdesk,0,3499.0,Aadhya Deshpande,Voice Frontline,1,VA-EB-PL2,1480,True,False,0,0.0,DOA-REPL,True,2026-03
TK-251151,2026-03-15 21:45:00,2026-03-16 02:01,2026-03-16 02:22,resolved,email,C101501,,VA-EB-PL2,Billing & Payments,High,Billing,A3032,0,,3324.0,GW-OTHER,N,"hi
refund not reecived yet
pullse 2
help",- ~Sneha,helpdesk,0,3324.0,Sneha Bansal,Billing,1,VA-EB-PL2,1480,True,False,0,0.0,RETURN-QC-OK,True,2026-03
TK-251186,2026-03-17 13:24:00,2026-03-17 13:31,2026-03-17 13:42,resolved,chat,C108259,VR909590,VA-EB-PL2,Returns & Refunds,Normal,Returns Desk,A3038,0,,446.0,GW-OTHER,N,I bought Pulse2 on February 16. Nobody came for the pickup. I rescheduled pickup twice. Nothing changed. Can someone fix this? Thanks in advance Vivaan,"1. Pickup not done
2. Re-raised pickup w/ crr
3. Refund of Rs 446 initiated to source",helpdesk,0,446.0,Ankit Dhillon,Returns Desk,1,VA-EB-PL2,1480,True,False,0,0.0,DUP-PAYMENT,True,2026-03
TK-251200,2026-03-17 21:00:00,2026-03-17 23:02,,open,email,C102232,,VA-EB-PL1,Delivery & Shipping,Normal,Logistics,A3027,0,,2124.0,GW-OTHER,N,Bought the Pulse buds around 16-02-2026 from Amazon. Nobody came for the pickup. I rescheduled pickup twice. Waiting for your reply. Please revert,"1. Reverse pickup pending
2. Re-raised pickup with courier
3. Refunded Rs 2124",helpdesk,0,2124.0,Priya Agarwal,Logistics,1,VA-EB-PL1,1120,True,False,0,0.0,RETURN-QC-OK,True,2026-03
TK-251237,2026-03-19 07:03:00,2026-03-19 07:29,2026-03-19 07:38,resolved,email,C102303,VR881466,VA-AC-CASE,Other,Low,Email Frontline,A3020,0,,104.0,GW-OTHER,N,"ordered the wrong colour, don't ship it. i want my money back","refund approved, rs 104, 5-7 working days",helpdesk,0,104.0,Aadhya Singh,Email Frontline,1,VA-AC-CASE,620,True,False,0,0.0,CANCEL,True,2026-03
TK-251248,2026-03-19 13:27:00,2026-03-19 15:30,2026-03-19 15:56,resolved,social,C104378,VR888273,VA-SW-NX1,Connectivity,Normal,Chat Frontline,A3005,0,,4999.0,GW-OTHER,Y,"Heello Vireo,
This is regarding Nexa watch. Cannot pair Nexa watch with my laptop.
I forgot the device and tried again.
Need thhis sorted this week.
Thanks","Cx says unable to pair with phone. chk phone OS version. Reset done, paired ok. rfnd + rplc, cx escalation avoided.",helpdesk,0,4999.0,Payal Bhatia,Chat Frontline,1,VA-SW-NX1,1900,True,True,2240,7239.0,REVIEW,False,2026-03
TK-251265,2026-03-19 19:26:00,2026-03-19 20:06,2026-03-20 23:50,resolved,email,C101253,VR906965,VA-EB-PL2,Warranty & Repair,Low,Escalations & Warranty,A3040,0,4.0,3324.0,GW-OTHER,N,"dear sir/madam,

i am writing with reference to my order of my pulse 2 (vr906965) placed on 08/02.  service centre took it, now silence. i have emailed twice. i request you to provide a resolution within 3 working days.

regards,
sai gill","re: warranty claim status | checked rma staatus -> cx updated, eta shared. | Cx got the amount back, also sending a new set to keep him happy.",helpdesk,0,3324.0,Thomas Jadhav,Escalations & Warranty,2,VA-EB-PL2,1480,True,False,0,0.0,WTY-BUYBACK,True,2026-03
TK-251274,2026-03-19 22:04:00,2026-03-19 22:06,2026-03-21 22:26,resolved,chat,C103926,VR888735,VA-EB-PL2,Returns & Refunds,Low,Returns Desk,A3037,0,4.0,2974.0,GW-OTHER,N,"Hi, Bought my Pulse 2 around 10 Mar from vireo.in.  Nobody came for the pickup. I rescheduled pickup twice. What do I do now? Rgds Suresh Naidu","rfnd approved, rs 2974, 5-7 working days. issue: pickup not done. re-raised pickup w/ courier. ~Manish",helpdesk,0,2974.0,Manish Iyer,Returns Desk,1,VA-EB-PL2,1480,True,False,0,0.0,DUP-PAYMENT,True,2026-03
TK-251282,2026-03-20 08:09:00,2026-03-20 08:11,2026-03-22 08:38,resolved,chat,C104616,VR897179,VA-AC-CASE,Returns & Refunds,Normal,Returns Desk,A3038,0,,110.0,GW-OTHER,N,"Hello, This is regarding spare case.  The return was accepted but the amount is nowhere in my account. I checked bank. Need this sorted this week. Regards Rohan George",issue: refund pending | checked reverse pickup qc status -> refunded rs 110,helpdesk,0,110.0,Ankit Dhillon,Returns Desk,1,VA-AC-CASE,620,True,False,0,0.0,RETURN-QC-OK,True,2026-03
TK-251284,2026-03-20 08:56:00,2026-03-20 09:05,2026-03-21 09:26,resolved,voice,C101753,,VA-EB-PL2,Delivery & Shipping,Normal,Logistics,A3031,0,3.0,1662.0,GW-OTHER,Y,"Hi there, Bought my Pulse 2 around 15-03-2026 from Amazon. The parcel looked like it was kicked here from the warehouse, and the unit has a crack. I took photos. Honestly regretting this purchase. How do I get this fixed? Please revert, Bhavna Joshi","Refund approved, Rs 1662, 5-7 working days. Issue: transit damage. Photos received, damage confirmed.",helpdesk,0,1662.0,Zaid Desai,Logistics,1,VA-EB-PL2,1480,True,True,1820,3482.0,DOA-REPL,True,2026-03
TK-251319,2026-03-21 10:47:00,2026-03-21 11:30,2026-03-21 11:56,resolved,voice,C107210,VR883631,VA-NB-ARC,Audio Quality,High,Voice Frontline,A3024,0,3.0,1299.0,WTY-BUYBACK,Y,[IVR transcript] i have ben a loyal customer and this is how you treat me. ordered my arc recently. sttaic noise when plaing music. i already changed eq. this is the last tiem i buy from you.,"Customer reached out - crackling/distortion. Checked w/ different source. adv EQ reset, rslvd. Case closed w/ cx consent.
Amount returned to card; fresh unit shipped from BLR warehouse. ~Amit",helpdesk,0,1299.0,Amit Deshpande,Voice Frontline,1,VA-NB-ARC,540,True,True,880,2179.0,DOA-REPL,True,2026-03
TK-251331,2026-03-21 16:57:00,2026-03-21 18:57,2026-03-23 19:14,resolved,social,C105883,VR884070,VA-EB-PL1,Delivery & Shipping,Normal,Logistics,A3030,0,3.0,1999.0,GW-OTHER,N,"hey, this is regarding pulse earbuds. order not delivered, tracking not updating. can someone fix this? regards, vihaan","Contact re shipment not received. Raised ticket with courier partner. Refund of Rs 1999 initiated to source. | Offered rplc, cx preferred refund. Refund processed. //AIS",helpdesk,0,1999.0,Aishwarya Trivedi,Logistics,1,VA-EB-PL1,1120,True,False,0,0.0,LOST-TRANSIT,True,2026-03
TK-251335,2026-03-21 17:56:00,2026-03-21 17:58,2026-03-21 18:35,resolved,chat,C100887,VR880597,VA-EB-AIR,Charging & Battery,Normal,Chat Frontline,A3014,0,3.0,3058.0,DOA-REPL,N,"Not acceptable at this price. Bought AirLite around 22/10 from vireo.in. the promissed 45 hours is nowhere close, I get maybe 2. I already turned off always-on display. Refund. Now.","1. Battery draining fast
2. chk usage pattern w/ cx
3. adv settings change, cx satifsied.
Cx got the amount back, also sending a new set to keep him happy. -AD",helpdesk,0,3058.0,Anjali D'Souza,Chat Frontline,1,VA-EB-AIR,760,True,False,0,0.0,WTY-BUYBACK,True,2026-03
TK-251353,2026-03-21 23:46:00,2026-03-22 03:16,2026-03-23 03:33,resolved,email,C101847,,VA-EB-PL1,Other,Normal,Email Frontline,A3016,0,,2499.0,DOA-REPL,N,"Dear Sir/Madam,

I am writing with reference to my order of pulse 1 placed on 07-03-2026. Order not delivered, tracking not updating. I have checked the tracking page daily. I request you to provide a resolution within 3 working days.

Regards,
Rajat Kapoor","1. Order not delivered
2. chk AWB with courier
3. Refund approved, Rs 500, 5-7 working days (SOP 3.1) -- Amount returned to card; fresh unit shipped from BLR warehouse. -TK",helpdesk,0,2499.0,Thomas Kumar,Email Frontline,1,VA-EB-PL1,1120,True,False,0,0.0,LOST-TRANSIT,True,2026-03
TK-251369,2026-03-22 10:02:00,2026-03-22 12:23,2026-03-23 12:42,resolved,email,C106429,VR899274,VA-SW-NX2,Returns & Refunds,Normal,Returns Desk,A3037,1,,5199.0,GW-OTHER,N,"Dear Sir/Madam,

I am writing with reference to my order of the Nexa 2 (VR899274) placed on 03-03-2026. You picked up the item 9 days ago and my money hasn't come back. I have emailed twice. I request you to process a refund to my original payment method.

Sincerely,
Manpreet Kaur","cx: rfnd delay | checked reverse pkp qc status -> rfnd approved, rs 5199, 5-7 working days ~Manish",helpdesk,0,5199.0,Manish Iyer,Returns Desk,1,VA-SW-NX2,2450,True,False,0,0.0,DUP-PAYMENT,True,2026-03
TK-251380,2026-03-22 13:38:00,2026-03-22 13:41,2026-03-23 14:09,resolved,chat,C103300,VR896929,VA-HP-ST2,Returns & Refunds,Normal,Returns Desk,A3037,0,,3999.0,GW-OTHER,N,"Hi Vireo support, I bought Strata 2 on 27-02-2025. Still waiting for my refund. I emailed twice. Nothing changed. I want my money back.","refund approved, rs 3999, 5-7 working days. issue: refund delay. chk reverse pickup qc status. ~Manish",helpdesk,0,3999.0,Manish Iyer,Returns Desk,1,VA-HP-ST2,2100,True,False,0,0.0,RETURN-QC-OK,True,2026-03
TK-251401,2026-03-23 06:33:00,2026-03-23 09:07,2026-03-23 09:15,resolved,email,C105853,,VA-EB-AIR,Other,Normal,Email Frontline,A3015,1,4.0,900.0,GW-OTHER,N,"Product: airlite earbuds
Purchased: March 13
Issue: my son ordered this without asking, please reverse
Tried: tried cancel button, greyed out
Expected: callback",Refunded Rs 900. Issue: cancellation request. Cancelled before dispatch. Via Chat Frontline. [closed],helpdesk,0,900.0,Sameer Jadhav,Chat Frontline,1,VA-EB-AIR,760,True,False,0,0.0,CANCEL,True,2026-03
TK-251410,2026-03-23 13:12:00,2026-03-23 13:50,2026-03-23 14:28,resolved,social,C103459,,VA-HP-ST3,Audio Quality,Normal,Chat Frontline,A3010,0,,5599.0,GW-OTHER,Y,"Hi there,
Ordered my Strata 3 headphones 10 days ago. Everything sounds like it is coming from one direction now.
I reset the buds. Nothing changed.
Please resolve asap.
Thanks & regards,",Customer reached out - lefft side silent. Checked balance settings w/ cx. Reset resolved. Cx informed. -- Payment reversed Rs 5599. New piece dispatched same day. ~Tenzin,helpdesk,0,5599.0,Tenzin Mathew,Chat Frontline,1,VA-HP-ST3,2650,True,True,2990,8589.0,REVIEW,False,2026-03
TK-251438,2026-03-24 03:59:00,2026-03-24 04:05,2026-03-24 04:37,resolved,chat,C101600,,VA-AC-CH65,Returns & Refunds,Low,Returns Desk,A3005,1,,1199.0,GW-OTHER,N,"Hi team,
Got 65W charger from Amazon 2 weeks ago. You picked up the item 12 days ago and my money hasn't come back.
Please call me on my registered number.
Thanks in advance",Cx says rfnd pending. Checked reverse pickup QC status. Transferred to Chat Frontline. Refunded Rs 1199.,helpdesk,0,1199.0,Payal Bhatia,Chat Frontline,1,VA-AC-CH65,610,True,False,0,0.0,RETURN-QC-OK,True,2026-03
TK-251443,2026-03-24 10:01:00,2026-03-24 10:04,2026-03-24 10:21,closed,chat,C104230,VR907063,VA-SP-ORB,Other,Normal,Chat Frontline,A3013,0,3.0,5399.0,GW-OTHER,N,"Honestly regretting this purchase. my Orbit purchased a month ago, order VR907063. the courier marked it delivered but nobody in my house got anything. I already checked the tracking page daily. Refund. Now.","refund approved, rs 5399, 5-7 working days. issue: delivery delayed. confirmed address with cx. ~Rohit",helpdesk,0,5399.0,Rohit Nair,Chat Frontline,1,VA-SP-ORB,2300,True,False,0,0.0,LOST-TRANSIT,True,2026-03
TK-251451,2026-03-24 16:02:00,2026-03-24 16:03,2026-03-26 16:20,resolved,chat,C108821,VR881672,VA-EB-PL2,Returns & Refunds,High,Returns Desk,A3036,0,4.0,560.0,GW-OTHER,N,not what i expected from vireo. order vr881672 (the pulse 2 earbuds). refund was promised 13 days ago and nothing. i already emailed twice. escalate this to someone senior.,Customer raeched out - refund not credited. Checked reverse pickup QC status. Refund of Rs 560 initiated to source. Closing.,helpdesk,0,560.0,Ritika D'Souza,Returns Desk,1,VA-EB-PL2,1480,True,False,0,0.0,RETURN-QC-OK,True,2026-03
TK-251472,2026-03-24 23:59:00,2026-03-25 00:03,2026-03-30 00:15,resolved,chat,C106701,,VA-EB-PL2,Delivery & Shipping,Normal,Logistics,A3029,0,,3324.0,DOA-REPL,N,"order not delivered, tracking not updating",refund initiated as lost in transit. issue: shipment not received. raised ticket with courier partner. -- both refund and replacement given as cx threatened social media. -RM,helpdesk,0,3324.0,Rajat Mukherjee,Logistics,1,VA-EB-PL2,1480,True,False,0,0.0,LOST-TRANSIT,True,2026-03
TK-251476,2026-03-25 06:10:00,2026-03-25 07:01,2026-03-25 07:26,resolved,email,C105317,,VA-AC-CASE,Delivery & Shipping,Normal,Logistics,A3031,0,,1299.0,DOA-REPL,Y,"hii
got a different colour than ordered
kindly do the needful","Replacement unit dispatched. Issue: incorrect product shipped. Verified order vs delivered item photos. Issued refund + replacement both, TL aware.",helpdesk,0,1299.0,Zaid Desai,Logistics,1,VA-AC-CASE,620,True,True,960,2259.0,REVIEW,False,2026-03
TK-251484,2026-03-25 09:30:00,2026-03-25 10:52,2026-03-25 11:17,resolved,voice,C106769,VR907168,VA-EB-AIR,Billing & Payments,Low,Billing,A3033,0,3.0,1799.0,GW-OTHER,N,"the festive offer vanished when I clicked pay, VR907168, please help","1. promo code invalid
2. checked coupon validity
3. refunded rs 1799",helpdesk,0,1799.0,Vikram Banerjee,Billing,1,VA-EB-AIR,760,True,False,0,0.0,PRICE-ADJ,True,2026-03
TK-251494,2026-03-25 17:58:00,2026-03-25 18:02,2026-03-25 18:32,resolved,chat,C105242,VR908532,VA-SW-NX2,Billing & Payments,Low,Billing,A3035,0,4.0,1170.0,GW-OTHER,N,"payment was deducted but no order was craeted
VR908532","cx states amount deducted without ord. chk PG dashboard for txn. rfnd approved, Rs 1170, 5-7 working days. Closing.",helpdesk,0,1170.0,Dev Kulkarni,Billing,1,VA-SW-NX2,2450,True,False,0,0.0,DUP-PAYMENT,True,2026-03
TK-251523,2026-03-26 15:49:00,2026-03-26 18:13,2026-03-26 18:44,resolved,social,C104526,,VA-EB-PL2,Billing & Payments,High,Billing,A3035,0,4.0,1487.0,GW-OTHER,N,"helo
two entries of rs 6499 on my statement for one pair of earbuds","cx states charged twice. conf UTRs. rfnd approved, Rs 1487, 5-7 workking days. Closing.",helpdesk,0,1487.0,Dev Kulkarni,Billing,1,VA-EB-PL2,1480,True,False,0,0.0,DUP-PAYMENT,True,2026-03
TK-251537,2026-03-26 22:16:00,2026-03-26 22:22,2026-03-26 22:53,resolved,chat,C102426,VR898989,VA-EB-PL2,Audio Quality,Normal,Chat Frontline,A3003,0,4.0,3149.0,WTY-BUYBACK,Y,"Hello Vireo, Order VR898989 (my Pulse 2). Microphone is v low on the my Pulse 2. Waiting for ur reply. Regards, Tanvi Trivedi","1. Mic not working on calls
2. chk mic permissions on phone
3. FW update adv (SOP 3.1) -- Money back to source and a fresh pair shipped. -KS",helpdesk,0,3149.0,Komal Singh,Chat Frontline,1,VA-EB-PL2,1480,True,True,1820,4969.0,DOA-REPL,True,2026-03
TK-251571,2026-03-27 23:16:00,2026-03-27 23:32,2026-03-27 23:58,resolved,chat,C106453,VR908339,VA-NB-ARC,Audio Quality,Normal,Chat Frontline,A3017,1,2.0,1299.0,WTY-BUYBACK,Y,"HI THERE, THIS IS REGARDING ARC NECKBAND. Microphone is very low on the Arc neckband. Can someone fix this? Thanks & regards Om",rplc raised. issue: low mic pkp. tested on call w/ cx. via email frontline. full rfnd issued & rplc dispatched as goodwill. -KS,helpdesk,0,1299.0,Kabir Singh,Email Frontline,1,VA-NB-ARC,540,True,True,880,2179.0,DOA-REPL,True,2026-03
TK-251620,2026-03-29 11:38:00,2026-03-29 11:41,2026-03-29 12:16,resolved,chat,C104610,VR897550,VA-NB-ARC,Connectivity,High,Chat Frontline,A3013,0,2.0,1299.0,GW-OTHER,Y,"bluetooth keeps cutting out, VR897550, i want my money back","1. connection droppping
2. advised to tet in different location
3. replacement raised, rma shared with cx. | refunded rs 1299 and also raised replacement, cx was very upset. ~Rohit",helpdesk,0,1299.0,Rohit Nair,Chat Frontline,1,VA-NB-ARC,540,True,True,880,2179.0,WTY-BUYBACK,True,2026-03
TK-251633,2026-03-29 17:50:00,2026-03-29 18:20,2026-03-29 18:52,resolved,chat,C106421,VR891591,VA-SW-FIT,Connectivity,Low,Chat Frontline,A3014,0,,1999.0,GW-OTHER,N,"hello ji
bluetooth pairing fails every time
??","1. Unable to pair w/ phone
2. Checked phone OS version
3. Re-pair successful, rsllvd on caht. -- rfnd processed to source; rplc unit also shipped. -AD",helpdesk,0,1999.0,Anjali D'Souza,Chat Frontline,1,VA-SW-FIT,850,True,False,0,0.0,WTY-BUYBACK,True,2026-03
TK-251635,2026-03-29 23:41:00,2026-03-30 00:11,2026-03-30 00:53,resolved,email,C106622,,VA-EB-PL1,Audio Quality,Normal,Email Frontline,A3016,0,,2499.0,DOA-REPL,Y,one of them is just decoration at this point,"Cx says left side silent. Walked through reset. Refunded Rs 2499. (SOP 4.2) -- rplc was offered earlier by chat team, cx opted for rfnd. -TK",helpdesk,0,2499.0,Thomas Kumar,Email Frontline,1,VA-EB-PL1,1120,True,True,1460,3959.0,PRICE-ADJ,True,2026-03
TK-251644,2026-03-30 07:45:00,2026-03-30 07:46,2026-04-02 08:06,resolved,chat,C104711,,VA-EB-PL2,Returns & Refunds,Low,Returns Desk,A3038,0,,630.0,GW-OTHER,N,"hi
the return was accepted but the amount is nowhere in my accoutn
the pulse 2 earbuds","1. Refund delay
2. Checked refund status on PG
3. Full refund processed (630) | rplc was offered earlier by chat team, cx opted for rfnd.",helpdesk,0,630.0,Ankit Dhillon,Returns Desk,1,VA-EB-PL2,1480,True,False,0,0.0,PRICE-ADJ,True,2026-03
TK-251655,2026-03-30 12:19:00,2026-03-30 14:41,2026-04-04 15:09,resolved,email,C109294,VR893480,VA-EB-PL2,Delivery & Shipping,Normal,Logistics,A3030,0,,3499.0,WTY-BUYBACK,Y,"hey
package not delivered even atfer 6 days
pulse 2
hello??","see prev. -- Issued rfnd + replacement both, TL aware. //AIS",helpdesk,0,3499.0,Aishwarya Trivedi,Logistics,1,VA-EB-PL2,1480,True,True,1820,5319.0,LOST-TRANSIT,True,2026-03
TK-251706,2026-03-31 17:31:00,2026-03-31 17:32,2026-03-31 17:54,closed,chat,C103374,VR908740,VA-EB-PL2,Connectivity,High,Chat Frontline,A3004,0,3.0,3499.0,GW-OTHER,Y,"teh Pulse 2 earbuuds purchased 3 weeks back, order VR908740. Keeps losing my phone if I walk to the other room.
I turned off wifi. Nothing changed.
Please help.",sorted. | processed fr and raised rma for new set.,helpdesk,0,3499.0,Geeta Dutta,Chat Frontline,1,VA-EB-PL2,1480,True,True,1820,5319.0,WTY-BUYBACK,True,2026-03
TK-251708,2026-03-31 19:34:00,2026-03-31 21:19,2026-04-02 21:44,closed,email,C106814,,VA-EB-PL2,Delivery & Shipping,Normal,Logistics,A3030,0,,2974.0,GW-OTHER,N,"To the Vireo Customer Care Team,

I am writing with reference to my order of Pulse 2 placed on 18 Mar. Paid on 18 Mar, still waiting for somethinng to sohw up. I have called the courier. I request you to process a refund to my original payment method.

Sincerely,
Sneha Menon
Bohpal","1. ord not delivered
2. Checked AWB w/ courier
3. Refund initiated as lost in transit. | Refund processed to source; replacement unit also shipped. //AIS",helpdesk,0,2974.0,Aishwarya Trivedi,Logistics,1,VA-EB-PL2,1480,True,False,0,0.0,LOST-TRANSIT,True,2026-03
TK-251720,2026-04-01 08:49:00,2026-04-01 10:16,2026-04-01 10:43,resolved,email,C104471,,VA-EB-PL2,Billing & Payments,High,Billing,A3033,0,4.0,3324.0,GW-OTHER,N,"Product: pulse 2 buds
Order: VR902387
Purchased: March 25
Issue: monye debited but order not showing
Tried: tried logging out and in
Expected: resolution","1. amount deducted without order
2. asked for utr
3. rfnd of rs 3324 initiated to source",helpdesk,0,3324.0,Vikram Banerjee,Billing,1,VA-EB-PL2,1480,True,False,0,0.0,DUP-PAYMENT,True,2026-04
TK-251723,2026-04-01 10:27:00,2026-04-01 11:45,2026-04-01 12:00,closed,email,C107213,VR881881,VA-AC-CBL,Other,Normal,Email Frontline,A3020,0,4.0,144.0,GW-OTHER,N,"team,
change of mind, please stop teh shipment
usb-c cable
??",ticket raised for ord cancellation. cancelled before dispatch. full rfnd processed (144).,helpdesk,0,144.0,Aadhya Singh,Email Frontline,1,VA-AC-CBL,90,True,False,0,0.0,CANCEL,True,2026-04
TK-251738,2026-04-01 18:53:00,2026-04-01 19:28,2026-04-01 19:52,resolved,voice,C107868,VR900294,VA-EB-AIR,Other,High,Voice Frontline,A3026,0,,1439.0,GW-OTHER,N,"[IVR transcript] HI TEAM, THIS IS REGARDING AIRLITE EARBUDS.  Discount was not applied at checkout. I tried on app and website. Nothing changed. Need this sorted this week. Please revert",re: discount not applied | chk cart eligibility -> full refund processed (1439),helpdesk,0,1439.0,Aadhya Deshpande,Voice Frontline,1,VA-EB-AIR,760,True,False,0,0.0,PRICE-ADJ,True,2026-04
TK-251809,2026-04-03 23:29:00,2026-04-03 23:33,2026-04-04 00:08,resolved,chat,C104189,VR886951,VA-SW-NX2,Returns & Refunds,Normal,Returns Desk,A3037,0,5.0,552.0,GW-OTHER,N,"Hello Vireo,
Got Nexa 2 from vireo.in 10 days ago. Refund not received yet.
I checked bank.
I want a replacement.
Awaiting response, Faisal",full refund processed (552). issue: refund delay. checked refund status on pg. ~Manish,helpdesk,0,552.0,Manish Iyer,Returns Desk,1,VA-SW-NX2,2450,True,False,0,0.0,RETURN-QC-OK,True,2026-04
TK-251812,2026-04-04 09:30:00,2026-04-04 09:57,2026-04-04 10:27,resolved,voice,C103841,VR882021,VA-NB-ARC,Delivery & Shipping,High,Logistics,A3029,0,4.0,1299.0,DOA-REPL,N,there's a dent on the case straight out of the box,"full refund processed (1299). issue: transit damage. checked with courier for damage claim. | replacement was offered earlier by chat team, cx opted for refund. -RM",helpdesk,0,1299.0,Rajat Mukherjee,Logistics,1,VA-NB-ARC,540,True,False,0,0.0,PRICE-ADJ,True,2026-04
TK-251818,2026-04-04 11:21:00,2026-04-04 12:02,2026-04-09 14:15,resolved,voice,C106007,,VA-EB-PL2,Warranty & Repair,Normal,Escalations & Warranty,A3039,0,,2799.0,DOA-REPL,N,"helo
i snet the unit in 6 days ago and have heard nothing
urgent","issue: repair status follow-up | checked rma status -> repair completed, shipped back. -- refunded rs 2799 and also raised replacement, cx was very upset. ~Reyansh",helpdesk,0,2799.0,Reyansh Mishra,Escalations & Warranty,2,VA-EB-PL2,1480,True,False,0,0.0,WTY-BUYBACK,True,2026-04
TK-251831,2026-04-04 15:27:00,2026-04-04 15:30,2026-04-04 15:45,resolved,chat,C109117,VR882036,VA-HP-ST2,Returns & Refunds,Normal,Returns Desk,A3036,0,4.0,9498.0,GW-OTHER,N,"product: my strata 2 headphoones
order: vr882036
purchased: 08-03-2026
issue: where is the money for the return
tried: emailed twice
expected: refund","Contact re rfnd delay. chk reverse pickup QC status. rfnnd approved, Rs 9498, 5-7 working days. Cx informed. -- Replacement was offered earlier by chat team, cx opted for refund.",helpdesk,0,9498.0,Ritika D'Souza,Returns Desk,1,VA-HP-ST2,2100,True,False,0,0.0,RETURN-QC-OK,True,2026-04
TK-251840,2026-04-04 18:22:00,2026-04-04 18:24,2026-04-07 18:44,resolved,chat,C107019,VR881852,VA-EB-PL2,Delivery & Shipping,Normal,Logistics,A3030,0,,3499.0,GW-OTHER,Y,"hello ji
paid on 21-02-2026, still waitnig for something to show up
anyone there","Cust contacted re shipment not received. Checked AWB with courier. RTO confirmed, reshipped. -- Credited full amount, new unit also going out tomorrow. //AIS",helpdesk,0,3499.0,Aishwarya Trivedi,Logistics,1,VA-EB-PL2,1480,True,True,1820,5319.0,LOST-TRANSIT,True,2026-04
TK-251853,2026-04-04 21:48:00,2026-04-04 23:28,2026-04-05 23:46,resolved,email,C108012,VR893808,VA-EB-PL2,Returns & Refunds,Normal,Returns Desk,A3038,0,2.0,280.0,RETURN-QC-OK,N,"to the vireo customer care team,

i am writing with reference to my order of my pulse 2 (vr893808) placed on 29-03-2026. the app said pickup today, that was on 29-03-2026. i have rescheduled pickup twice. i request you to provide a resolution within 3 working days.

yours faithfully,
priya kaur",Ticket raised for pickup missed. Checked pickup AWB. Refund of Rs 280 initiated to source.,helpdesk,0,280.0,Ankit Dhillon,Returns Desk,1,VA-EB-PL2,1480,True,False,0,0.0,DUP-PAYMENT,True,2026-04
TK-251863,2026-04-05 12:53:00,2026-04-05 12:57,2026-04-05 13:13,resolved,chat,C102687,VR893200,VA-HP-ST2,Other,Low,Chat Frontline,A3007,0,5.0,4249.0,GW-OTHER,N,"please cancel, ordered by mistake. vr893200. can someone fix this?",closed,helpdesk,0,4249.0,Abhishek Gupta,Chat Frontline,1,VA-HP-ST2,2100,True,False,0,0.0,CANCEL,True,2026-04
TK-251880,2026-04-05 22:21:00,2026-04-06 01:19,2026-04-06 01:36,resolved,email,C107010,VR882803,VA-EB-PL2,Audio Quality,High,Email Frontline,A3017,0,,3499.0,WTY-BUYBACK,Y,"Dear Sir/Madam,

I am writing with reference to my order of my Pulse 2 (VR882803) placed on 22 Nov. Left side has no audio at all. I have reset the buds. I request you to kindly arrange a replacement.

Regards,
Arjun Desai",cx reported single side audio only. asked cx to check bud in case. esc to wty. -- rfnd done and new unit sent as one-time gesture. -KS,helpdesk,0,3499.0,Kabir Singh,Email Frontline,1,VA-EB-PL2,1480,True,True,1820,5319.0,DOA-REPL,True,2026-04
TK-251900,2026-04-06 12:01:00,2026-04-06 12:03,2026-04-08 12:18,resolved,chat,C107815,,VA-SW-FIT,Returns & Refunds,Normal,Returns Desk,A3037,0,3.0,1999.0,GW-OTHER,N,the return was accepted but the amount is nowhere in my account,rfnd of rs 1999 initiated to source. issue: rfnd pending. chk reverse pkp qc status. ~Manish,helpdesk,0,1999.0,Manish Iyer,Returns Desk,1,VA-SW-FIT,850,True,False,0,0.0,RETURN-QC-OK,True,2026-04
TK-251988,2026-04-08 17:51:00,2026-04-08 19:15,2026-04-08 19:24,resolved,email,C103250,,VA-EB-PL2,Other,Normal,Email Frontline,A3018,0,,6998.0,GW-OTHER,N,"Hi there, I bought the Pulse 2 earbuds on 02 Apr. Ordered the wrong colour, don't ship it. I tried cancel button, greyed out. Nothing changed. Please resolve asap. Regards,",re: cancellation request | checked shipment status -> refund of rs 6998 initiated to source ~Krishna,helpdesk,0,6998.0,Krishna Bhatt,Email Frontline,1,VA-EB-PL2,1480,True,False,0,0.0,CANCEL,True,2026-04
TK-251991,2026-04-08 18:32:00,2026-04-08 18:34,2026-04-09 18:45,closed,chat,C106295,VR882201,VA-EB-AIR,Delivery & Shipping,Low,Logistics,A3030,0,,1799.0,DOA-REPL,Y,"This is very disappointing. Bought airlite earbuds around 07-04-2026 from Amazon. order status stukc on shipped since 07-04-2026. I already checked the tracking page daily. I want a replacement or refund, nothing else.","Customer reached out - dlvry delayed. Raised ticket w/ crr partner. Re-shipped from warehouse. Credited full amount, new unit also going out tomorrow. //AIS",helpdesk,0,1799.0,Aishwarya Trivedi,Logistics,1,VA-EB-AIR,760,True,True,1100,2899.0,RETURN-QC-OK,True,2026-04
TK-252010,2026-04-09 11:54:00,2026-04-09 12:02,2026-04-09 12:28,resolved,chat,C106987,VR906674,VA-HP-ST3,Delivery & Shipping,Normal,Logistics,A3031,0,,6999.0,GW-OTHER,Y,"Hello Vireo, Ordered my Strata 3 headphones around Diwali. Order not delivered, tracking not updating. I checked with neighbours. What do I do now? Thanks in advance","Re-shipped from warehouse. Issue: order not delivered. Confirmed address with cx. refund + rplc, cx escalation avoided.",helpdesk,0,6999.0,Zaid Desai,Logistics,1,VA-HP-ST3,2650,True,True,2990,9989.0,LOST-TRANSIT,True,2026-04
TK-252024,2026-04-09 19:26:00,2026-04-09 22:25,2026-04-11 22:39,resolved,email,C100689,VR884950,VA-EB-PL1,Delivery & Shipping,Normal,Logistics,A3027,0,,2499.0,GW-OTHER,Y,"To the Vireo Customer Care Team,

I am writing with reference to my order of the Pulse buds (VR884950) placed on 04 Apr. Paid on 04 Apr, still waiting for something to show up. I have called the courier. I request you to process a refund to my original payment method.

Sincerely,
Ishaan Mishra","1. dlvry delayed
2. Raised ticket with courier partner
3. RTO confirmed, reshipped. | Sent a new unit and released the money as well, cx was in tears on call.",helpdesk,0,2499.0,Priya Agarwal,Logistics,1,VA-EB-PL1,1120,True,True,1460,3959.0,REVIEW,False,2026-04
TK-252073,2026-04-11 21:10:00,2026-04-11 23:23,,open,email,C105606,VR888101,VA-EB-PL2,Other,Low,Email Frontline,A3001,0,,6298.0,GW-OTHER,N,"hi, my pulse 2 purchased 3 weeks back, order vr888101. want to cancel my order. i tried cancel button, greyed out. nothing changed. please help. thank you,",cx reported cancellation request. cancelled before dispatch. refunded rs 6298. ~Suresh,helpdesk,0,6298.0,Suresh Kaur,Chat Frontline,1,VA-EB-PL2,1480,True,False,0,0.0,CANCEL,True,2026-04
TK-252076,2026-04-12 00:25:00,2026-04-12 00:26,2026-04-14 00:57,resolved,chat,C105744,VR893347,VA-HP-ST3,Returns & Refunds,Normal,Returns Desk,A3038,0,,6999.0,GW-OTHER,N,"Dear Sir/Madam,
This is regarding the strata 3. You picked up the item 17 days ago and my money hasn't come back.
Can someone fix this?
Rgds,","1. Refund pending
2. chk reverse pkp QC status
3. Refunded Rs 6999. rfnd issued; replacement not applicable (out of stock).",helpdesk,0,6999.0,Ankit Dhillon,Returns Desk,1,VA-HP-ST3,2650,True,False,0,0.0,RETURN-QC-OK,True,2026-04
TK-252081,2026-04-12 08:28:00,2026-04-12 10:51,2026-04-15 11:18,resolved,email,C106048,,VA-SW-NX2,Returns & Refunds,High,Returns Desk,A3037,0,,6499.0,GW-OTHER,N,"product: nexa 2
order: vr890426
purchased: 27/03
issue: still waiting for my refund
tried: checked bank
expected: callback",full refund processed (6499). issue: refund delay. chk reverse pkp qc status. ~Manish,helpdesk,0,6499.0,Manish Iyer,Returns Desk,1,VA-SW-NX2,2450,True,False,0,0.0,RETURN-QC-OK,True,2026-04
TK-252082,2026-04-12 09:00:00,2026-04-12 12:55,2026-04-12 13:20,resolved,email,C104867,,VA-EB-PL2,Audio Quality,Low,Email Frontline,A3021,0,4.0,2799.0,GW-OTHER,N,"Product: the Pulse 2 earbuds
Purchased: January 05
Issue: I hear music in one ear only, other is mute
Tried: reset the buds
Expected: fix","1. Single side audio only
2. Asked cx to check bud in case
3. rfnd approved, Rs 2799, 5-7 working days ~Meera",helpdesk,0,2799.0,Meera Mathew,Email Frontline,1,VA-EB-PL2,1480,True,False,0,0.0,DOA-REPL,True,2026-04
TK-252118,2026-04-13 19:50:00,2026-04-13 21:43,2026-04-13 22:06,resolved,email,C108658,,VA-SW-NX2,Returns & Refunds,Low,Returns Desk,A3036,0,5.0,2470.0,GW-OTHER,N,"Dear Sir/Madam,

I am writing with reference to my order of my Nexa 2 watch placed on 01-04-2026. Pickup scheduled but no one showed up. I have rescheduled pickup twice. I request you to provide a resolution within 3 working days.

Regards,
Lakshmi George
Kolkata","Refund approved, Rs 2470, 5-7 working days. Issue: pkp missed. Re-raised pkp w/ crr. (SOP 5.4)",helpdesk,0,2470.0,Ritika D'Souza,Returns Desk,1,VA-SW-NX2,2450,True,False,0,0.0,DUP-PAYMENT,True,2026-04
TK-252125,2026-04-14 08:55:00,2026-04-14 09:33,2026-04-14 10:08,resolved,email,C109013,VR899909,VA-EB-PL2,Billing & Payments,High,Billing,A3033,0,,2974.0,GW-OTHER,N,"Ordered my Pulse 2 10 days ago. Paid once, statement disagrees. How do I get this fixed? Thanks, Gurpreet Sheikh","1. double charge
2. chk pg for duplicate txn
3. refund approved, rs 2974, 5-7 working days",helpdesk,0,2974.0,Vikram Banerjee,Billing,1,VA-EB-PL2,1480,True,False,0,0.0,DUP-PAYMENT,True,2026-04
TK-252137,2026-04-14 14:15:00,2026-04-14 17:12,2026-04-17 17:50,resolved,email,C104329,VR882918,VA-EB-PL2,Other,Normal,Email Frontline,A3032,1,,297.0,GW-OTHER,N,Honestly regretting this purchase. Got the Pulse 2 earbuds from Flipkart last week. warranty claim pending for 21 days. I already called service centre. This is the last time I buy from you.,"1. warranty claim status
2. followed up with service centre
3. xfer to billing
4. full rfnd processed (297) ~Sneha",helpdesk,0,297.0,Sneha Bansal,Billing,1,VA-EB-PL2,1480,True,False,0,0.0,WTY-BUYBACK,True,2026-04
TK-252146,2026-04-15 06:21:00,2026-04-15 06:22,2026-04-15 06:37,closed,chat,C105273,,VA-EB-PL1,Billing & Payments,Normal,Billing,A3032,0,4.0,2374.0,DOA-REPL,Y,this is v disappointing. bought the pulse buds around 08-04-2026 from vireo.in. the return was accepted but the amount is nowhere in my account. i already checked bank. fix this or i am posting on twitter.,"1. refund pending
2. chk refund status on pg
3. refund confirmed credited. processed fr and raised rma for new set. ~Sneha",helpdesk,0,2374.0,Sneha Bansal,Billing,1,VA-EB-PL1,1120,True,True,1460,3834.0,RETURN-QC-OK,True,2026-04
TK-252168,2026-04-15 15:38:00,2026-04-15 16:14,2026-04-16 21:16,resolved,social,C108939,VR892089,VA-NB-ARC,Warranty & Repair,Normal,Escalations & Warranty,A3040,0,,1299.0,DOA-REPL,N,"HEY
NO UPDATE ON MY REPAIR
??","Repair completed, shipped back. Issue: repair status follow-up. Followed up w/ serivce centre. (SOP 3.1) -- Cx got the amount back, also sending a new set to keep him happy.",helpdesk,0,1299.0,Thomas Jadhav,Escalations & Warranty,2,VA-NB-ARC,540,True,False,0,0.0,WTY-BUYBACK,True,2026-04
TK-252173,2026-04-15 17:33:00,2026-04-15 17:33,2026-04-15 17:50,closed,chat,C108362,VR895477,VA-HP-ST3,Connectivity,Normal,Chat Frontline,A3038,1,,6299.0,GW-OTHER,N,I haev been a loyal customr and this is how u treat me.  This is regardign the strata 3. buetooth pairing fails every time. I already forgot the device and tried again. Escalate this to someone senior.,"1. Pairing failure
2. Walked through forget + re-pair
3. Transferred to Returns Desk
4. Full refund processed (6299)",helpdesk,0,6299.0,Ankit Dhillon,Returns Desk,1,VA-HP-ST3,2650,True,False,0,0.0,WTY-BUYBACK,True,2026-04
TK-252188,2026-04-16 09:43:00,2026-04-16 10:09,2026-04-16 10:33,closed,voice,C103103,VR896822,VA-AC-CBL,Delivery & Shipping,High,Logistics,A3027,0,4.0,379.0,GW-OTHER,N,not what i expected from vireo. bought braided cable around 09-04-2026 from vireo.in. received damaged product. i already refused nothing as i didn't notice till later. this is teh last time i buy from you.,"1. Damaged in transit
2. Photos received, damage confirmed
3. Refunded Rs 379",helpdesk,0,379.0,Priya Agarwal,Logistics,1,VA-AC-CBL,90,True,False,0,0.0,DOA-REPL,True,2026-04
TK-252207,2026-04-16 22:52:00,2026-04-17 00:10,2026-04-19 00:33,resolved,email,C105930,VR909212,VA-EB-AIR,Returns & Refunds,Normal,Returns Desk,A3038,0,1.0,1799.0,GW-OTHER,N,Honestly regretting this purchase. Ordered airlite earbuds a month ago. refund not received yet. I already checked bank. Fix this or I am posting on twitter.,"1. rfnd not credited
2. Checked rfnd status on PG
3. rfnd approved, Rs 1799, 5-7 working days",helpdesk,0,1799.0,Ankit Dhillon,Returns Desk,1,VA-EB-AIR,760,True,False,0,0.0,RETURN-QC-OK,True,2026-04
TK-252214,2026-04-17 11:08:00,2026-04-17 14:15,2026-04-17 14:31,resolved,email,C101274,VR886063,VA-AC-CBL,Billing & Payments,High,Billing,A3035,0,,399.0,GW-OTHER,N,This is very disappointing. Got the cable from vireo.in last month. the festive offer vanished when I clicked pay. I already tried on app and website. Refund. Now.,"Reported: discount not applied. chk coupon validity. rfnd approved, Rs 399, 5-7 working days. Will monitor.",helpdesk,0,399.0,Dev Kulkarni,Billing,1,VA-AC-CBL,90,True,False,0,0.0,PRICE-ADJ,True,2026-04
TK-252230,2026-04-17 18:46:00,2026-04-17 19:52,2026-04-17 20:01,resolved,email,C107877,,VA-EB-AIR,Billing & Payments,High,Billing,A3035,0,,2878.0,GW-OTHER,N,"Namaste, Ordered AirLite 2 weeks ago.  Cancel order. I tried cancel button, greyed out. Nothing changed. I want my mnoey back. Awaiting response,","1. Cancellation request
2. chk shipment status
3. Refunded Rs 2878",helpdesk,0,2878.0,Dev Kulkarni,Billing,1,VA-EB-AIR,760,True,False,0,0.0,CANCEL,True,2026-04
TK-252243,2026-04-18 09:55:00,2026-04-18 10:00,2026-04-18 10:48,resolved,chat,C108303,VR906412,VA-EB-PL1,Charging & Battery,Normal,Chat Frontline,A3010,0,,2499.0,GW-OTHER,N,"product: pules earbuds
order: vr906412
purchased: february 28
issue: app shows the left at 0 percent no matter how long its in the case
tried: tried a different cable
expected: fix",re: left bud not charging | conf fw 1.6.3 -> full rfnd processed (2499) ~Tenzin,helpdesk,0,2499.0,Tenzin Mathew,Chat Frontline,1,VA-EB-PL1,1120,True,False,0,0.0,DOA-REPL,True,2026-04
TK-252260,2026-04-18 17:58:00,2026-04-18 18:55,2026-04-18 19:28,closed,social,C107294,VR898020,VA-SP-MINI,Connectivity,Low,Chat Frontline,A3012,0,3.0,1250.0,WTY-BUYBACK,N,"To the Vireo Customer Care Team,

I am writinng with refernce to my order of orbit mini (VR898020) pllaced on March 04. Speaker not connecting to my router. I have tried hotspot. I request you to look inot tihs matter at the earliest.

Regards,
Aiswarya Singh
Lucknow","ticket raised for network setup issue. chk app version. fw update, rslvd. | replacement was offered earlier by chat team, cx opted for refund.",helpdesk,0,1250.0,Lakshmi Srivastava,Chat Frontline,1,VA-SP-MINI,980,True,False,0,0.0,PRICE-ADJ,True,2026-04
TK-252280,2026-04-19 10:44:00,2026-04-19 11:11,2026-04-19 11:19,resolved,voice,C105936,VR890213,VA-EB-PL2,Other,Normal,Voice Frontline,A3025,0,,3149.0,GW-OTHER,N,"please cancel, ordered by mitake - VR890213 - please resolev asap",refunded rs 3149. issue: cancel ord. chk shipment status. //KOM,helpdesk,0,3149.0,Komal Malhotra,Voice Frontline,1,VA-EB-PL2,1480,True,False,0,0.0,CANCEL,True,2026-04
TK-252281,2026-04-19 11:09:00,2026-04-19 11:12,2026-04-20 11:33,resolved,chat,C107825,,VA-EB-PL2,Delivery & Shipping,Normal,Logistics,A3027,0,,3499.0,DOA-REPL,N,"Dear Sir/Madam,

I am writing with reference to my order of Pulse 2 placed on 15-04-2026. I haven't received my order. I have checked the tracking page daily. I request you to process a refund to my original payment method.

Sincerely,
Rahul Agarwal","Re-shipped from warehouse. Issue: order not delivered. Raised ticket with crr partner.
Issued rfnd + rplc both, TL aware.",helpdesk,0,3499.0,Priya Agarwal,Logistics,1,VA-EB-PL2,1480,True,False,0,0.0,LOST-TRANSIT,True,2026-04
TK-252291,2026-04-19 14:41:00,2026-04-19 14:43,2026-04-19 14:55,resolved,chat,C106467,VR888684,VA-EB-PL2,Other,Normal,Chat Frontline,A3008,0,3.0,3149.0,GW-OTHER,N,"Hi team, I bought Pulse 2 on April 12. Want to cancel my order. I tried cancel button, greyed out. Please resolve asap. Regards,","Already shipped, adv RTO/return. Issue: ord cancellation. Cancelled before dispatch. //MEE",helpdesk,0,3149.0,Meera Malhotra,Chat Frontline,1,VA-EB-PL2,1480,True,False,0,0.0,CANCEL,True,2026-04
TK-252297,2026-04-19 18:41:00,2026-04-19 18:46,2026-04-19 19:11,resolved,chat,C106764,VR898580,VA-EB-PL2,Billing & Payments,Normal,Billing,A3035,0,,350.0,GW-OTHER,N,honestly regretting this purchase. bought pulse2 aorund april 13 from amazon. teh festive offer vanished when i clicked pay. i already tried on app and website. refund. now.,"1. Discount not applied
2. chk cart eligibilitty
3. Full rfnd processed (350)",helpdesk,0,350.0,Dev Kulkarni,Billing,1,VA-EB-PL2,1480,True,False,0,0.0,PRICE-ADJ,True,2026-04
TK-252308,2026-04-20 07:27:00,2026-04-20 07:29,2026-04-23 07:52,resolved,chat,C101054,VR881487,VA-SW-NX2,Delivery & Shipping,Normal,Logistics,A3028,0,,6499.0,GW-OTHER,N,"Dear Sir/Madam,

I am writing with reference to my order of my Nexa 2 wtach (VR881487) placed on April 10.  Package not delivered even after 21 days. I have called the courier. I request you to provide a resolution within 3 working days.

Sincerely,
Lakshmi Goyal","cust contacted re ord not delivered. chk awb with courier. rto conf, reshipped. -- processed fr & raised rma for new set.",helpdesk,0,6499.0,Sameer Kapoor,Logistics,1,VA-SW-NX2,2450,True,False,0,0.0,LOST-TRANSIT,True,2026-04
TK-252328,2026-04-20 20:36:00,2026-04-20 21:58,2026-04-20 22:24,resolved,voice,C108527,VR892951,VA-HP-ST3,Other,Normal,Voice Frontline,A3026,0,,1260.0,GW-OTHER,N,"[IVR transcript] buzzing sound from the speaker, VR892951, what do i do now?","FW update, cx to monitor. Issue: crackling/distortion. Asked for a recording. //AAD",helpdesk,0,1260.0,Aadhya Deshpande,Voice Frontline,1,VA-HP-ST3,2650,True,False,0,0.0,DOA-REPL,True,2026-04
TK-252335,2026-04-21 08:44:00,2026-04-22 02:26,2026-04-24 02:48,resolved,email,C105884,,VA-EB-PL2,Returns & Refunds,Normal,Returns Desk,A3037,0,,1050.0,GW-OTHER,N,"hi
refund not received yet
pulse2",arn shared with cx. issue: refund delay. chk reverse pickup qc status.,helpdesk,0,1050.0,Manish Iyer,Returns Desk,1,VA-EB-PL2,1480,True,False,0,0.0,RETURN-QC-OK,True,2026-04
TK-252357,2026-04-21 20:30:00,2026-04-21 20:40,2026-04-22 21:10,closed,chat,C105013,,VA-NB-ARC,Billing & Payments,Normal,Billing,A3035,2,3.0,1299.0,GW-OTHER,N,"Dear Sir/Madam,

I am writing wih reference to my order of my Arc placed on 29 Mar. Refuund not reeived yet. I have checked bank. I request you to process a refund to my original pyment method.

Regards,
Komal Malhotra
Vadodara",Cx says rfnd delay. chk reverse pickup QC status. rfnd of Rs 1299 initiated to source. Will monitor. Payment reversed Rs 1299. New piece dispatched same day.,helpdesk,0,1299.0,Dev Kulkarni,Billing,1,VA-NB-ARC,540,True,False,0,0.0,RETURN-QC-OK,True,2026-04
TK-252359,2026-04-21 21:32:00,2026-04-21 21:34,2026-04-21 22:07,resolved,chat,C103522,VR880794,VA-EB-PL1,Returns & Refunds,Normal,Returns Desk,A3036,0,1.0,2499.0,RETURN-QC-OK,N,Really frustrating. Order VR880794 (Pulse earbuds). refund was promised 17 days ago & nothing. I already emailed twice. ESCALATE THIS TO SOMEONE SENIOR.,"Cx reported refund pending. Cheked revese pickup QC status. Refund approved, Rs 2499, 5-7 working days. Will monitor. (SOP 5.4)",helpdesk,0,2499.0,Ritika D'Souza,Returns Desk,1,VA-EB-PL1,1120,True,False,0,0.0,DUP-PAYMENT,True,2026-04
TK-252384,2026-04-22 19:37:00,2026-04-22 19:38,2026-04-22 20:16,resolved,chat,C106950,VR883502,VA-EB-PL2,Other,Normal,Chat Frontline,A3015,0,3.0,2799.0,GW-OTHER,N,I was charged twice for one order.  VR883502. please call me on my registered number,"rfnd approved, Rs 2799, 5-7 working days. Issue: duplicate payment. Confirmed UTRs. [closed]",helpdesk,0,2799.0,Sameer Jadhav,Chat Frontline,1,VA-EB-PL2,1480,True,False,0,0.0,DUP-PAYMENT,True,2026-04
TK-252400,2026-04-23 15:18:00,2026-04-23 15:24,2026-04-23 15:49,resolved,chat,C102931,,VA-SW-NX2,Returns & Refunds,Normal,Returns Desk,A3036,0,3.0,6499.0,GW-OTHER,N,"Dear team,
Got my Nexa 2 watch from Amazon 2 weeks ago. Refund was promised 8 days ago and nothing.
Need this sorted this week.
Regards,",cx states refund delay. Checked reverse pickup QC status. Refund of Rs 6499 initiated to source. Closing.,helpdesk,0,6499.0,Ritika D'Souza,Returns Desk,1,VA-SW-NX2,2450,True,False,0,0.0,RETURN-QC-OK,True,2026-04
TK-252405,2026-04-23 18:19:00,2026-04-23 18:22,2026-04-23 18:56,resolved,chat,C108457,,VA-EB-PL2,Delivery & Shipping,High,Logistics,A3030,0,4.0,3499.0,GW-OTHER,N,"Product: Pulse 2
Order: VR909840
Purchased: April 20
Issue: received damaged product
Tried: refused nothing as I didn't notice till later
Expected: callback",refund approved //AIS,helpdesk,0,3499.0,Aishwarya Trivedi,Logistics,1,VA-EB-PL2,1480,True,False,0,0.0,DOA-REPL,True,2026-04
TK-252408,2026-04-23 19:22:00,2026-04-23 19:54,2026-04-26 20:17,resolved,voice,C105672,VR887526,VA-EB-PL2,Delivery & Shipping,High,Logistics,A3030,0,,3499.0,GW-OTHER,N,"[IVR transcript] Bought Pulse 2 around 25 Aug from vireo.in. The parcel looked like it was kicked here from the warehouse, and the unit has a crack. I took photos. What do I do now?","Reported: damaged in transit. Photos received, damage confirmed. rplc approved, reverse pkp arranged. refund + rplc, cx escalation avoided. //AIS",helpdesk,0,3499.0,Aishwarya Trivedi,Logistics,1,VA-EB-PL2,1480,True,False,0,0.0,DOA-REPL,True,2026-04
TK-252414,2026-04-24 08:14:00,2026-04-24 08:29,2026-04-24 09:07,resolved,voice,C102094,VR887667,VA-SW-NX2,Billing & Payments,Normal,Billing,A3033,0,,6499.0,GW-OTHER,N,"hello vireo,
this is regarding my nexa 2 watch. my bank says rs 1799 went to you but your site says i have no orders.
i waited 24 hours. nothing changed.
kindly look into it.
rgds lakshmi srivastava","1. amount deducted without order
2. confirmed with payment gateway
3. order manually created",helpdesk,0,6499.0,Vikram Banerjee,Billing,1,VA-SW-NX2,2450,True,False,0,0.0,DUP-PAYMENT,True,2026-04
TK-252466,2026-04-26 08:47:00,2026-04-26 08:56,2026-04-26 09:15,resolved,chat,C107294,VR898020,VA-SP-MINI,Audio Quality,Normal,Chat Frontline,A3013,0,4.0,2499.0,WTY-BUYBACK,Y,Honestly regretting this purchase. I bougth Orbit Mni on March 04. crackling sound in the left side. I already tried wired mode. Fix this or I am psoting on twitter,"fw update, cx to monitor. issue: crackling/distortion. checked fw. -- amount returned to card; fresh unit shipped from blr warehouse. ~Rohit",helpdesk,0,2499.0,Rohit Nair,Chat Frontline,1,VA-SP-MINI,980,True,True,1320,3819.0,DOA-REPL,True,2026-04
TK-252492,2026-04-27 06:32:00,2026-04-27 06:33,2026-04-27 06:52,resolved,chat,C101975,,VA-SP-MINI,Delivery & Shipping,Normal,Logistics,A3028,0,,500.0,GW-OTHER,N,"package not delivered even after 19 days
i want a replaement",cust contacted re dlvry delayed. chk awb w/ crr. rfnd of rs 500 initiated to source.,helpdesk,0,500.0,Sameer Kapoor,Logistics,1,VA-SP-MINI,980,True,False,0,0.0,LOST-TRANSIT,True,2026-04
TK-252505,2026-04-27 14:27:00,2026-04-27 19:21,2026-04-27 19:38,resolved,email,C107962,VR901151,VA-EB-PL2,Other,Normal,Email Frontline,A3018,0,,700.0,GW-OTHER,N,"team,
change of mind, please stop the shipment
in April se
my pulse 2","cancel order | cancelled before dispatch -> refund approved, rs 700, 5-7 working days",helpdesk,0,700.0,Krishna Bhatt,Email Frontline,1,VA-EB-PL2,1480,True,False,0,0.0,CANCEL,True,2026-04
TK-252514,2026-04-27 22:44:00,2026-04-27 22:45,2026-04-27 23:15,resolved,chat,C100828,VR889909,VA-EB-PL2,Connectivity,Normal,Chat Frontline,A3003,0,,3149.0,GW-OTHER,N,"Hi there,
Got pulse 2 buds from vireo.in last week. THE PAIRING LIGHT BLINKS BUT NOTHING EVER SHOWS UP ON MY PIXEL.
I FORGOT THE DVICE AND TRIED AGAIN. Nothing changed.
Please advise.
Awaiting response Swati","1. Pairing failure
2. Asked cx to reset the device
3. Re-pair successful, rslvd on chat.
rfnd processed to source; rplc unit also shipped. -KS",helpdesk,0,3149.0,Komal Singh,Chat Frontline,1,VA-EB-PL2,1480,True,False,0,0.0,WTY-BUYBACK,True,2026-04
TK-252517,2026-04-28 05:01:00,2026-04-28 07:48,2026-04-28 08:22,resolved,email,C103968,VR882054,VA-EB-PL1,Billing & Payments,High,Billing,A3032,0,,2499.0,GW-OTHER,N,"to the vireo customer care team,

i am writing with reference to my order of pulse earbuds placed on 22-12-2025. paid once, statement disagrees. i have waited a week. i request you to look into thhis mater at the earliest.

regards,
nisha jadhav
vadodara","1. double charge
2. confirmed utrs
3. full rfnd processed (2499) ~Sneha",helpdesk,0,2499.0,Sneha Bansal,Billing,1,VA-EB-PL1,1120,True,False,0,0.0,DUP-PAYMENT,True,2026-04
TK-252532,2026-04-28 13:16:00,2026-04-28 13:26,2026-04-30 13:46,resolved,chat,C105822,VR894672,VA-EB-PL2,Returns & Refunds,Normal,Returns Desk,A3037,0,5.0,3149.0,GW-OTHER,N,"Dear Sir/Madam,

I am writing with reference to my order of Pulse2 placed on 30 Mar.  Refund was promised 12 days ago and nothing. I have emailed twice. I request you to provide a resolution within 3 working days.

Sincerely,
Aishwarya Pandey",refunded rs 3149. issue: refund pending. checked reverse pickup qc status. ~Manish,helpdesk,0,3149.0,Manish Iyer,Returns Desk,1,VA-EB-PL2,1480,True,False,0,0.0,RETURN-QC-OK,True,2026-04
TK-252577,2026-04-30 10:40:00,2026-04-30 17:33,2026-04-30 18:09,resolved,email,C100642,VR893557,VA-EB-PL1,Billing & Payments,High,Billing,A3035,0,,2374.0,GW-OTHER,N,"order vr893557 (my pulse).  double payment deducted.
i waited a week. nothing changed.
please resolve asap.",Cx reported double charge. conf UTRs. rfnd of Rs 2374 initiated to source. Follow-up not required.,helpdesk,0,2374.0,Dev Kulkarni,Billing,1,VA-EB-PL1,1120,True,False,0,0.0,DUP-PAYMENT,True,2026-04
TK-252603,2026-05-01 07:18:00,2026-05-01 07:28,2026-05-04 07:46,resolved,chat,C106124,VR907139,VA-EB-PL2,Returns & Refunds,Normal,Returns Desk,A3037,0,,630.0,GW-OTHER,N,"Dear Sir/Madam,

I am writing w/ reference to my order of my Pulse 2 (VR907139) placed on 04 Apr.  Still waiting for my refund. I have emailed twice. I request you to look into this maatter at the earliest.

Sincerely,
Ramesh Dhillon","refund approved, rs 630, 5-7 working days. issue: refund pending. checked refund status on pg. | refund issued; replacement not applicable (out of stock). ~Manish",helpdesk,0,630.0,Manish Iyer,Returns Desk,1,VA-EB-PL2,1480,True,False,0,0.0,DUP-PAYMENT,True,2026-05
TK-252604,2026-05-01 08:14:00,2026-05-01 08:31,2026-05-03 09:00,resolved,voice,C109454,VR909911,VA-EB-PL2,Returns & Refunds,Normal,Returns Desk,A3037,0,3.0,3499.0,GW-OTHER,N,This is very disappointing.  Got Pulse2 from vireo.in in April. where is the money for the return. I already emailed twice. Fix this or I am posting on twitter.,arn shared with cx. issue: rfnd not credited. chk rfnd status on pg.,helpdesk,0,3499.0,Manish Iyer,Returns Desk,1,VA-EB-PL2,1480,True,False,0,0.0,DUP-PAYMENT,True,2026-05
TK-252627,2026-05-01 20:20:00,2026-05-01 20:22,2026-05-01 20:39,closed,chat,C107622,,VA-SW-NX2,Other,Normal,Chat Frontline,A3015,0,2.0,5199.0,GW-OTHER,N,"Dear Sir/Madam,

I am writing with reference to my ordr of Nexa 2 placed on April 26. Order not delivered, tracking not updating. I have checked the tracking page daily. I request you to look into this matter at the earliest.

Yours faithfully,
Lakshmi Ghosh",rfnd of Rs 5199 initiated to source. Issue: shipment not received. Raised ticket with courier partner. [closed],helpdesk,0,5199.0,Sameer Jadhav,Chat Frontline,1,VA-SW-NX2,2450,True,False,0,0.0,LOST-TRANSIT,True,2026-05
TK-252634,2026-05-02 09:10:00,2026-05-02 09:21,2026-05-02 09:31,resolved,chat,C109216,VR898161,VA-SW-FIT,Other,Low,Chat Frontline,A3006,0,,1599.0,GW-OTHER,N,"Product: the fit band
Order: VR898161
Purchased: 29 Apr
Issue: cancel order VR898161
Tried: tried cancel button, greyed out
Expected: replacement","1. cancellation request
2. checked shipment status
3. full refund processed (1599) -VB",helpdesk,0,1599.0,Varun Bhatt,Chat Frontline,1,VA-SW-FIT,850,True,False,0,0.0,CANCEL,True,2026-05
TK-252644,2026-05-02 15:59:00,2026-05-02 16:06,2026-05-04 16:29,resolved,chat,C104637,,VA-EB-PL2,Returns & Refunds,Low,Returns Desk,A3020,1,3.0,1400.0,GW-OTHER,N,"helo
where is the money for the return
my pulse 2
anyone there",contact re rfnd not credited. checked reverse pkp qc status. xfer to email frontline. rfnd of rs 1400 initiated to source.,helpdesk,0,1400.0,Aadhya Singh,Email Frontline,1,VA-EB-PL2,1480,True,False,0,0.0,RETURN-QC-OK,True,2026-05
TK-252675,2026-05-03 19:09:00,2026-05-03 20:45,2026-05-05 01:44,resolved,email,C107245,VR908098,VA-SP-MINI,Warranty & Repair,Low,Escalations & Warranty,A3040,0,,2499.0,GW-OTHER,Y,"Hello Vireo, I bought Orbit Mini on 16/11. No update on my repair. I emailed twice. Please advise. Regards, Ritika Khan","rma status qeury | checked qc report -> replacement approved and dispatched.
Processed FR and raised RMA for new set.",helpdesk,0,2499.0,Thomas Jadhav,Escalations & Warranty,2,VA-SP-MINI,980,True,True,1320,3819.0,WTY-BUYBACK,True,2026-05
TK-252678,2026-05-03 21:20:00,2026-05-03 21:59,2026-05-03 22:21,resolved,voice,C107909,VR906781,VA-EB-PL2,Delivery & Shipping,Normal,Logistics,A3030,0,,2799.0,GW-OTHER,Y,"Namaste,
Ordder VR906781 (the Pulse 2 earbuds). Received the wrong item.
I checked the invoice. Nothing changed.
Not acceptable at this price.
Pleae resolve asap.
Regards Kavya Mukherjee",as discussed //AIS,helpdesk,0,2799.0,Aishwarya Trivedi,Logistics,1,VA-EB-PL2,1480,True,True,1820,4619.0,REVIEW,False,2026-05
TK-252693,2026-05-04 15:25:00,2026-05-04 15:31,2026-05-07 16:00,resolved,chat,C101930,VR886612,VA-SW-NX2,Returns & Refunds,Normal,Returns Desk,A3036,0,,5849.0,GW-OTHER,N,"hi
the return was accepted but the amount is nowhere in my account
the nexa 2
kindly do the needful",cx states rfnd delay. chk reversse pikcup QC status. Full rfnd processed (5849). Cx informed. (SOP 3.1),helpdesk,0,5849.0,Ritika D'Souza,Returns Desk,1,VA-SW-NX2,2450,True,False,0,0.0,RETURN-QC-OK,True,2026-05
TK-252699,2026-05-04 18:47:00,2026-05-05 02:28,2026-05-05 02:53,resolved,email,C100726,VR888041,VA-EB-PL2,Connectivity,Normal,Email Frontline,A3016,0,3.0,6998.0,GW-OTHER,N,"not pairing w/ my phone
VR888041",Ticket raised for pairing failure. Walked through forget + re-pair. Refund of Rs 6998 initiated to source. -TK,helpdesk,0,6998.0,Thomas Kumar,Email Frontline,1,VA-EB-PL2,1480,True,False,0,0.0,WTY-BUYBACK,True,2026-05
TK-252700,2026-05-04 18:52:00,2026-05-04 19:40,2026-05-04 20:10,resolved,social,C101963,,VA-SP-MINI,Returns & Refunds,Normal,Returns Desk,A3036,0,,2374.0,RETURN-QC-OK,N,"Deear team, This is regarding orbit mini. Refund not rceeived yet. I emailed twice. Really frustrating. Please help. Rgds,",Reported: rfnd pending. Checked rfnd status on PG. Refunded Rs 2374. Cx satisfied on chat. (SOP 5.4),helpdesk,0,2374.0,Ritika D'Souza,Returns Desk,1,VA-SP-MINI,980,True,False,0,0.0,DUP-PAYMENT,True,2026-05
TK-252702,2026-05-04 19:49:00,2026-05-04 21:30,2026-05-04 21:48,resolved,voice,C108967,VR891786,VA-EB-PL1,Delivery & Shipping,High,Logistics,A3030,0,3.0,319.0,GW-OTHER,N,Really frustrating. This is regarding Pulse earbuds. product arrived damaged. I already took photos. Fix this or I am posting on twitter.,"done. -- Replacement was offered earlier by chat team, cx opted for rfnd. //AIS",helpdesk,0,319.0,Aishwarya Trivedi,Logistics,1,VA-EB-PL1,1120,True,False,0,0.0,DOA-REPL,True,2026-05
TK-252703,2026-05-04 21:35:00,2026-05-04 21:39,2026-05-04 22:08,resolved,chat,C101656,VR888761,VA-HP-ST2,Audio Quality,Normal,Chat Frontline,A3008,0,,7998.0,GW-OTHER,Y,"static noise when playing music
vr888761
kindly look into it","adv EQ reset, rslvd. Issue: crackling/distortion. chk w/ different source. -- Reversed the payment & dispatched a new one under RMA. //MEE",helpdesk,0,7998.0,Meera Malhotra,Chat Frontline,1,VA-HP-ST2,2100,True,True,2440,10438.0,DOA-REPL,True,2026-05
TK-252718,2026-05-05 11:39:00,2026-05-05 11:44,2026-05-05 12:09,resolved,chat,C107727,,VA-SP-MINI,Billing & Payments,High,Billing,A3034,0,,2249.0,GW-OTHER,N,"Hi team, I bought orbit mini on 05 May.  Discount was not applied at checkout. Please advise. Thanks & regards Payal Goyal","refund approved, rs 2249, 5-7 working days",helpdesk,0,2249.0,Tanvi Rathore,Billing,1,VA-SP-MINI,980,True,False,0,0.0,PRICE-ADJ,True,2026-05
TK-252723,2026-05-05 12:04:00,2026-05-05 14:42,,open,email,C105445,VR897956,VA-EB-PL2,Returns & Refunds,Normal,Returns Desk,A3036,0,2.0,3499.0,GW-OTHER,N,"refund not reeived yet, please call me on my registered number",Cx reported refund pending. Checked rfund status on PG. Full refund processed (3499). Follow-up not required. (SOP 4.2),helpdesk,0,3499.0,Ritika D'Souza,Returns Desk,1,VA-EB-PL2,1480,True,False,0,0.0,RETURN-QC-OK,True,2026-05
TK-252726,2026-05-05 12:27:00,2026-05-05 12:56,2026-05-05 13:27,resolved,social,C107237,VR900807,VA-HP-ST2,Audio Quality,High,Chat Frontline,A3013,0,,4499.0,GW-OTHER,N,"sir ji
only one side plays sound
abhi tak kuch nahi hua
strata 2 vr900807
help",refunded rs 4499. issue: single side audio only. asked cx to check bud in case. ~Rohit,helpdesk,0,4499.0,Rohit Nair,Chat Frontline,1,VA-HP-ST2,2100,True,False,0,0.0,DOA-REPL,True,2026-05
TK-252727,2026-05-05 12:52:00,2026-05-05 15:37,2026-05-09 17:20,resolved,voice,C105865,VR893637,VA-NB-ARC,Connectivity,Normal,Voice Frontline,A3043,1,3.0,1169.0,GW-OTHER,N,[IVR transcript] the pairing light blinks but nothing ever shows up on my Redmi - VR893637,resoled on cll. | Refunded. rplc request rejected as per policy. //NIK,helpdesk,0,1169.0,Nikhil Gupta,Escalations & Warranty,2,VA-NB-ARC,540,True,False,0,0.0,WTY-BUYBACK,True,2026-05
TK-252735,2026-05-05 17:38:00,2026-05-06 03:33,2026-05-06 04:01,closed,email,C102402,VR883334,VA-SP-MINI,Billing & Payments,Normal,Billing,A3034,0,,2499.0,GW-OTHER,N,"payment was deducted but no order was created, VR883334",done,helpdesk,0,2499.0,Tanvi Rathore,Billing,1,VA-SP-MINI,980,True,False,0,0.0,DUP-PAYMENT,True,2026-05
TK-252771,2026-05-06 23:20:00,2026-05-07 01:34,2026-05-07 02:03,closed,email,C102095,VR891940,VA-SW-FIT,Returns & Refunds,Normal,Returns Desk,A3037,0,,1999.0,RETURN-QC-OK,N,"Hey,
Order VR891940 (the fit band).  Return pickup has not happened.
I rescheduled pickup twice.
I have been a loyal customer and this is how you treat me.
Please call me on my registered number.
Awaiting response,",pickup rescheduled for 12 may. issue: pickup not done. checked pickup awb. refund issued; rplc not applicable (out of stock). ~Manish,helpdesk,0,1999.0,Manish Iyer,Returns Desk,1,VA-SW-FIT,850,True,False,0,0.0,DUP-PAYMENT,True,2026-05
TK-252780,2026-05-07 11:09:00,2026-05-07 13:08,2026-05-09 13:27,resolved,email,C109303,VR885511,VA-EB-AIR,Returns & Refunds,Normal,Returns Desk,A3037,0,3.0,1799.0,RETURN-QC-OK,N,"Product: AirLite
Order: VR885511
Purchased: 14 Apr
Issue: the return was accepted but the amount is nowhere in my account
Tried: emailed twice
Expected: callback",refund reprocessed. issue: refund pending. chk reverse pkp qc status.,helpdesk,0,1799.0,Manish Iyer,Returns Desk,1,VA-EB-AIR,760,True,False,0,0.0,DUP-PAYMENT,True,2026-05
TK-252794,2026-05-07 18:07:00,2026-05-07 19:21,2026-05-09 19:52,resolved,social,C105132,,VA-SW-FIT,Returns & Refunds,Normal,Returns Desk,A3036,0,4.0,1899.0,GW-OTHER,N,"Dear Sir/Madam,

I am writing with reference to my order of my Nexa Fit band placed on 14/04.  Refund not recieved yet. I have checked bank. I request you to kindly arrange a replacement.

Sincerely,
Nisha Bhatt
Bhubaneswar","Cx says rfnd pending. chk reverse picukp QC status. Full rfnd proessed (1899). Follow-up not required.
Replacement was offered earlier by chat team, cx opted for rfnd.",helpdesk,0,1899.0,Ritika D'Souza,Returns Desk,1,VA-SW-FIT,850,True,False,0,0.0,RETURN-QC-OK,True,2026-05
TK-252869,2026-05-10 08:14:00,2026-05-10 12:26,2026-05-10 12:37,resolved,email,C107766,VR907015,VA-EB-PL2,Billing & Payments,High,Billing,A3033,0,4.0,3499.0,GW-OTHER,N,"your ad said 20% off and the cart says full price, VR907015","1. promo code invalid
2. checked cart eligibility
3. rfnd approved, rs 3499, 5-7 working days",helpdesk,0,3499.0,Vikram Banerjee,Billing,1,VA-EB-PL2,1480,True,False,0,0.0,PRICE-ADJ,True,2026-05
TK-252929,2026-05-12 12:29:00,2026-05-12 12:33,2026-05-12 12:53,resolved,chat,C107918,,VA-EB-PL2,Billing & Payments,High,Billing,A3034,0,,560.0,GW-OTHER,N,pathetic experience honestly. i bought pulse 2 buds on 29 apr. coupon code not working. i already tried in caps. refund. now.,refund of rs 560 initiated to source (sop 4.2),helpdesk,0,560.0,Tanvi Rathore,Billing,1,VA-EB-PL2,1480,True,False,0,0.0,PRICE-ADJ,True,2026-05
TK-252952,2026-05-13 07:21:00,2026-05-13 07:23,2026-05-13 07:43,resolved,chat,C108894,VR894839,VA-SW-NX2,Charging & Battery,High,Chat Frontline,A3007,0,,5524.0,WTY-BUYBACK,N,"Hi Vireo support,
Nexa 2 purchased last month, order VR894839. Battery draining even when not in use.
I fully charged and discharged twice. Nothing changed.
Need this sorted this week.
Please revert","1. poor battery backup
2. chk fw 1.4.0
3. fw update pushed, adv to monitor. -- processed fr & raised rma for new set.",helpdesk,0,5524.0,Abhishek Gupta,Chat Frontline,1,VA-SW-NX2,2450,True,False,0,0.0,DUP-PAYMENT,True,2026-05
TK-252965,2026-05-13 13:09:00,2026-05-13 20:59,2026-05-13 21:27,resolved,email,C105517,VR882222,VA-SP-MINI,Billing & Payments,Normal,Billing,A3035,0,,2124.0,GW-OTHER,N,"I have been a loyal customer and this is how you treat me. Ordered orbit mini last week. double payment deducted. I already checked with bank. I want a replacement or refund, nothing else.",cx reached out - duplicate payment. Checked PG for duplicate txn. rnd processed. Will monitor.,helpdesk,0,2124.0,Dev Kulkarni,Billing,1,VA-SP-MINI,980,True,False,0,0.0,DUP-PAYMENT,True,2026-05
TK-252982,2026-05-14 02:07:00,2026-05-14 15:14,2026-05-14 15:25,resolved,email,C102221,VR903695,VA-EB-PL2,Delivery & Shipping,Normal,Logistics,A3030,0,,3499.0,WTY-BUYBACK,Y,"Dear Sir/Madam,

I am writing with reference to my order of pulse 2 buds (VR903695) placed on 09-05-2026. Order not delivered, tracking not updating. I have checked the tracking page daily. I request you to process a refund to my original payment method.

Regards,
Isah Dutta
Guwahati","Ticket raised for dlvry delayed. Raised ticket with courier partner. Courier conf dlvry for 17 May, cx informed. | Amount returned to card; fresh unit shipped from BLR warehouse. //AIS",helpdesk,0,3499.0,Aishwarya Trivedi,Logistics,1,VA-EB-PL2,1480,True,True,1820,5319.0,LOST-TRANSIT,True,2026-05
TK-253023,2026-05-15 16:45:00,2026-05-15 16:56,2026-05-18 17:25,resolved,chat,C102842,VR882739,VA-SW-FIT,Delivery & Shipping,Low,Logistics,A3030,0,3.0,1999.0,GW-OTHER,N,"bhai
i haven't received my order
abhi tak kuch nahi hua
the fit band
anyone there","Cx says dlvry delayed. Raised ticket with courier partner. Refund approved, Rs 1999, 5-7 working days. //AIS",helpdesk,0,1999.0,Aishwarya Trivedi,Logistics,1,VA-SW-FIT,850,True,False,0,0.0,LOST-TRANSIT,True,2026-05
TK-253024,2026-05-15 16:53:00,2026-05-15 17:07,2026-05-16 17:38,closed,chat,C103195,VR893287,VA-SW-NX2,Returns & Refunds,Normal,Returns Desk,A3036,0,2.0,6174.0,GW-OTHER,N,"refund not received yet, VR893287, need this sorted this week","Cx reported rfnd pending. Checked rfnd status on PG. rfd approved, Rs 6174, 5-7 working days. Case closed with cx consent. (SOP 3.1) -- rplc was offered earlier by chat team, cx opted for rfnd.",helpdesk,0,6174.0,Ritika D'Souza,Returns Desk,1,VA-SW-NX2,2450,True,False,0,0.0,PRICE-ADJ,True,2026-05
TK-253035,2026-05-16 00:58:00,2026-05-16 01:46,2026-05-18 02:20,resolved,chat,C105661,VR896328,VA-EB-PL2,Returns & Refunds,Normal,Returns Desk,A3037,0,,3499.0,GW-OTHER,N,"Hi there,
Ordered the Pulse 2 earbuds 3 weeks back. Refund was promised 11 days ago and nothing.
How do I get this fixed?
Rgds, Ankit","cust contacted re refund delay. chk refund status on pg. refund approved, rs 3499, 5-7 working days. cx satisfied on chat. ~Manish",helpdesk,0,3499.0,Manish Iyer,Returns Desk,1,VA-EB-PL2,1480,True,False,0,0.0,RETURN-QC-OK,True,2026-05
TK-253061,2026-05-16 19:26:00,2026-05-16 19:37,2026-05-19 19:48,resolved,chat,C108446,VR896480,VA-AC-CH65,Returns & Refunds,Normal,Returns Desk,A3036,0,4.0,300.0,GW-OTHER,N,"Hello,
I bought your charger on 01-05-2026.  I have been sitting at home for 3 days waiting for your courier.
I rescheduled pickup twice.
Waiting for your reply.
Awaiiting response, Harpreet",Ticket raised for reverse pickup pending. Checked pickup AWB. Refund of Rs 300 initiated to source. Will monitor. (SOP 2.7) Refunded. Replacement request rejected as per policy.,helpdesk,0,300.0,Ritika D'Souza,Returns Desk,1,VA-AC-CH65,610,True,False,0,0.0,RETURN-QC-OK,True,2026-05
TK-253091,2026-05-17 21:10:00,2026-05-17 21:11,2026-05-18 21:35,resolved,chat,C103782,,VA-EB-PL2,Returns & Refunds,Normal,Returns Desk,A3036,0,,3499.0,RETURN-QC-OK,N,"Bought Pulse2 around 26-04-2026 from Amazon. Return pickup has not happened.
I rescheduled pickup twice.
What do I do now?","Cx reported reverse pikup pending. chk pickup AWB. Full refund processed (3499). Case closed with cx consent. (SOP 2.7) -- Offered rplc, cx preferred refund. Refund processed.",helpdesk,0,3499.0,Ritika D'Souza,Returns Desk,1,VA-EB-PL2,1480,True,False,0,0.0,DUP-PAYMENT,True,2026-05
TK-253129,2026-05-18 19:01:00,2026-05-18 19:02,2026-05-18 19:19,resolved,chat,C100056,,VA-EB-PL2,Billing & Payments,Normal,Billing,A3035,0,5.0,2974.0,GW-OTHER,N,"Hi, Bought pulse 2 busd around May 05 form vireo.in. Payment was deducted but no order was created. How do I get thsi fixed?","Contact re amount deducted without ord. chk PG dashboard for txn. rfnd approved, Rs 2974, 5-7 working days. Follow-up not required.",helpdesk,0,2974.0,Dev Kulkarni,Billing,1,VA-EB-PL2,1480,True,False,0,0.0,DUP-PAYMENT,True,2026-05
TK-253133,2026-05-18 19:23:00,2026-05-18 22:32,2026-05-18 22:49,closed,email,C107159,VR895666,VA-NB-ARC,Other,Normal,Email Frontline,A3002,0,,195.0,GW-OTHER,N,"Dear Sir/Madam,

I am writing with reference to my order of Arc neckband placed on May 10. Change of mind, please stop the shipment. I have tried cancel button, greyed out. I request you to process a refund to my original payment method.

Sincerely,
Anjali Bansal","issue: cancellation request | cancelled before dispatch -> already shipped, advised rto/return [closed]",helpdesk,0,195.0,Steven Ansari,Chat Frontline,1,VA-NB-ARC,540,True,False,0,0.0,CANCEL,True,2026-05
TK-253135,2026-05-18 20:15:00,2026-05-18 20:36,2026-05-18 21:00,resolved,voice,C107082,VR906267,VA-EB-PL2,Connectivity,Normal,Voice Frontline,A3026,0,4.0,3499.0,GW-OTHER,N,"[IVR transcript] hi there, pulse 2 purchased around diwali, order vr906267. it connects for a second and then vanishes from the device list. i tried on another phone. nothing changed. please help. regards","issue: pairing failure | chk phone os version -> re-pair successful, rslvd on chat. Both rfnd and rplc given as cx threatened social media. //AAD",helpdesk,0,3499.0,Aadhya Deshpande,Voice Frontline,1,VA-EB-PL2,1480,True,False,0,0.0,WTY-BUYBACK,True,2026-05
TK-253146,2026-05-19 08:24:00,2026-05-19 08:25,2026-05-19 08:38,resolved,chat,C106874,VR886558,VA-SW-NX2,Other,Normal,Chat Frontline,A3011,0,4.0,5524.0,GW-OTHER,N,"To the Vireo Customer Care Team,

I am writing with reference to my order of my Nexa 2 watch (VR886558) placed on 06-05-2026. Ordered the wroong colour, don't ship it. I have tied cancel button, greyed out. I request you to provide a resolution within 3 working days.

Sincerely,
Om Desai
Dehradun","issue: cancel ord | chk shipment status -> rfnd approved, rs 5524, 5-7 working days",helpdesk,0,5524.0,Rohit Gill,Chat Frontline,1,VA-SW-NX2,2450,True,False,0,0.0,CANCEL,True,2026-05
TK-253162,2026-05-19 14:13:00,2026-05-19 14:15,2026-05-19 14:47,resolved,chat,C106121,VR889255,VA-EB-PL2,Delivery & Shipping,High,Logistics,A3030,0,,3499.0,GW-OTHER,N,"Dear Sir/Madam,

I am writnig with reference to my order of Pulse 2 (VR889255) paced on May 12. Screen has a crack before I even switched it on. I have took photos. I request you to look into this matter at the earliest.

Sincerely,
Imran Desai
Kolkata","Cx reported damaged in transit. Photos received, damage confirmed. Refunded Rs 3499.
Reversed the payment & dispatched a new one under RMA. //AIS",helpdesk,0,3499.0,Aishwarya Trivedi,Logistics,1,VA-EB-PL2,1480,True,False,0,0.0,DOA-REPL,True,2026-05
TK-253166,2026-05-19 15:29:00,2026-05-19 15:30,2026-05-20 15:42,resolved,chat,C104446,VR881626,VA-EB-PL2,Returns & Refunds,Normal,Returns Desk,A3036,0,,3499.0,GW-OTHER,N,where is the money for the return. VR881626. please calll me on my registered number,Cust contacted re refund delay. Checked revrse pkp QC status. ARN shared w/ cx. Case closed w/ cx consent.,helpdesk,0,3499.0,Ritika D'Souza,Returns Desk,1,VA-EB-PL2,1480,True,False,0,0.0,RETURN-QC-OK,True,2026-05
TK-253201,2026-05-20 16:06:00,2026-05-20 16:06,2026-05-23 16:29,resolved,chat,C103991,,VA-AC-CH65,Billing & Payments,Low,Billing,A3035,0,4.0,1349.0,RETURN-QC-OK,N,"Product: 65W charger
Order: VR903164
Purchased: 21/01
Issue: refund was promised 10 days ago and nothing
Tried: emailed twice
Expected: resolution","Contact re rfnd pending. Checked reverse pkp QC status. rfnd approved, Rs 1349, 5-7 working days. Closing.",helpdesk,0,1349.0,Dev Kulkarni,Billing,1,VA-AC-CH65,610,True,False,0,0.0,DUP-PAYMENT,True,2026-05
TK-253297,2026-05-23 14:59:00,2026-05-23 15:14,2026-05-25 15:31,resolved,chat,C108378,VR894987,VA-HP-ST3,Delivery & Shipping,Normal,Logistics,A3030,0,2.0,12598.0,LOST-TRANSIT,N,"Product: Strata 3
Order: VR894987
Purchased: 16-05-2026
Issue: order not delivered, tracking not updating
Tried: checked with neighbours
Expected: replacement","see prev. Offered replacement, cx preferred refund. Refund processed. //AIS",helpdesk,0,12598.0,Aishwarya Trivedi,Logistics,1,VA-HP-ST3,2650,True,False,0,0.0,PRICE-ADJ,True,2026-05
TK-253307,2026-05-23 20:41:00,2026-05-23 21:57,2026-05-30 23:22,resolved,email,C104095,,VA-EB-PL2,Other,Low,Email Frontline,A3039,1,3.0,2799.0,GW-OTHER,N,Not accpetable at this price. Ordered Pulse 2 recently. random disconnects during calls. I already turned off wifi. Fix this or I am posting on twitter.,"connection dropping | checked interference sources -> refund approved, rs 2799, 5-7 working days | xfer escalations & warranty (sop 5.4)",helpdesk,0,2799.0,Reyansh Mishra,Escalations & Warranty,2,VA-EB-PL2,1480,True,False,0,0.0,WTY-BUYBACK,True,2026-05
TK-253312,2026-05-23 23:05:00,2026-05-24 02:04,2026-05-24 02:33,resolved,email,C105458,VR900153,VA-EB-PL2,Billing & Payments,Low,Billing,A3033,0,,350.0,GW-OTHER,N,payment went through but i got no order id,"1. amount deducted without order
2. checked pg dashboard for txn
3. refund of rs 350 initiated to source",helpdesk,0,350.0,Vikram Banerjee,Billing,1,VA-EB-PL2,1480,True,False,0,0.0,DUP-PAYMENT,True,2026-05
TK-253335,2026-05-24 15:57:00,2026-05-24 16:00,2026-05-25 16:13,resolved,chat,C109202,,VA-AC-CASE,Returns & Refunds,Normal,Returns Desk,A3036,0,,1104.0,GW-OTHER,N,"hi sir
refund was promised 18 days ago and nothing
abhi tak kuch nahi hua
help",Customer reached out - refund not credited. Checked reverse pkp QC status. Refunded Rs 1104. Closing. -- Refunded. Replacement request rejected as per policy.,helpdesk,0,1104.0,Ritika D'Souza,Returns Desk,1,VA-AC-CASE,620,True,False,0,0.0,RETURN-QC-OK,True,2026-05
TK-253339,2026-05-24 18:00:00,2026-05-24 18:05,2026-05-24 18:35,resolved,chat,C108585,VR897804,VA-EB-PL2,Billing & Payments,Normal,Billing,A3035,0,2.0,2799.0,GW-OTHER,N,"Hi Vireo support, Pulse 2 purchased last week, order VR897804. Two entries of Rs 3499 on my statement for one pair of earbuds. Please help. Rgds",cx states chargged twice. conf UTRs. Refund processed. Cx satisfied on chat.,helpdesk,0,2799.0,Dev Kulkarni,Billing,1,VA-EB-PL2,1480,True,False,0,0.0,DUP-PAYMENT,True,2026-05
TK-253342,2026-05-24 19:32:00,2026-05-24 19:34,2026-05-27 19:55,resolved,chat,C107187,,VA-EB-PL2,Returns & Refunds,Normal,Returns Desk,A3036,0,,3149.0,GW-OTHER,N,"hello
return pickup has not happened
the pulse 2 earbuds
anyone there",Cx says pickup not done. Checked pickup AWB. Full rfnd processed (3149). Cx satisfied on chat.,helpdesk,0,3149.0,Ritika D'Souza,Returns Desk,1,VA-EB-PL2,1480,True,False,0,0.0,RETURN-QC-OK,True,2026-05
TK-253345,2026-05-24 21:52:00,2026-05-24 22:40,2026-06-02 00:19,resolved,social,C102407,,VA-SP-MINI,Other,Normal,Chat Frontline,A3017,0,,2124.0,GW-OTHER,Y,"team,
no update on my repair
pls jalldi
the mini speaker","cx reached out - rma status query. followed up w/ service centre. replacement raised, rma shared w/ cx. cx got the amount back, also sending a new set to keep him happy. -KS",helpdesk,0,2124.0,Kabir Singh,Email Frontline,1,VA-SP-MINI,980,True,True,1320,3444.0,WTY-BUYBACK,True,2026-05
TK-253349,2026-05-25 00:12:00,2026-05-25 00:15,2026-05-25 00:30,resolved,chat,C106895,,VA-EB-PL2,Other,Normal,Chat Frontline,A3016,1,,2974.0,DOA-REPL,Y,IT GOES SILENT FOR A SCEOND EVERY FEW MINUTES AND COMES BACK - PLEASE HELP,"Cx says connection dropping. Checked interference sources. Transferred to Email Frontline. rplc approved, reverse pkp arranged. Refunded Rs 2974 and also raised replacement, cx was very upset. -TK",helpdesk,0,2974.0,Thomas Kumar,Email Frontline,1,VA-EB-PL2,1480,True,True,1820,4794.0,REVIEW,False,2026-05
TK-253354,2026-05-25 08:57:00,2026-05-25 10:50,2026-05-26 11:10,resolved,email,C102979,VR898330,VA-EB-PL2,Returns & Refunds,Normal,Returns Desk,A3038,0,3.0,3499.0,GW-OTHER,N,you picked up the itme 14 days ago and my money hasn't come back,"1. Refund pending
2. Checked reverse pickup QC status
3. Refunded Rs 3499.
rfnd issued; rplc not applicable (out of stock).",helpdesk,0,3499.0,Ankit Dhillon,Returns Desk,1,VA-EB-PL2,1480,True,False,0,0.0,RETURN-QC-OK,True,2026-05
TK-253358,2026-05-25 10:23:00,2026-05-25 10:53,2026-05-25 11:10,closed,chat,C106646,VR896349,VA-HP-ST3,Delivery & Shipping,Normal,Logistics,A3028,0,4.0,892.0,GW-OTHER,N,cancel order VR896349,cust contacted re cancel ord. chk shipment status. full rfnd processed (892).,helpdesk,0,892.0,Sameer Kapoor,Logistics,1,VA-HP-ST3,2650,True,False,0,0.0,CANCEL,True,2026-05
TK-253362,2026-05-25 11:50:00,2026-05-25 11:53,2026-05-25 12:05,closed,chat,C100042,VR909782,VA-SW-NX2,Delivery & Shipping,Normal,Logistics,A3031,0,,6174.0,GW-OTHER,N,"Product: my Nexa 2 watch
Order: VR909782
Purchased: 24/05
Issue: change of mind, please stop the shipment
Tried: tried cancel button, greyed out
Expected: fix",cancellation request | checked shipment status -> full refund processed (6174),helpdesk,0,6174.0,Zaid Desai,Logistics,1,VA-SW-NX2,2450,True,False,0,0.0,CANCEL,True,2026-05
TK-253378,2026-05-25 19:35:00,2026-05-25 22:16,2026-05-25 22:43,resolved,social,C102968,VR886174,VA-EB-PL2,Other,Normal,Chat Frontline,A3002,2,,2799.0,GW-OTHER,N,"to the vireo customer care team,

i am writing with reference to my order of the pulse 2 earbuds (vr886174) placed on 17/05. i haven't received my order. i have checked the tracking page daily. i request you to kindly arrange a replacement.

regards,
lobsang bose",issue: order not delivered | confirmed address with cx -> refund initiated as lost in transit. reversed the payment and dispatched a new one under rma. [closed],helpdesk,0,2799.0,Steven Ansari,Chat Frontline,1,VA-EB-PL2,1480,True,False,0,0.0,LOST-TRANSIT,True,2026-05
TK-253395,2026-05-26 04:04:00,2026-05-26 04:06,2026-05-28 04:20,resolved,chat,C107447,VR889345,VA-HP-ST2,Returns & Refunds,Normal,Returns Desk,A3038,0,,2124.0,GW-OTHER,N,this is very disappointing. i bought strata 2 on 27/04. you picked up the item 20 days ago and my money hasn't come back. i already checked bank. this is the last time i buy from you,"1. Refund pending
2. chk reverse pkp QC status
3. Refund approved, Rs 2124, 5-7 working days",helpdesk,0,2124.0,Ankit Dhillon,Returns Desk,1,VA-HP-ST2,2100,True,False,0,0.0,RETURN-QC-OK,True,2026-05
TK-253397,2026-05-26 05:24:00,2026-05-26 05:37,2026-05-27 06:02,resolved,chat,C104008,VR882458,VA-AC-CH65,Returns & Refunds,Normal,Returns Desk,A3037,0,,1274.0,GW-OTHER,N,"hii
refund was promised 6 days ago and nothing
your charger
hello??","rfnd approved, rs 1274, 5-7 working days. issue: rfnd not credited. chk reverse pkp qc status.
replacement declined by cx, rfnd issued instead. ~Manish",helpdesk,0,1274.0,Manish Iyer,Returns Desk,1,VA-AC-CH65,610,True,False,0,0.0,RETURN-QC-OK,True,2026-05
TK-253406,2026-05-26 13:29:00,2026-05-26 13:36,2026-05-26 13:52,closed,chat,C103184,VR898862,VA-EB-PL2,Other,Normal,Chat Frontline,A3010,0,5.0,3499.0,GW-OTHER,N,"Product: my Pulse 2
Order: VR898862
Purchased: 21/05
Issue: cancel order VR898862
Tried: tried cancel button, greyed out
Expected: fix",issue: order cancellation | cancelled before dispatch -> refunded rs 3499,helpdesk,0,3499.0,Tenzin Mathew,Chat Frontline,1,VA-EB-PL2,1480,True,False,0,0.0,CANCEL,True,2026-05
TK-253419,2026-05-26 20:09:00,2026-05-26 20:13,2026-05-26 20:30,resolved,chat,C105711,VR881208,VA-SW-NX1,Other,High,Chat Frontline,A3004,0,2.0,4499.0,GW-OTHER,N,i bought nexa watch on 05/05. double payment deducted. i checked with bank. nothing changed. need this sorted this week. thanks & regards,"1. duplicate payment
2. confirmed utrs
3. duplicate refunded to source",helpdesk,0,4499.0,Geeta Dutta,Chat Frontline,1,VA-SW-NX1,1900,True,False,0,0.0,DUP-PAYMENT,True,2026-05
TK-253422,2026-05-26 21:16:00,2026-05-26 21:22,2026-05-26 21:39,resolved,chat,C104921,,VA-SW-NX2,Other,Normal,Chat Frontline,A3012,0,,6499.0,GW-OTHER,N,"helo
my son ordered this withouut asking, please reverse
kindly do the needful","cx reached out - ord cancellation. checked shipment status. already shipped, advised rto/return.",helpdesk,0,6499.0,Lakshmi Srivastava,Chat Frontline,1,VA-SW-NX2,2450,True,False,0,0.0,CANCEL,True,2026-05
TK-253437,2026-05-27 10:17:00,2026-05-27 11:29,2026-05-27 11:54,resolved,social,C102875,,VA-SW-NX2,Delivery & Shipping,Normal,Logistics,A3027,0,,5199.0,WTY-BUYBACK,N,"Dear Sir/Madam,

I am writing w/ reference to my order of the Nexa 2 placed on 19 May.  My order has not been delivered yet. I have checked w/ neighbours. I request u to provide a resolution within 3 working days.

Regards,
Kabir Mehta
Kochi","1. Shipment not receivde
2. Connfirmed address with cx
3. Re-shipped from warehouse. | Processed FR and raised RMA for new set.",helpdesk,0,5199.0,Priya Agarwal,Logistics,1,VA-SW-NX2,2450,True,False,0,0.0,LOST-TRANSIT,True,2026-05
TK-253451,2026-05-27 18:08:00,2026-05-27 18:31,2026-05-27 18:52,resolved,chat,C105670,VR902816,VA-HP-ST3,Audio Quality,Normal,Chat Frontline,A3009,0,,6999.0,GW-OTHER,N,"helo
i hear music in one ear only, other is mute",Cust contacted re no audio one side. Asked cx to check bud in case. Escalated to warranty. | Refund processed to source; rplc unit also shipped. //SUK,helpdesk,0,6999.0,Sukhwinder Singh,Chat Frontline,1,VA-HP-ST3,2650,True,False,0,0.0,WTY-BUYBACK,True,2026-05
TK-253474,2026-05-28 12:29:00,2026-05-28 13:39,,pending,voice,C107727,VR900790,VA-SP-MINI,Returns & Refunds,Low,Returns Desk,A3038,0,,2249.0,GW-OTHER,N,"hello ji
the return was accepted but the amount is nowhere in my account
kal se
hello??","1. Refund delay
2. chk reverse pickup QC status
3. Full refund processed (2249) -- Cx asked for replacement + refund, explained policy, refund only.",helpdesk,0,2249.0,Ankit Dhillon,Returns Desk,1,VA-SP-MINI,980,True,False,0,0.0,RETURN-QC-OK,True,2026-05
TK-253498,2026-05-29 11:58:00,2026-05-29 19:01,2026-05-29 19:24,resolved,email,C100992,VR893459,VA-EB-AIR,Billing & Payments,Normal,Billing,A3035,0,3.0,1529.0,GW-OTHER,N,"Dear team, Ordered AirLite last month. Discount was not applied at checkout. I tried on app & website. Please resolve asap. Thanks Riya Jain",re: promo code invalid | chk coupon validity -> refunded rs 1529,helpdesk,0,1529.0,Dev Kulkarni,Billing,1,VA-EB-AIR,760,True,False,0,0.0,PRICE-ADJ,True,2026-05
TK-253510,2026-05-29 19:08:00,2026-05-29 21:14,2026-05-29 21:22,resolved,social,C103121,VR901241,VA-EB-PL2,Other,Low,Chat Frontline,A3004,0,2.0,350.0,GW-OTHER,N,"Dear Sir/Madam,

I am writing with reference to my order of my Pulse 2 (VR901241) placed on 18-05-2026. WANT TO CANCEL MY ORDER. I have tried cancel button, greyed out. I request you to process a refund to my original payment method.

Sincerely,
Vihaan Menon
Chandigarh","already shipped, advised rto/return. issue: cancellation request. cancelled before dispatch.",helpdesk,0,350.0,Geeta Dutta,Chat Frontline,1,VA-EB-PL2,1480,True,False,0,0.0,CANCEL,True,2026-05
TK-253511,2026-05-29 19:12:00,2026-05-29 23:55,2026-05-30 00:25,resolved,email,C101427,VR890543,VA-EB-AIR,Charging & Battery,Normal,Email Frontline,A3002,0,,162.0,DOA-REPL,N,"hey,
i bought airlite on 15/10. battery life has dropped to almost nothing.
i fully charged and discharged twice. nothing changed.
can someone fix this?
thanks in advance",cx: battery draining fast | checked usage pattern with cx -> escalated to warranty [closed],helpdesk,0,162.0,Steven Ansari,Chat Frontline,1,VA-EB-AIR,760,True,False,0,0.0,DUP-PAYMENT,True,2026-05
TK-253515,2026-05-29 21:12:00,2026-05-29 21:17,,pending,chat,C100149,,VA-EB-PL2,Connectivity,High,Chat Frontline,A3014,0,,3499.0,WTY-BUYBACK,Y,"Dera Sir/Madam,

I am writinng with reference to my odrer of Pulse2 placed on 07 May.  My phone just doesn't see it in the list anymore. I have forgot the device and tried again. I request you to provide a resolution within 3 working days.

Sincerely,
Tanvi Yadav","adv FW update via app, rslvd. Issue: device not discoverable. chk phone OS version. -- Refunded Rs 3499 & also raised rplc, cx was very upset. -AD",helpdesk,0,3499.0,Anjali D'Souza,Chat Frontline,1,VA-EB-PL2,1480,True,True,1820,5319.0,REVIEW,False,2026-05
TK-253521,2026-05-29 22:17:00,2026-05-29 22:19,2026-05-29 22:42,resolved,chat,C107956,VR906115,VA-SP-ORB,Billing & Payments,High,Billing,A3034,0,5.0,5999.0,GW-OTHER,N,"Product: my Orbit
Order: VR906115
Purchased: 21 May
Issue: payment went through but I got no order id
Tried: tried logging out and in
Expected: callback",cust contacted re amount deducted without order. confirmed with payment gateway. refunded rs 5999.,helpdesk,0,5999.0,Tanvi Rathore,Billing,1,VA-SP-ORB,2300,True,False,0,0.0,DUP-PAYMENT,True,2026-05
TK-253561,2026-05-30 22:31:00,2026-05-30 22:33,2026-05-30 22:54,resolved,chat,C106951,VR894334,VA-SP-MINI,Delivery & Shipping,Normal,Logistics,A3028,0,,2124.0,GW-OTHER,N,pickup schedued but no one showed up,ticket raised for reverse pickup pending. re-raised pickup with crr. rfnd processed without pickup as goodwill.,helpdesk,0,2124.0,Sameer Kapoor,Logistics,1,VA-SP-MINI,980,True,False,0,0.0,RETURN-QC-OK,True,2026-05
TK-253563,2026-05-31 00:50:00,2026-05-31 00:58,2026-06-01 01:16,closed,chat,C108643,VR905875,VA-SW-NX2,Delivery & Shipping,Normal,Logistics,A3028,0,,1040.0,GW-OTHER,N,"Product: my Nexa 2 wathc
Order: VR905875
Purchased: 22/05
Issue: the courier mraked it delivered but nobody in my house got anything
Tried: checked the tracking page dily
Expected: callback",cust contacted re ord not delivered. chk awb w/ crr. refunded rs 1040.,helpdesk,0,1040.0,Sameer Kapoor,Logistics,1,VA-SW-NX2,2450,True,False,0,0.0,LOST-TRANSIT,True,2026-05
TK-253569,2026-05-31 09:25:00,2026-05-31 09:26,2026-06-01 13:36,resolved,chat,C106120,VR884091,VA-SW-FIT,Warranty & Repair,Normal,Escalations & Warranty,A3036,1,,1999.0,GW-OTHER,Y,"claim number RMA51604, anyone alive there?","Reported: warranty clami status. Checked RMA status. Transferred to Returns Desk. Repair completed, shipped back. Will monitor. (SOP 3.1) -- refund + rplc, cx escalation avoided.",helpdesk,0,1999.0,Ritika D'Souza,Returns Desk,1,VA-SW-FIT,850,True,True,1190,3189.0,WTY-BUYBACK,True,2026-05
TK-253599,2026-05-31 18:24:00,2026-06-01 02:52,2026-06-13 05:42,resolved,social,C108062,VR889923,VA-SW-NX1,Warranty & Repair,Low,Escalations & Warranty,A3039,0,3.0,4749.0,GW-OTHER,Y,"hey
what is the status of my warranty claim
nexa watch VR889923
help","customer states warranty claim status. followed up with service centre. cx updated, eta shared. cx informed. (sop 5.4) -- credited full amount, new unit also going out tomorrow. ~Reyansh",helpdesk,0,4749.0,Reyansh Mishra,Escalations & Warranty,2,VA-SW-NX1,1900,True,True,2240,6989.0,WTY-BUYBACK,True,2026-05
TK-253615,2026-06-01 11:12:00,2026-06-01 11:19,,pending,chat,C108059,VR882229,VA-EB-PL2,Audio Quality,Low,Chat Frontline,A3011,0,,2974.0,GW-OTHER,Y,"team,
no sound from the right earbud
bahut pareshan hu
the pulse 2 earbuds vr882229
hello??",see prv. Full rfnd issued & replacement dispatched as goodwill.,helpdesk,0,2974.0,Rohit Gill,Chat Frontline,1,VA-EB-PL2,1480,True,True,1820,4794.0,REVIEW,False,2026-06
TK-253623,2026-06-01 14:26:00,2026-06-01 21:11,2026-06-04 21:29,resolved,email,C102225,VR881155,VA-AC-CASE,Returns & Refunds,Normal,Returns Desk,A3036,0,3.0,1104.0,GW-OTHER,N,"Namaste,
Got the charging case I odrered from vireo.in around Diwali. Refund was promised 17 days ago and nothing.
I checked bank.
Not acceptable at this price.
I want a replacement.
Please revert,","Reported: refund pending. chk reverse pickup QC status. Refund approved, Rs 1104, 5-7 working days. Wlil monitor. (SOP 2.7)",helpdesk,0,1104.0,Ritika D'Souza,Returns Desk,1,VA-AC-CASE,620,True,False,0,0.0,RETURN-QC-OK,True,2026-06
TK-253632,2026-06-01 19:38:00,2026-06-01 19:40,2026-06-01 20:14,resolved,chat,C106079,VR908995,VA-SP-MINI,Returns & Refunds,Normal,Returns Desk,A3036,0,,2499.0,GW-OTHER,N,"helo
refund not received yet
orbit mini
??","Ticket raised for rfnd not credited. chk reverse pickup QC status. rfnd conf credited. Closing.
Refund issued; replacement not applicable (out of stock).",helpdesk,0,2499.0,Ritika D'Souza,Returns Desk,1,VA-SP-MINI,980,True,False,0,0.0,RETURN-QC-OK,True,2026-06
TK-253652,2026-06-02 11:40:00,2026-06-02 12:18,2026-06-02 12:45,resolved,voice,C107903,VR887383,VA-SW-FIT,Other,Normal,Voice Frontline,A3009,1,,1999.0,GW-OTHER,N,"[IVR transcript] Hello, my Nexa Fit band purchased 2 weeks ago, order VR887383. Double payment deducted. I checked with bank. Nothing changed. How do I get this fixed? Rgds",Reported: duplicate payment. Checked PG for duplicate txn. Transferred to Chat Frontline. Full refund processed (1999). (SOP 4.2),helpdesk,0,1999.0,Sukhwinder Singh,Chat Frontline,1,VA-SW-FIT,850,True,False,0,0.0,DUP-PAYMENT,True,2026-06
TK-253668,2026-06-02 20:44:00,2026-06-03 08:31,2026-06-03 08:50,resolved,email,C101385,VR892166,VA-EB-PL2,Billing & Payments,Normal,Billing,A3034,0,,2974.0,GW-OTHER,N,"hi
payment was deducted but no order was created
anyone there",refund processed to source (sop 4.2),helpdesk,0,2974.0,Tanvi Rathore,Billing,1,VA-EB-PL2,1480,True,False,0,0.0,DUP-PAYMENT,True,2026-06
TK-253675,2026-06-03 08:32:00,2026-06-03 08:34,2026-06-03 08:58,closed,chat,C100857,,VA-HP-ST3,Charging & Battery,Normal,Chat Frontline,A3010,0,2.0,6999.0,DOA-REPL,N,"hi sir
dies by lunchtime w/ light use
pls reply","rplc raised after test. Issue: battery draining fast. Checked usage ptatern w/ cx. -- Issued rfnd + replacement both, TL aware. ~Tenzin",helpdesk,0,6999.0,Tenzin Mathew,Chat Frontline,1,VA-HP-ST3,2650,True,False,0,0.0,WTY-BUYBACK,True,2026-06
TK-253679,2026-06-03 10:16:00,2026-06-03 10:20,2026-06-03 10:37,resolved,chat,C100464,,VA-EB-PL2,Returns & Refunds,Normal,Returns Desk,A3038,0,,2799.0,GW-OTHER,N,"Hi there, This is regarding pulse 2 buds. Refund was promised 10 days ago and nothing. I emailed twice. Please help. Awaiting response","1. Refund pending
2. chk reverse pkp QC status
3. ARN shared with cx. Processed FR and raised RMA for new set.",helpdesk,0,2799.0,Ankit Dhillon,Returns Desk,1,VA-EB-PL2,1480,True,False,0,0.0,DUP-PAYMENT,True,2026-06
TK-253727,2026-06-04 22:13:00,2026-06-04 22:46,2026-06-04 23:05,resolved,email,C105153,VR885553,VA-EB-AIR,Billing & Payments,High,Billing,A3034,0,4.0,1709.0,GW-OTHER,N,"dear sir/madam,

i am writing with reference to my order of the airlite buds placed on 30-05-2026. i was charged twice for one order. i have checked with bank. i request you to kindly arrange a replacement.

sincerely,
simran shah
raipur",-,helpdesk,0,1709.0,Tanvi Rathore,Billing,1,VA-EB-AIR,760,True,False,0,0.0,DUP-PAYMENT,True,2026-06
TK-253747,2026-06-05 15:32:00,2026-06-05 19:25,2026-06-07 19:40,resolved,email,C107576,VR902472,VA-EB-PL2,Returns & Refunds,Normal,Returns Desk,A3036,0,,2974.0,GW-OTHER,N,This is very disappointing. Order VR902472 (Pulse 2). the return was accepted but the amount is nowhere in my account. I already checked bank. Escalate this to someone senior.,Cx reported refund delay. Checked reverse pkp QC status. Refund of Rs 2974 initiated to source. Follow-up not required.,helpdesk,0,2974.0,Ritika D'Souza,Returns Desk,1,VA-EB-PL2,1480,True,False,0,0.0,RETURN-QC-OK,True,2026-06
TK-253748,2026-06-05 17:31:00,2026-06-05 17:50,2026-06-07 18:02,resolved,chat,C102021,VR901635,VA-EB-PL2,Billing & Payments,High,Billing,A3035,0,,3324.0,GW-OTHER,N,"product: pulse 2
order: vr901635
purchased: 27/05
issue: refund not received yet
tried: checked bank
expected: callback",Cx reported rfnd pending. Checkde reveres pkp QC status. Refunded Rs 3324. Case closed w/ cx consent.,helpdesk,0,3324.0,Dev Kulkarni,Billing,1,VA-EB-PL2,1480,True,False,0,0.0,RETURN-QC-OK,True,2026-06
TK-253767,2026-06-06 10:55:00,2026-06-06 11:00,2026-06-06 11:20,resolved,chat,C105170,VR895773,VA-EB-AIR,Billing & Payments,Normal,Billing,A3033,0,5.0,900.0,GW-OTHER,N,"hello ji
i was charged twice for one order
abhi tak kuch nahi hua","1. charged twice
2. checked pg for duplicate txn
3. full rfnd processed (900)",helpdesk,0,900.0,Vikram Banerjee,Billing,1,VA-EB-AIR,760,True,False,0,0.0,DUP-PAYMENT,True,2026-06
TK-253778,2026-06-06 13:51:00,2026-06-06 14:58,2026-06-11 15:21,resolved,email,C102681,VR907923,VA-EB-PL2,Delivery & Shipping,High,Logistics,A3030,0,,446.0,GW-OTHER,N,this is regarding the pulse 2 earbuds. package not delivered even after 7 days. i called the courier. nothing changed. can someone fix this? regards,Cx reported delivery delayed. conf address w/ cx. rfnd of Rs 446 initiated to source.,helpdesk,0,446.0,Aishwarya Trivedi,Logistics,1,VA-EB-PL2,1480,True,False,0,0.0,LOST-TRANSIT,True,2026-06
TK-253804,2026-06-07 11:19:00,2026-06-07 12:34,2026-06-07 12:55,resolved,social,C103138,VR901201,VA-EB-PL2,Charging & Battery,Normal,Chat Frontline,A3006,0,4.0,3324.0,GW-OTHER,N,"not acceptable at this price.  bought my pulse 2 around march 19 from vireo.in. the left earbud is not charging at all. i already tried a different cable. i want a replacement or refund, nothing else.","1. left earbud not taking charge
2. asked cx to clean charging pins
3. replacement raised, rma shared with cx. | full refund issued and replacement dispatched as goodwill. -VB",helpdesk,0,3324.0,Varun Bhatt,Chat Frontline,1,VA-EB-PL2,1480,True,False,0,0.0,DOA-REPL,True,2026-06
TK-253810,2026-06-07 13:48:00,2026-06-07 13:53,2026-06-08 14:11,resolved,chat,C100391,VR891747,VA-SP-MINI,Returns & Refunds,Normal,Returns Desk,A3037,0,,2499.0,DOA-REPL,Y,u picked up the item 21 days ago and my money hasn't come back. what do i do now?,"refund approved, rs 2499, 5-7 working days. issue: refund not credited. chk reverse pickup qc status. issued rfnd + rplc both, tl aware. ~Manish",helpdesk,0,2499.0,Manish Iyer,Returns Desk,1,VA-SP-MINI,980,True,True,1320,3819.0,RETURN-QC-OK,True,2026-06
TK-253814,2026-06-07 15:12:00,2026-06-07 15:12,2026-06-07 15:24,resolved,chat,C105106,VR905923,VA-EB-PL2,Other,Normal,Chat Frontline,A3009,0,,2974.0,GW-OTHER,N,"Hi team,
Got pulse 2 buds from vireo.in last week. My son odrered this wtihout asking, please reverse.
I tried cancel button, greyed out.
I am losing patience.
Please resolve asap.",Reported: order cancellation. Cancelled before dispatch. Refunded Rs 2974. (SOP 4.2),helpdesk,0,2974.0,Sukhwinder Singh,Chat Frontline,1,VA-EB-PL2,1480,True,False,0,0.0,CANCEL,True,2026-06
TK-253819,2026-06-07 16:33:00,2026-06-07 16:44,2026-06-07 16:58,resolved,chat,C102724,,VA-EB-PL2,Other,Normal,Chat Frontline,A3005,0,,3499.0,GW-OTHER,N,"Dear Sir/Madam,

I am writing with reference to my order of Pulse 2 placed on 25-05-2026. Want to cancel my order. I have tried cancel button, greyed out. I request you to kindly arrange a replacement.

Sincerely,
Harpreet Gaikwad",Contact re cancellation request. Cancelled before dispatch. Full rfnd processed (3499).,helpdesk,0,3499.0,Payal Bhatia,Chat Frontline,1,VA-EB-PL2,1480,True,False,0,0.0,CANCEL,True,2026-06
TK-253833,2026-06-07 22:36:00,2026-06-07 22:38,2026-06-10 23:00,resolved,chat,C106952,VR900043,VA-EB-PL2,Delivery & Shipping,Normal,Logistics,A3031,0,,700.0,GW-OTHER,N,"product: pulse 2 bus
order: vr900043
purchased: 24/05
issue: nobody came for the pickup
tried: called courier
expected: refund",issue: pickup not done | re-raised pickup with courier -> full refund processed (700),helpdesk,0,700.0,Zaid Desai,Logistics,1,VA-EB-PL2,1480,True,False,0,0.0,RETURN-QC-OK,True,2026-06
TK-253837,2026-06-08 06:36:00,2026-06-08 09:01,2026-06-11 09:24,resolved,email,C100715,VR883129,VA-AC-CASE,Returns & Refunds,High,Returns Desk,A3038,0,,1169.0,RETURN-QC-OK,N,"hello
refud not received yet
spare case VR883129
pls reply","1. Refund pending
2. Checked reverse pkp QC status
3. Refund reprocessed",helpdesk,0,1169.0,Ankit Dhillon,Returns Desk,1,VA-AC-CASE,620,True,False,0,0.0,LOST-TRANSIT,True,2026-06
TK-253839,2026-06-08 08:28:00,2026-06-08 09:16,2026-06-08 09:45,resolved,email,C100564,VR885091,VA-EB-PL2,Connectivity,Normal,Email Frontline,A3021,0,,3149.0,DOA-REPL,N,"helo
cannot pair pulse 2 with my laptop
urgent","re: pairing failure | chk phoen os version -> adv fw update via app, rslvd. Both refund and rplc given as cx threatened social media. ~Meera",helpdesk,0,3149.0,Meera Mathew,Email Frontline,1,VA-EB-PL2,1480,True,False,0,0.0,WTY-BUYBACK,True,2026-06
TK-253840,2026-06-08 08:29:00,2026-06-08 08:47,2026-06-08 09:15,resolved,voice,C100770,,VA-SW-NX2,Charging & Battery,Low,Voice Frontline,A3024,0,,5524.0,DOA-REPL,N,[IVR transcript] battery life has dropped to almost nothing. can someone fix this?,"Cx reported poor battery backup. chk FW 3.7.0. FW update pushed, advised to monitor. Cx satisfied on chat. -- Reversed the payment & dispatched a new one under RMA. ~Amit",helpdesk,0,5524.0,Amit Deshpande,Voice Frontline,1,VA-SW-NX2,2450,True,False,0,0.0,WTY-BUYBACK,True,2026-06
TK-253860,2026-06-08 12:59:00,2026-06-08 13:24,2026-06-08 13:45,resolved,voice,C100844,,VA-EB-PL2,App & Firmware,Normal,Voice Frontline,A3024,0,4.0,2799.0,GW-OTHER,N,[IVR transcript] i have been a loyal customer and this is how you treat me.  this is regarding pulse 2 buds. firmware update stuck for 2 hours. i already kept phone nearby. fix this or i am posting on twitter.,Cust contacted re firmware update failed. Walked through recovery mode. Full refund processed (2799). Follow-up not required. ~Amit,helpdesk,0,2799.0,Amit Deshpande,Voice Frontline,1,VA-EB-PL2,1480,True,False,0,0.0,WTY-BUYBACK,True,2026-06
TK-253890,2026-06-09 11:43:00,2026-06-09 12:35,2026-06-14 12:52,resolved,email,C107360,,VA-EB-PL2,Delivery & Shipping,High,Logistics,A3027,0,2.0,3149.0,GW-OTHER,N,"the parcel looked like it was kicked here from the warehouse, and the unit has a crack. CAN SOMEONE FIX THIS?","1. Unit received damaged
2. Checked with crr for damage claim
3. Reverse pkp arranged",helpdesk,0,3149.0,Priya Agarwal,Logistics,1,VA-EB-PL2,1480,True,False,0,0.0,DOA-REPL,True,2026-06
TK-253903,2026-06-09 20:41:00,2026-06-09 20:46,2026-06-09 21:07,resolved,chat,C104297,,VA-SW-NX2,Connectivity,Normal,Chat Frontline,A3009,0,5.0,6499.0,DOA-REPL,Y,"dear team,
got nexa 2 from amazon a month ago.  cannot pair nexa 2 with my laptop.
i tied on aonther phone.
how do i get thhis fixed?
awaiting response ayan bansal","Re-pair successful, rslvd on chat. Issue: device not discoverable. Walked through forget + re-pair. | Full refund issued and rplc dispatched as goodwill. //SUK",helpdesk,0,6499.0,Sukhwinder Singh,Chat Frontline,1,VA-SW-NX2,2450,True,True,2790,9289.0,REVIEW,False,2026-06
TK-253918,2026-06-10 11:22:00,2026-06-10 11:51,2026-06-10 12:13,closed,chat,C105465,VR880495,VA-EB-PL2,Returns & Refunds,Normal,Returns Desk,A3037,0,2.0,3499.0,RETURN-QC-OK,N,"the Pulse 2 earbuds purchased recently, order VR880495. The app said pickup today, that was on 12/05. I rescheduled pickup twice. Nothing changed. HOW DO I GET THIS FIXED? THANKS, SAI AGARWAL",refund of rs 3499 initiated to source. issue: pkp not done. checked pkp awb.,helpdesk,0,3499.0,Manish Iyer,Returns Desk,1,VA-EB-PL2,1480,True,False,0,0.0,DUP-PAYMENT,True,2026-06
TK-253941,2026-06-10 22:15:00,2026-06-11 18:08,2026-06-11 18:22,closed,social,C107787,VR900816,VA-SP-ORB,Delivery & Shipping,Low,Logistics,A3030,0,2.0,900.0,GW-OTHER,N,"hi, got my orbit from amazon last week. package not delivered even after 8 days. i checked with neighbours. what do i do now?",Customer states shipment not received. chk AWB with courier. Refunded Rs 900. //AIS,helpdesk,0,900.0,Aishwarya Trivedi,Logistics,1,VA-SP-ORB,2300,True,False,0,0.0,LOST-TRANSIT,True,2026-06
TK-253966,2026-06-12 10:49:00,2026-06-12 14:40,2026-06-12 14:50,resolved,email,C107441,VR908750,VA-AC-CASE,Delivery & Shipping,Normal,Logistics,A3030,0,,1299.0,GW-OTHER,N,"Dear Sir/Madam,

I am writing with reference to my order of spare case (VR908750) placed on June 02. The courier marked it delvered but nobody in my house got anything. I have chcked the tracking page daily. I request u to look into this matter at the earliest.

Regards,
Kabir Arora","Cust contacted re shipment not received. Confirmed address with cx. RTO confirmed, reshipped. -- refund + rplc, cx escalation avoided. //AIS",helpdesk,0,1299.0,Aishwarya Trivedi,Logistics,1,VA-AC-CASE,620,True,False,0,0.0,LOST-TRANSIT,True,2026-06
TK-253977,2026-06-12 18:03:00,2026-06-12 18:20,2026-06-13 18:46,resolved,voice,C108850,VR881886,VA-EB-PL1,Delivery & Shipping,Normal,Logistics,A3030,0,2.0,2124.0,WTY-BUYBACK,N,"This is regarding my Pulse.  Package not delivered even after 17 days.
I called the courier.
Kindly look into it.
Thanks & regards","cx: shipment not received | confirmed address with cx -> rfnd initiated as lost in transit.
Processed FR & raised RMA for new set. //AIS",helpdesk,0,2124.0,Aishwarya Trivedi,Logistics,1,VA-EB-PL1,1120,True,False,0,0.0,LOST-TRANSIT,True,2026-06
TK-253989,2026-06-13 07:38:00,2026-06-13 18:55,2026-06-13 19:15,resolved,email,C102086,VR893047,VA-EB-PL2,Charging & Battery,Normal,Email Frontline,A3018,0,,3499.0,GW-OTHER,N,"To the Vireo Customer Care Team,

I am writing with reference to my order of Pulse 2 (VR893047) placed on March 06. Goes from full to empty during one commute. I have turned off always-on display. I request you to kindly arrange a replacement.

Regards,
Pranav Dutta
Bhopal","cx: rapid batery drain | advised disabling anc/aod to test -> advised settings change, cx satisfied.
Reversed the payment and dispatched a new one under RMA. ~Krishna",helpdesk,0,3499.0,Krishna Bhatt,Email Frontline,1,VA-EB-PL2,1480,True,False,0,0.0,WTY-BUYBACK,True,2026-06
TK-253991,2026-06-13 09:01:00,2026-06-13 09:09,2026-06-13 09:17,resolved,chat,C107748,VR888918,VA-HP-ST3,Delivery & Shipping,Normal,Logistics,A3028,0,4.0,6999.0,GW-OTHER,N,"hi, my strata 3 headphones purchased a month ago, order vr888918. want to cancel my order. i tried cancel button, grreyed out. nothing changed. i want a replacement.","cx reached out - cancellation request. cancelled before dispatch. cancelled, rfnd initiated.",helpdesk,0,6999.0,Sameer Kapoor,Logistics,1,VA-HP-ST3,2650,True,False,0,0.0,CANCEL,True,2026-06
TK-253996,2026-06-13 10:43:00,2026-06-13 12:28,2026-06-13 12:51,resolved,email,C104682,VR893891,VA-SW-NX2,Returns & Refunds,Low,Returns Desk,A3037,0,4.0,12348.0,GW-OTHER,N,"helo
received damaged product",done ~Manish,helpdesk,0,12348.0,Manish Iyer,Returns Desk,1,VA-SW-NX2,2450,True,False,0,0.0,DOA-REPL,True,2026-06
TK-253997,2026-06-13 11:13:00,2026-06-13 11:22,2026-06-16 11:39,resolved,chat,C101832,VR882872,VA-HP-ST3,Delivery & Shipping,Low,Logistics,A3027,0,4.0,6299.0,GW-OTHER,Y,order status stuck on shipped since 07-06-2026,Cx reported delivery delayed. conf address with cx. Refund initiated as lost in transit. Case closed with cx consent. Reversed the payment and dispatched a new one under RMA.,helpdesk,0,6299.0,Priya Agarwal,Logistics,1,VA-HP-ST3,2650,True,True,2990,9289.0,LOST-TRANSIT,True,2026-06
TK-254003,2026-06-13 17:23:00,2026-06-13 18:32,2026-06-15 18:47,resolved,email,C108900,VR886607,VA-AC-CH65,Delivery & Shipping,Normal,Logistics,A3030,0,,1349.0,WTY-BUYBACK,N,product arrived damaged - vr886607,Customer reached out - transit damage. Checked with crr for damage claim. rplc dispatched. Both rfnd & replacement given as cx threatened social media. //AIS,helpdesk,0,1349.0,Aishwarya Trivedi,Logistics,1,VA-AC-CH65,610,True,False,0,0.0,DOA-REPL,True,2026-06
TK-254011,2026-06-13 21:57:00,2026-06-14 01:46,2026-06-16 02:11,resolved,email,C106166,,VA-EB-PL1,Returns & Refunds,Normal,Returns Desk,A3037,0,,2374.0,GW-OTHER,N,"Product: Pulse earbuds
Purchased: 23-05-2026
Issue: you picked up the item 6 days ago and my money hasn't come back
Tried: checked bank
Expected: resolution",refunded rs 2374. issue: rfnd delay. checked reverse pkp qc status. ~Manish,helpdesk,0,2374.0,Manish Iyer,Returns Desk,1,VA-EB-PL1,1120,True,False,0,0.0,RETURN-QC-OK,True,2026-06
TK-254038,2026-06-15 11:51:00,2026-06-15 14:29,2026-06-15 14:54,closed,email,C103254,,VA-EB-PL2,Other,Normal,Email Frontline,A3018,0,,2799.0,WTY-BUYBACK,N,"HI
PAIRING IS NOT WORKING
PULSE2","re: device not discoverable | walked through forget + re-pair -> reset done, paired ok. | Full refund issued and replacement dispatched as goodwill. ~Krishna",helpdesk,0,2799.0,Krishna Bhatt,Email Frontline,1,VA-EB-PL2,1480,True,False,0,0.0,DOA-REPL,True,2026-06
TK-254064,2026-06-15 20:17:00,2026-06-16 02:15,2026-06-19 02:32,resolved,email,C106363,,VA-EB-PL2,Other,Normal,Email Frontline,A3001,0,3.0,3149.0,GW-OTHER,Y,"dear sir/madam, got my pulse 2 from vireo.in 2 weeks ago. paid on 02/06, still waiting for something to show up. i checked with neighbours. nothing changed. how do i get this fixed? please revert","cust contacted re shipment not received. raied ticket with courier partner. refund initiaed as lost in transit. | refund + rplc, cx escalation avoided. ~Suresh",helpdesk,0,3149.0,Suresh Kaur,Chat Frontline,1,VA-EB-PL2,1480,True,True,1820,4969.0,LOST-TRANSIT,True,2026-06
TK-254083,2026-06-16 14:51:00,2026-06-16 15:23,2026-06-16 15:40,resolved,social,C107202,,VA-EB-PL1,Returns & Refunds,Normal,Returns Desk,A3036,0,5.0,4998.0,GW-OTHER,N,"dear sir/madam,

i am writing with reference to my order of pulse earbuds placed on 23 may. where is the money for the return. i have emailed twice. i request you to look into this matter at the earliest.

regards,
siddharth bhatt",cx ok,helpdesk,0,4998.0,Ritika D'Souza,Returns Desk,1,VA-EB-PL1,1120,True,False,0,0.0,DUP-PAYMENT,True,2026-06
TK-254125,2026-06-18 06:19:00,2026-06-18 06:27,2026-06-18 06:46,resolved,chat,C104299,VR889056,VA-EB-PL2,Billing & Payments,High,Billing,A3034,0,5.0,3499.0,GW-OTHER,N,"Pathetic experience honestly.  I bought Pulse2 on June 09. payment was deducted but no order was created. I already checked bank statement. I want a replacement or refund, nothing else.",closed,helpdesk,0,3499.0,Tanvi Rathore,Billing,1,VA-EB-PL2,1480,True,False,0,0.0,DUP-PAYMENT,True,2026-06
TK-254135,2026-06-18 13:24:00,2026-06-18 14:30,2026-06-20 17:53,resolved,voice,C103008,,VA-EB-PL2,Warranty & Repair,Normal,Escalations & Warranty,A3041,0,,2799.0,WTY-BUYBACK,Y,"hello
i sent the unit in 9 days ago and have heard nothing
??","1. Warranty claim status
2. Checked QC report
3. Cx updated, ETA shared. Sent a new unit and released the money as well, cx was in tears on call.",helpdesk,0,2799.0,Mohammed Mehta,Escalations & Warranty,2,VA-EB-PL2,1480,True,True,1820,4619.0,WTY-BUYBACK,False,2026-06
TK-254155,2026-06-19 08:58:00,2026-06-19 09:52,2026-06-19 10:03,resolved,voice,C105723,,VA-EB-PL2,Other,High,Voice Frontline,A3024,0,,2799.0,GW-OTHER,N,[IVR transcript] this is regarding pulse 2. cancel order. i wannt a replacement.,as discussed ~Amit,helpdesk,0,2799.0,Amit Deshpande,Voice Frontline,1,VA-EB-PL2,1480,True,False,0,0.0,CANCEL,True,2026-06
TK-254168,2026-06-20 00:21:00,2026-06-20 03:09,2026-06-23 03:25,resolved,email,C107134,VR900496,VA-AC-CH65,Delivery & Shipping,Normal,Logistics,A3029,1,4.0,1499.0,GW-OTHER,N,"Namaste, Order VR900496 (the GaN charger). My order has not been delivered yet. Please call me on my registered number.","courier confirmed delivery for 25 jun, cx informed. issue: shipment not received. confirmed address with cx. cx got the amount back, also sending a new set to keep him happy. -RM",helpdesk,0,1499.0,Rajat Mukherjee,Logistics,1,VA-AC-CH65,610,True,False,0,0.0,LOST-TRANSIT,True,2026-06
TK-254172,2026-06-20 09:48:00,2026-06-20 10:54,2026-06-25 14:12,resolved,voice,C107138,VR890959,VA-SW-NX2,Warranty & Repair,Normal,Escalations & Warranty,A3039,0,,6499.0,GW-OTHER,Y,"service centre took it, now silence","warranty claim status | followed up with service centre -> cx updated, eta shared (sop 3.1) -- amount returned to card; fresh unit shipped from blr warehouse. ~Reyansh",helpdesk,0,6499.0,Reyansh Mishra,Escalations & Warranty,2,VA-SW-NX2,2450,True,True,2790,9289.0,WTY-BUYBACK,True,2026-06
TK-254197,2026-06-20 19:02:00,2026-06-20 22:43,2026-06-20 23:04,closed,email,C108028,VR893107,VA-EB-PL2,Billing & Payments,High,Billing,A3034,0,,3499.0,GW-OTHER,N,"hello vireo,
order vr893107 (the pulse 2 earbuds). card charged two times.
i waited a week.
veyr poor quality.
please call me on my registered number.",as discussed,helpdesk,0,3499.0,Tanvi Rathore,Billing,1,VA-EB-PL2,1480,True,False,0,0.0,DUP-PAYMENT,True,2026-06
TK-254202,2026-06-20 21:28:00,2026-06-20 22:01,2026-06-20 22:37,resolved,voice,C107099,VR893231,VA-EB-AIR,Charging & Battery,Normal,Voice Frontline,A3003,0,,1709.0,GW-OTHER,Y,[IVR transcript] hi no light comes on the case when i plug it in the airrlite buds anyone there,"1. Case not charging
2. Checked for lint in port
3. Replacement case raised (SOP 4.2) | Refund processed to source; rplc unit also shipped. -KS",helpdesk,0,1709.0,Komal Singh,Chat Frontline,1,VA-EB-AIR,760,True,True,1100,2809.0,DOA-REPL,True,2026-06
TK-254226,2026-06-21 13:23:00,2026-06-21 13:24,2026-06-21 13:40,resolved,chat,C104636,VR892986,VA-EB-PL2,Connectivity,Normal,Chat Frontline,A3013,0,,3324.0,DOA-REPL,Y,"To the Vireo Customer Care Team,

I am writing with reference to my order of pulse 2 buds (VR892986) placed on 09/06. It goes silent for a second every few minutes and comes back. I have kept phone in hand. I request you to process a refund to my original payment method.

Sincerely,
Manpreet Jadhav",fw update resolved. issue: intermittent disconnects. checked fw 2.7.5. | full refund issued and replacement dispatched as goodwill. ~Rohit,helpdesk,0,3324.0,Rohit Nair,Chat Frontline,1,VA-EB-PL2,1480,True,True,1820,5144.0,REVIEW,False,2026-06
TK-254260,2026-06-22 14:26:00,2026-06-22 14:27,2026-06-23 14:49,resolved,chat,C107254,,VA-SP-ORB,Delivery & Shipping,Normal,Logistics,A3030,0,2.0,5099.0,GW-OTHER,N,"Product: the Orbit smart speaker
Purchased: January 23
Issue: package not delivered even after 20 days
Tried: called the courier
Expected: replacement","Cx reported ord not delivered. conf address w/ cx. Re-shipped from warehouse.
Credited full amount, new unit also going out tomorrow. //AIS",helpdesk,0,5099.0,Aishwarya Trivedi,Logistics,1,VA-SP-ORB,2300,True,False,0,0.0,LOST-TRANSIT,True,2026-06
TK-254266,2026-06-22 16:21:00,2026-06-22 16:23,2026-06-27 16:49,resolved,chat,C100935,VR884972,VA-EB-PL2,Other,Normal,Chat Frontline,A3015,0,4.0,2974.0,DOA-REPL,N,tracking has said out for delivery for a week now,"re: shipment not received | conf address with cx -> rto conf, reshipped. Cx got the amount back, also sending a new set to keep him happy. [closed]",helpdesk,0,2974.0,Sameer Jadhav,Chat Frontline,1,VA-EB-PL2,1480,True,False,0,0.0,LOST-TRANSIT,True,2026-06
TK-254285,2026-06-23 09:28:00,2026-06-23 10:49,2026-06-23 11:08,resolved,social,C107308,VR891204,VA-EB-AIR,Returns & Refunds,Normal,Returns Desk,A3037,0,4.0,270.0,GW-OTHER,N,This is vey disappointing. Got airlite earbuds from vireo.in 3 weeks back. return pickup has not happened. I already rescheduled pickup twice. This is the last time I buy from u,issue: pickup missed | chk pickup awb -> full refund processed (270) ~Manish,helpdesk,0,270.0,Manish Iyer,Returns Desk,1,VA-EB-AIR,760,True,False,0,0.0,DUP-PAYMENT,True,2026-06
TK-254296,2026-06-23 15:02:00,2026-06-24 03:57,2026-06-24 04:24,resolved,email,C102490,,VA-AC-CASE,Returns & Refunds,High,Returns Desk,A3038,0,3.0,1299.0,GW-OTHER,N,"hi, ordered the charging case i ordered in june. refund was promised 7 days ago and nothing. can someone fix this? please revert, komal agarwal","1. Refund delay
2. Checked reverse pickup QC status
3. Refund approved, Rs 1299, 5-7 working days",helpdesk,0,1299.0,Ankit Dhillon,Returns Desk,1,VA-AC-CASE,620,True,False,0,0.0,RETURN-QC-OK,True,2026-06
TK-254298,2026-06-23 19:24:00,2026-06-23 19:26,2026-06-23 19:54,resolved,chat,C103328,,VA-NB-ARC,Charging & Battery,Normal,Chat Frontline,A3022,2,,1299.0,GW-OTHER,Y,"Dear Sir/Madam,

I am writing with reference to my order of the neckband placed on 01-08-2025. Dies by lunchtime with light use. I have fully charged and discharged twice. I request you to provide a resolution within 3 working days.

Regards,
Dev Gill",Cx reported rapid battery drain. Advised disabling ANC/AOD to test. Transferred to Email Frontline. Escalated to warranty. | Refund processed to source; replacement unit also shipped.,helpdesk,0,1299.0,Daniel Arora,Email Frontline,1,VA-NB-ARC,540,True,True,880,2179.0,DUP-PAYMENT,True,2026-06
TK-254302,2026-06-23 21:03:00,2026-06-23 21:06,2026-06-23 21:28,resolved,chat,C100873,VR900306,VA-EB-PL2,Billing & Payments,High,Billing,A3035,0,,3499.0,GW-OTHER,N,my bank shows the same amount twice on the same day.  pls hepl,Ticket raised for charged twice. conf UTRs. Refunded Rs 3499. Cx satisfied on chat.,helpdesk,0,3499.0,Dev Kulkarni,Billing,1,VA-EB-PL2,1480,True,False,0,0.0,DUP-PAYMENT,True,2026-06
TK-254317,2026-06-24 14:45:00,2026-06-24 14:47,2026-06-24 15:20,resolved,chat,C108557,VR892397,VA-EB-AIR,Connectivity,Normal,Chat Frontline,A3008,0,4.0,1799.0,GW-OTHER,N,"hello ji
paiirng is not working
abhi tak kuch nahi hua
airlite vr892397
kinly do the needful","rfnd approved, Rs 1799, 5-7 working days. Issue: unable to pair w/ phone. Checked phone OS version. //MEE",helpdesk,0,1799.0,Meera Malhotra,Chat Frontline,1,VA-EB-AIR,760,True,False,0,0.0,DOA-REPL,True,2026-06
TK-254328,2026-06-24 19:46:00,2026-06-24 19:53,2026-06-24 20:44,resolved,chat,C108316,,VA-EB-PL2,Other,Normal,Chat Frontline,A3008,0,,3149.0,GW-OTHER,Y,"right side works perfectly, left one just does not wake up","Replacement raised, RMA shared w/ cx. Issue: L bud no charge in case. Asked cx to cleaan charging pins.
rfnd processed to source; replacement unit also shipped. //MEE",helpdesk,0,3149.0,Meera Malhotra,Chat Frontline,1,VA-EB-PL2,1480,True,True,1820,4969.0,WTY-BUYBACK,True,2026-06
TK-254348,2026-06-25 13:18:00,2026-06-25 14:14,2026-06-30 17:01,resolved,social,C104697,,VA-EB-AIR,Audio Quality,Normal,Chat Frontline,A3044,1,5.0,1709.0,GW-OTHER,Y,this is very disappointing. bought airlite around 15 jun from vireo.in. no sound from the right earbud. i already tried different phone. escalate this to someone senior.,"1. Left side silent
2. Checked balance settings with cx
3. Transferred to Escalations & Warranty
4. Replacement raised. | Refunded Rs 1709 and also raised replacement, cx was very upset.",helpdesk,0,1709.0,Arjun Kumar,Escalations & Warranty,2,VA-EB-AIR,760,True,True,1100,2809.0,WTY-BUYBACK,True,2026-06
TK-254364,2026-06-25 22:42:00,2026-06-26 01:16,2026-06-26 01:31,resolved,email,C109061,VR883160,VA-HP-ST2,Billing & Payments,High,Billing,A3034,0,,4999.0,GW-OTHER,N,"hey
the festive offer vanished when i clicked pay
my strata 2 headphones
urgetn",sorted,helpdesk,0,4999.0,Tanvi Rathore,Billing,1,VA-HP-ST2,2100,True,False,0,0.0,PRICE-ADJ,True,2026-06
TK-254368,2026-06-26 01:31:00,2026-06-26 03:09,2026-06-26 03:20,closed,social,C101072,VR891238,VA-EB-AIR,Other,Normal,Chat Frontline,A3003,0,,1799.0,GW-OTHER,N,"Hi there, I bought the AirLite buds on 15-11-2025.  Cancel order. I tried cancel button, greyed out. Nothing changed. I want my money back.","1. ord cancellation
2. Checked shipment status
3. rfnd approved, Rs 1799, 5-7 working days -KS",helpdesk,0,1799.0,Komal Singh,Chat Frontline,1,VA-EB-AIR,760,True,False,0,0.0,CANCEL,True,2026-06
TK-254372,2026-06-26 06:57:00,2026-06-26 10:23,2026-06-27 10:45,resolved,social,C103416,VR905452,VA-EB-PL2,Returns & Refunds,Normal,Returns Desk,A3038,0,5.0,350.0,GW-OTHER,N,"Hi team,
Bought the Pulse 2 earbuds around 10 Jun from Flipkart. Refund was promised 14 days ago and nothing.
I checked bank.
Please call me on my registered number.","1. rfnd not credited
2. chk reverse pkp QC status
3. rfnd approved, Rs 350, 5-7 working days",helpdesk,0,350.0,Ankit Dhillon,Returns Desk,1,VA-EB-PL2,1480,True,False,0,0.0,RETURN-QC-OK,True,2026-06
TK-254381,2026-06-26 11:46:00,2026-06-26 11:55,2026-06-26 12:19,closed,chat,C101879,VR908615,VA-EB-AIR,Connectivity,Normal,Chat Frontline,A3006,0,,1709.0,GW-OTHER,Y,Honestly regretting this purchase. Ordered the AirLite buds in April. pairing is not working. I already restarted the phone. Fix this or I am posting on twitter.,"reset done, paired ok. issue: pairing failure. checked phone os version. money back to source and a fresh pair shipped. -VB",helpdesk,0,1709.0,Varun Bhatt,Chat Frontline,1,VA-EB-AIR,760,True,True,1100,2809.0,WTY-BUYBACK,True,2026-06
TK-254384,2026-06-26 12:38:00,2026-06-26 16:05,2026-06-26 16:23,resolved,email,C109310,VR888895,VA-EB-PL1,Delivery & Shipping,Normal,Logistics,A3030,0,,2124.0,GW-OTHER,N,"Hi Vireo support, my Pulse purchased last week, order VR888895. The coourier marked it delivered but nobody in my hoouse got anything. Please advise. Thanks in advance",Reported: order not delivered. Confirmed address w/ cx. Full rfnd processed (2124). //AIS,helpdesk,0,2124.0,Aishwarya Trivedi,Logistics,1,VA-EB-PL1,1120,True,False,0,0.0,LOST-TRANSIT,True,2026-06
TK-254401,2026-06-26 20:29:00,2026-06-26 20:30,2026-07-01 20:49,resolved,chat,C100333,,VA-EB-PL2,Delivery & Shipping,High,Logistics,A3030,0,4.0,2799.0,GW-OTHER,N,this is very disappointing.  i bought pulse2 on june 26. package not delivered even after 19 days. i already checked with neighbours. refund. now.,"Contact re dlvry delayed. Raised ticket with courier partner. Courier confirmed dlvry for 29 Jun, cx informed. //AIS",helpdesk,0,2799.0,Aishwarya Trivedi,Logistics,1,VA-EB-PL2,1480,True,False,0,0.0,LOST-TRANSIT,True,2026-06
TK-254410,2026-06-27 07:59:00,2026-06-27 08:03,2026-06-29 08:36,resolved,chat,C103579,VR899218,VA-SP-MINI,Returns & Refunds,Normal,Returns Desk,A3037,0,3.0,2499.0,GW-OTHER,N,"product: the mini speaker
order: vr899218
purchased: 30-05-2026
issue: the return was accepted but the amount is nowhere in my account
tried: emailed twice
expected: fix",full rfnd processed (2499). issue: rfnd not credited. chk rfnd status on pg. ~Manish,helpdesk,0,2499.0,Manish Iyer,Returns Desk,1,VA-SP-MINI,980,True,False,0,0.0,DUP-PAYMENT,True,2026-06
TK-254433,2026-06-27 20:15:00,2026-06-27 23:54,2026-06-28 00:20,closed,email,C103860,,VA-EB-PL2,Charging & Battery,Normal,Email Frontline,A3001,0,4.0,3324.0,GW-OTHER,N,"hi sir
the l bud is basically a paperweight now, r is fine
3 weeks back se
hello??","issue: l bud no charge in case | walked through factory reset -> reset resolved, cx confirmed left bud charging. | reversed the payment and dispatched a new one under rma. ~Suresh",helpdesk,0,3324.0,Suresh Kaur,Chat Frontline,1,VA-EB-PL2,1480,True,False,0,0.0,WTY-BUYBACK,True,2026-06
TK-254439,2026-06-28 09:20:00,2026-06-28 09:24,2026-06-28 09:38,resolved,chat,C101010,VR894791,VA-EB-AIR,Connectivity,Low,Chat Frontline,A3010,0,,1529.0,GW-OTHER,N,"hello
bluetooth pairing fails every time
urgent","Reset done, paired ok. Issue: unable to pair w/ phone. Walked throuh forget + re-pair. | refund + rplc, cx escalation avoided. ~Tenzin",helpdesk,0,1529.0,Tenzin Mathew,Chat Frontline,1,VA-EB-AIR,760,True,False,0,0.0,WTY-BUYBACK,True,2026-06
TK-254449,2026-06-28 12:26:00,2026-06-28 12:45,2026-07-10 15:05,resolved,chat,C105815,VR897482,VA-SW-NX2,Warranty & Repair,Low,Escalations & Warranty,A3039,0,3.0,6499.0,GW-OTHER,N,"hey
claim number rma36450, anyone alive there?
the nexa 2 VR897482
kindly do the needful","warranty claim status | checked rma status -> new unit shipped under doa. -- refund + rplc, cx escalation avoided. ~Reyansh",helpdesk,0,6499.0,Reyansh Mishra,Escalations & Warranty,2,VA-SW-NX2,2450,True,False,0,0.0,WTY-BUYBACK,True,2026-06
TK-254465,2026-06-28 18:14:00,2026-06-28 18:49,2026-06-30 19:01,resolved,email,C106149,VR896666,VA-EB-PL2,Returns & Refunds,Normal,Returns Desk,A3036,0,3.0,3324.0,GW-OTHER,Y,"hello
still waiting for my refund","Customer reached out - reffund pending. chk reverse pickup QC status. Fuull refund processed (3324). Cx informed. (SOP 3.1)
Reversed the payment & dispatched a new one under RMA.",helpdesk,0,3324.0,Ritika D'Souza,Returns Desk,1,VA-EB-PL2,1480,True,True,1820,5144.0,RETURN-QC-OK,True,2026-06
TK-254466,2026-06-28 20:32:00,2026-06-28 21:16,2026-06-28 21:50,resolved,voice,C102650,VR885191,VA-SW-FIT,Charging & Battery,Low,Voice Frontline,A3026,0,,1699.0,GW-OTHER,Y,"[IVR transcript] I have to charge it twice a day now, it used to last days","Contact re rapid battery drain. chk usage pattern w/ cx. esc to wty.
Both rfnd & replacement given as cx threatened social media. //AAD",helpdesk,0,1699.0,Aadhya Deshpande,Voice Frontline,1,VA-SW-FIT,850,True,True,1190,2889.0,DUP-PAYMENT,True,2026-06
TK-254467,2026-06-28 21:17:00,2026-06-28 21:54,2026-06-28 22:32,resolved,voice,C108417,,VA-EB-PL1,Billing & Payments,Normal,Billing,A3035,1,,250.0,GW-OTHER,N,"Dear Sir/Madam,
This is regarding pulse 1.  MONEY DEBITED BUT ORDER NOT SHOWING.
I TRIED LOGGING OUT AND IN. Nothing changed.
What do I do now?
Awaiting response",Cust contacted re amount deducted without order. Checked PG dashboard for txn. Order manually created. Will monitor.,helpdesk,0,250.0,Dev Kulkarni,Billing,1,VA-EB-PL1,1120,True,False,0,0.0,DUP-PAYMENT,True,2026-06
TK-254469,2026-06-28 22:30:00,2026-06-28 22:32,2026-06-28 22:47,resolved,chat,C103116,VR906851,VA-AC-CBL,Other,Normal,Chat Frontline,A3003,0,,319.0,GW-OTHER,N,"hello ji
please cancel, ordered by mistake
abhi tak kuch nahi hua
usb-c cable vr906851
??","1. Cancellation request
2. Cancelled before dispatch
3. Refund approved, Rs 319, 5-7 working days (SOP 2.7)",helpdesk,0,319.0,Komal Singh,Chat Frontline,1,VA-AC-CBL,90,True,False,0,0.0,CANCEL,True,2026-06
TK-254480,2026-06-29 11:49:00,2026-06-29 12:56,2026-06-29 13:15,resolved,voice,C105119,VR900631,VA-EB-PL2,Connectivity,Normal,Voice Frontline,A3025,0,5.0,332.0,GW-OTHER,N,"[IVR transcript] hi vireo support, pulse 2 buds purchased last month, order vr900631. pairing is not working. i forgot the device and tried again. nothing changed. what do i do now? thank you dev","reset done, paired ok. issue: unable to pair w/ phone. chk phone os version. //KOM",helpdesk,0,332.0,Komal Malhotra,Voice Frontline,1,VA-EB-PL2,1480,True,False,0,0.0,DOA-REPL,True,2026-06
TK-254481,2026-06-29 12:15:00,2026-06-29 12:17,2026-07-02 12:37,resolved,chat,C100069,VR891785,VA-AC-CASE,Returns & Refunds,Normal,Returns Desk,A3037,0,,166.0,GW-OTHER,N,"Hello Vireo,
This is regarding spare case. The return was accepted but the amount is nowhere in my account.
I checked bank. Nothing changed.
Please call me on my registered number.",refunded rs 166. issue: refund not credited. checked reverse pkp qc status.,helpdesk,0,166.0,Manish Iyer,Returns Desk,1,VA-AC-CASE,620,True,False,0,0.0,RETURN-QC-OK,True,2026-06
TK-254495,2026-06-29 18:31:00,2026-06-30 04:22,2026-06-30 04:38,resolved,email,C104432,VR896324,VA-AC-CASE,Other,Low,Email Frontline,A3001,0,4.0,1169.0,GW-OTHER,N,"sir ji
want to cancel my order
please jaldi
spare case
help",cx: ordre cancellation | checekd shipment status -> refund of rs 1169 initiated to source ~Suresh,helpdesk,0,1169.0,Suresh Kaur,Chat Frontline,1,VA-AC-CASE,620,True,False,0,0.0,CANCEL,True,2026-06
TK-254497,2026-06-29 20:11:00,2026-06-29 20:13,2026-06-29 20:25,resolved,chat,C104322,VR909407,VA-SW-NX2,Other,Normal,Chat Frontline,A3012,0,4.0,5199.0,GW-OTHER,N,"hi sir
want to cancel my order
my nexa 2 watch
anyone there","1. cancel order
2. checked shipment status
3. cancelled, refund initiated",helpdesk,0,5199.0,Lakshmi Srivastava,Chat Frontline,1,VA-SW-NX2,2450,True,False,0,0.0,CANCEL,True,2026-06
TK-254504,2026-06-29 23:59:00,2026-06-30 00:01,2026-07-01 00:17,closed,chat,C105992,VR885073,VA-SW-NX2,Other,Normal,Chat Frontline,A3002,0,,6174.0,GW-OTHER,N,"Hey, Got Nexa 2 from Amazon last month. Tracking has said out for delivery for a week now. I checked with neighbours. Please resolve asap. Regards,",re: delivery delayed | confirmed address with cx -> refunded rs 6174 (sop 5.4),helpdesk,0,6174.0,Steven Ansari,Chat Frontline,1,VA-SW-NX2,2450,True,False,0,0.0,LOST-TRANSIT,True,2026-06
TK-254511,2026-06-30 08:13:00,2026-06-30 08:13,2026-07-03 08:39,resolved,chat,C100434,,VA-EB-PL1,Returns & Refunds,Normal,Returns Desk,A3037,0,,2499.0,GW-OTHER,N,"HI SIR
STILL WAITING FOR MY REFUND
10 DAYS AGO SE
THE PULSE BUDS",refund of rs 2499 initiated to source. issue: refund pending. checked reverse pickup qc status. ~Manish,helpdesk,0,2499.0,Manish Iyer,Returns Desk,1,VA-EB-PL1,1120,True,False,0,0.0,RETURN-QC-OK,True,2026-06
TK-254521,2026-06-30 12:45:00,2026-06-30 12:46,2026-06-30 13:03,resolved,chat,C107516,VR905218,VA-EB-PL1,Charging & Battery,Normal,Chat Frontline,A3006,0,5.0,2124.0,GW-OTHER,Y,"Dear Sir/Madam,

I am writing with reference to my order of the Pulse buds (VR905218) placed on 05 Jun. No light comes on the case when I plug it in. I have tried 3 different cables. I request you to provide a resolution within 3 working days.

Sincerely,
Riya George
Surat","advised port cleaning, resolved. issue: case not charging. checked for lint in port. amount returned to card; fresh unit shipped from blr warehouse. -VB",helpdesk,0,2124.0,Varun Bhatt,Chat Frontline,1,VA-EB-PL1,1120,True,True,1460,3584.0,DOA-REPL,True,2026-06
